Variables: -1 -1 -1 -1 -1 -1 -1 -1 -1 -1 -1 -1 -1 -1 -1 -1 -1 -1 -1 -1 -1 -1 -1 -1 -1 -1 -1 -1 -1 -1 0 1 2 3 4 6 8 9 11 12 13 14 16 18 19 20 21 22 23 25 27 30 31 32 33 35 38 39 40 42 43 44 46 49 52 53 54 55 56 58 60 61 62 63 64 65 66 67 68 71 72 73 74 75 76 77 78 79 80 82 83 86 88 90 94 95 96 97 98 99 Objectives: 0.0 0.0 0.0 Constraints: 	AlgorithmAttributes: {}
,Variables: -1 -1 -1 -1 -1 -1 -1 -1 -1 -1 -1 -1 -1 -1 -1 -1 -1 -1 -1 -1 -1 -1 -1 -1 -1 -1 -1 -1 -1 -1 -1 -1 -1 -1 -1 -1 -1 -1 -1 -1 -1 0 1 2 4 8 12 13 16 18 20 21 22 25 26 27 28 29 30 31 32 34 35 37 38 39 42 43 45 46 48 49 50 52 53 55 56 58 61 62 63 65 66 69 71 72 73 75 78 79 80 81 84 85 89 90 92 94 96 97 Objectives: 0.0 0.0 0.0 Constraints: 	AlgorithmAttributes: {}

Variables: -1 -1 -1 -1 -1 -1 -1 -1 -1 -1 -1 -1 -1 -1 -1 -1 -1 -1 -1 -1 -1 -1 -1 -1 -1 -1 -1 1 2 3 4 6 7 10 11 12 13 15 19 20 21 23 24 25 28 29 30 31 32 33 34 36 37 38 39 40 41 42 43 44 46 47 48 49 51 52 53 54 55 56 57 58 59 60 62 64 65 66 67 68 69 70 72 73 75 76 77 78 79 80 83 86 88 89 91 93 95 96 97 98 Objectives: 0.0 0.0 0.0 Constraints: 	AlgorithmAttributes: {}
,Variables: -1 -1 -1 -1 -1 -1 -1 -1 -1 -1 -1 -1 -1 -1 -1 -1 -1 -1 -1 -1 -1 -1 -1 -1 -1 -1 -1 -1 -1 -1 -1 -1 -1 -1 -1 0 1 2 3 4 6 8 10 11 12 14 15 16 20 21 22 23 24 25 28 29 31 32 34 36 38 39 44 46 47 52 53 54 55 57 58 60 61 62 64 65 67 68 70 71 72 73 75 77 78 79 80 81 83 84 86 87 89 91 92 93 94 96 98 99 Objectives: 0.0 0.0 0.0 Constraints: 	AlgorithmAttributes: {}

Variables: -1 -1 -1 -1 -1 -1 -1 -1 -1 -1 -1 -1 -1 -1 -1 -1 -1 -1 -1 -1 -1 -1 -1 -1 -1 -1 -1 -1 -1 -1 -1 -1 -1 -1 -1 -1 -1 -1 -1 -1 -1 -1 -1 -1 -1 0 1 2 4 6 7 8 9 12 14 15 16 17 18 19 20 21 23 29 30 31 33 40 41 42 43 44 45 46 48 50 51 53 54 54 55 56 59 59 60 60 63 64 68 71 72 76 79 81 82 83 84 86 88 89 Objectives: 0.0 0.0 0.0 Constraints: 	AlgorithmAttributes: {}
,Variables: -1 -1 -1 -1 -1 -1 -1 -1 -1 -1 -1 -1 -1 -1 -1 -1 -1 -1 -1 -1 -1 -1 -1 -1 -1 -1 -1 -1 -1 -1 -1 -1 -1 -1 -1 -1 -1 -1 -1 -1 -1 -1 -1 -1 -1 -1 -1 -1 -1 -1 -1 -1 -1 -1 -1 -1 -1 -1 -1 -1 -1 -1 -1 -1 -1 -1 -1 -1 -1 -1 -1 -1 -1 -1 -1 -1 -1 -1 -1 -1 -1 -1 -1 -1 -1 -1 -1 -1 -1 -1 -1 -1 -1 -1 -1 -1 -1 -1 -1 -1 Objectives: 0.0 0.0 0.0 Constraints: 	AlgorithmAttributes: {}

Variables: -1 -1 -1 -1 -1 -1 -1 -1 -1 -1 -1 -1 -1 -1 -1 -1 -1 -1 -1 -1 -1 -1 -1 -1 -1 -1 -1 -1 -1 -1 -1 -1 -1 -1 -1 -1 -1 -1 -1 -1 -1 -1 -1 -1 -1 -1 -1 -1 -1 -1 -1 -1 -1 -1 -1 -1 -1 -1 -1 -1 -1 -1 -1 -1 -1 -1 -1 -1 -1 -1 -1 -1 -1 -1 -1 -1 -1 -1 -1 -1 -1 -1 -1 -1 -1 -1 -1 -1 -1 -1 -1 -1 -1 -1 -1 -1 -1 -1 -1 5 Objectives: 0.0 0.0 0.0 Constraints: 	AlgorithmAttributes: {}
,Variables: -1 -1 -1 -1 -1 -1 -1 -1 -1 -1 -1 -1 -1 -1 -1 -1 -1 -1 -1 -1 -1 -1 -1 -1 -1 -1 -1 -1 -1 -1 -1 -1 -1 -1 -1 -1 -1 -1 -1 -1 -1 -1 -1 -1 -1 -1 -1 -1 -1 -1 -1 -1 -1 -1 -1 -1 -1 -1 -1 -1 -1 -1 -1 -1 -1 -1 -1 -1 -1 -1 -1 -1 -1 -1 -1 -1 -1 -1 -1 -1 -1 -1 -1 -1 -1 -1 -1 -1 -1 -1 -1 -1 -1 -1 -1 -1 -1 -1 -1 60 Objectives: 0.0 0.0 0.0 Constraints: 	AlgorithmAttributes: {}

Variables: -1 -1 -1 -1 -1 -1 -1 -1 -1 -1 -1 -1 -1 -1 -1 -1 -1 -1 -1 -1 -1 -1 -1 -1 -1 -1 -1 -1 -1 -1 -1 -1 -1 -1 -1 -1 -1 -1 -1 -1 -1 -1 -1 -1 -1 -1 -1 -1 -1 -1 -1 -1 -1 -1 -1 -1 -1 -1 -1 -1 -1 -1 -1 -1 -1 -1 -1 -1 -1 -1 -1 -1 -1 -1 0 1 2 6 8 9 16 17 18 23 30 40 41 42 44 46 50 53 54 54 55 56 59 63 64 68 Objectives: 0.0 0.0 0.0 Constraints: 	AlgorithmAttributes: {}
,Variables: -1 -1 -1 -1 -1 -1 -1 -1 -1 -1 -1 -1 -1 -1 -1 -1 -1 -1 -1 -1 -1 -1 -1 -1 -1 -1 -1 -1 -1 -1 -1 -1 -1 -1 -1 -1 -1 -1 -1 -1 -1 -1 -1 -1 -1 -1 -1 -1 -1 -1 -1 -1 -1 -1 -1 -1 -1 -1 -1 -1 -1 -1 -1 -1 -1 -1 -1 -1 -1 -1 -1 -1 -1 -1 -1 -1 -1 -1 -1 -1 -1 -1 -1 -1 -1 -1 -1 -1 -1 -1 -1 -1 -1 -1 -1 -1 -1 -1 -1 60 Objectives: 0.0 0.0 0.0 Constraints: 	AlgorithmAttributes: {}

Variables: -1 -1 -1 -1 -1 -1 -1 -1 -1 -1 -1 -1 -1 -1 -1 -1 -1 -1 -1 -1 -1 -1 -1 -1 -1 -1 -1 -1 -1 -1 -1 -1 -1 -1 -1 -1 -1 -1 -1 0 1 2 4 5 6 7 8 10 11 12 13 14 15 17 18 19 20 21 23 24 25 26 27 28 29 30 31 32 33 37 38 39 41 42 43 44 46 47 48 49 51 54 55 56 57 58 60 62 64 65 66 67 68 69 70 73 82 83 85 92 Objectives: 0.0 0.0 0.0 Constraints: 	AlgorithmAttributes: {}
,Variables: -1 -1 -1 -1 -1 -1 -1 -1 -1 -1 -1 -1 -1 -1 -1 -1 -1 -1 -1 -1 -1 -1 -1 -1 -1 -1 -1 -1 -1 -1 -1 -1 -1 -1 -1 -1 -1 -1 -1 -1 -1 -1 -1 -1 -1 -1 -1 -1 -1 -1 -1 -1 -1 -1 -1 -1 -1 -1 -1 -1 -1 -1 -1 -1 -1 -1 -1 -1 -1 -1 -1 -1 -1 -1 -1 -1 -1 -1 -1 -1 -1 -1 -1 -1 -1 -1 0 2 3 6 8 11 14 15 20 21 22 50 54 59 Objectives: 0.0 0.0 0.0 Constraints: 	AlgorithmAttributes: {}

Variables: -1 -1 -1 -1 -1 -1 -1 -1 -1 -1 -1 -1 -1 -1 -1 -1 -1 -1 -1 -1 -1 -1 -1 -1 -1 -1 -1 -1 -1 -1 -1 -1 -1 -1 -1 -1 -1 -1 -1 -1 -1 -1 -1 -1 -1 -1 -1 -1 -1 -1 -1 -1 -1 -1 -1 -1 -1 -1 0 1 2 4 6 7 14 17 19 20 21 30 33 37 40 41 43 44 45 46 48 50 51 53 57 58 59 60 61 61 63 68 71 71 72 77 78 82 83 90 95 97 Objectives: 0.0 0.0 0.0 Constraints: 	AlgorithmAttributes: {}
,Variables: -1 -1 -1 -1 -1 -1 -1 -1 -1 -1 -1 -1 -1 -1 -1 -1 -1 -1 -1 -1 -1 -1 -1 -1 -1 -1 -1 -1 -1 -1 -1 -1 -1 -1 -1 -1 -1 -1 -1 -1 -1 -1 -1 -1 -1 -1 -1 -1 -1 -1 -1 -1 -1 -1 -1 -1 -1 -1 -1 -1 -1 -1 -1 -1 -1 -1 -1 -1 -1 -1 -1 -1 -1 -1 -1 -1 -1 -1 -1 -1 -1 -1 -1 -1 -1 -1 -1 -1 -1 -1 -1 -1 -1 -1 -1 -1 -1 -1 -1 4 Objectives: 0.0 0.0 0.0 Constraints: 	AlgorithmAttributes: {}

Variables: -1 -1 -1 -1 -1 -1 -1 -1 -1 -1 -1 -1 -1 -1 -1 -1 -1 -1 -1 -1 -1 -1 -1 -1 -1 -1 -1 -1 -1 -1 -1 -1 -1 -1 -1 -1 -1 -1 -1 -1 -1 -1 0 1 2 3 4 5 6 7 9 10 11 12 13 14 15 16 17 19 21 24 25 28 30 31 32 33 34 36 37 38 41 44 46 47 48 49 51 52 53 54 55 56 57 58 59 65 67 68 69 70 72 73 76 78 79 80 83 86 Objectives: 0.0 0.0 0.0 Constraints: 	AlgorithmAttributes: {}
,Variables: -1 -1 -1 -1 -1 -1 -1 -1 -1 -1 -1 -1 -1 -1 -1 -1 -1 -1 -1 -1 -1 -1 -1 -1 -1 -1 -1 -1 -1 -1 -1 -1 -1 -1 -1 -1 -1 -1 -1 -1 -1 -1 -1 -1 -1 -1 -1 -1 -1 -1 -1 -1 -1 -1 -1 -1 -1 -1 -1 -1 -1 -1 -1 -1 -1 -1 -1 -1 -1 -1 -1 -1 -1 -1 -1 -1 -1 -1 1 2 3 4 10 11 12 14 15 16 20 21 22 23 25 28 31 34 36 44 46 60 Objectives: 0.0 0.0 0.0 Constraints: 	AlgorithmAttributes: {}

Variables: -1 -1 -1 -1 -1 -1 -1 -1 -1 -1 -1 -1 -1 -1 -1 -1 -1 -1 -1 -1 -1 -1 -1 -1 -1 -1 -1 -1 -1 -1 -1 -1 -1 -1 -1 -1 -1 -1 -1 -1 -1 1 2 3 4 6 7 10 11 12 13 15 19 20 21 23 25 28 29 31 32 33 34 36 37 38 40 41 42 43 44 46 47 49 51 52 53 54 55 57 58 59 62 66 68 69 70 72 73 76 79 80 83 86 89 93 95 96 97 98 Objectives: 0.0 0.0 0.0 Constraints: 	AlgorithmAttributes: {}
,Variables: -1 -1 -1 -1 -1 -1 -1 -1 -1 -1 -1 -1 -1 -1 -1 -1 -1 -1 -1 -1 -1 -1 -1 -1 -1 -1 -1 -1 -1 -1 -1 -1 -1 -1 -1 -1 -1 -1 -1 -1 -1 -1 -1 -1 -1 -1 1 2 3 4 6 8 10 11 12 14 15 16 21 22 23 25 28 29 32 36 38 39 44 46 52 54 55 57 58 60 61 62 64 65 67 68 70 72 73 75 77 78 79 80 81 83 86 87 89 91 93 96 98 99 Objectives: 0.0 0.0 0.0 Constraints: 	AlgorithmAttributes: {}

Variables: -1 -1 -1 -1 -1 -1 -1 -1 -1 -1 -1 -1 -1 -1 -1 -1 -1 -1 -1 -1 -1 -1 -1 -1 -1 -1 -1 -1 -1 -1 -1 -1 -1 -1 -1 -1 -1 -1 -1 -1 -1 -1 -1 -1 1 2 3 4 6 7 11 12 13 15 19 20 21 23 28 30 31 32 33 34 36 37 39 40 43 44 46 46 47 48 48 49 51 52 53 54 54 55 56 59 60 69 70 75 76 77 78 79 80 82 87 89 90 93 97 98 Objectives: 0.0 0.0 0.0 Constraints: 	AlgorithmAttributes: {}
,Variables: -1 -1 -1 -1 -1 -1 -1 -1 -1 -1 -1 -1 -1 -1 -1 -1 -1 -1 -1 -1 -1 -1 -1 -1 -1 -1 -1 -1 -1 -1 -1 -1 -1 -1 -1 -1 -1 -1 -1 -1 -1 -1 -1 -1 -1 -1 -1 -1 -1 -1 -1 -1 -1 -1 -1 -1 -1 -1 -1 -1 -1 -1 -1 -1 -1 -1 -1 -1 -1 -1 -1 -1 -1 -1 -1 -1 -1 -1 -1 -1 -1 -1 -1 -1 -1 -1 -1 0 4 6 8 10 11 12 14 16 21 23 25 96 Objectives: 0.0 0.0 0.0 Constraints: 	AlgorithmAttributes: {}

Variables: -1 -1 -1 -1 -1 -1 -1 -1 -1 -1 -1 -1 -1 -1 -1 -1 -1 -1 -1 -1 -1 -1 -1 -1 -1 -1 -1 -1 -1 -1 -1 -1 -1 -1 -1 -1 -1 -1 -1 -1 -1 -1 -1 1 3 4 6 7 10 12 15 19 20 21 23 24 25 28 29 30 32 34 37 38 39 40 41 42 43 44 46 47 49 51 53 54 55 56 57 59 62 65 68 69 70 72 73 75 76 78 80 83 88 89 91 93 95 96 97 98 Objectives: 0.0 0.0 0.0 Constraints: 	AlgorithmAttributes: {}
,Variables: -1 -1 -1 -1 -1 -1 -1 -1 -1 -1 -1 -1 -1 -1 -1 -1 -1 -1 -1 -1 -1 -1 -1 -1 -1 -1 -1 -1 -1 -1 -1 -1 -1 -1 -1 -1 -1 -1 -1 -1 -1 -1 -1 -1 -1 -1 -1 -1 -1 -1 -1 -1 -1 -1 -1 -1 -1 -1 -1 -1 -1 -1 -1 -1 -1 -1 -1 -1 -1 -1 -1 -1 -1 -1 -1 -1 -1 -1 -1 -1 -1 -1 -1 -1 -1 -1 -1 -1 -1 -1 -1 80 83 84 86 92 94 96 98 99 Objectives: 0.0 0.0 0.0 Constraints: 	AlgorithmAttributes: {}

Variables: -1 -1 -1 -1 -1 -1 -1 -1 -1 -1 -1 -1 -1 -1 -1 -1 -1 -1 -1 -1 -1 -1 -1 -1 -1 -1 -1 -1 -1 -1 -1 -1 -1 -1 -1 -1 -1 -1 -1 -1 -1 -1 -1 -1 -1 -1 -1 -1 -1 -1 -1 -1 -1 -1 -1 -1 -1 -1 -1 -1 2 3 5 10 13 17 19 22 23 28 31 37 38 42 43 52 53 57 58 59 60 61 64 66 67 68 69 70 73 74 76 77 82 87 88 89 90 91 93 96 Objectives: 0.0 0.0 0.0 Constraints: 	AlgorithmAttributes: {}
,Variables: -1 -1 -1 -1 -1 -1 -1 -1 -1 -1 -1 -1 -1 -1 -1 -1 -1 -1 -1 -1 -1 -1 -1 -1 -1 -1 -1 -1 -1 -1 -1 -1 -1 -1 -1 -1 -1 -1 -1 -1 -1 -1 -1 -1 -1 -1 -1 -1 -1 -1 -1 -1 -1 -1 0 3 4 5 9 11 14 18 21 22 23 25 26 27 28 30 32 34 36 38 41 44 45 46 47 49 51 52 53 57 58 60 64 65 67 69 70 74 78 79 83 86 91 95 98 99 Objectives: 0.0 0.0 0.0 Constraints: 	AlgorithmAttributes: {}

Variables: -1 -1 -1 -1 -1 -1 -1 -1 -1 -1 -1 -1 -1 -1 -1 -1 -1 -1 -1 -1 -1 -1 -1 -1 -1 -1 -1 -1 -1 -1 -1 -1 -1 -1 -1 -1 1 2 3 4 7 10 11 12 13 15 19 20 21 23 24 25 28 29 30 31 32 33 34 36 37 40 41 43 46 47 48 49 51 52 53 53 54 55 57 59 60 62 64 65 66 67 68 69 70 72 73 75 76 78 79 80 83 86 88 89 91 93 95 96 Objectives: 0.0 0.0 0.0 Constraints: 	AlgorithmAttributes: {}
,Variables: -1 -1 -1 -1 -1 -1 -1 -1 -1 -1 -1 -1 -1 -1 -1 -1 -1 -1 -1 -1 -1 -1 -1 -1 -1 -1 -1 -1 -1 -1 -1 -1 -1 -1 -1 -1 -1 -1 -1 -1 -1 -1 -1 -1 -1 -1 -1 -1 -1 -1 -1 -1 -1 -1 -1 -1 -1 -1 -1 -1 0 1 4 5 6 8 10 11 15 20 21 23 24 25 28 29 31 32 34 36 38 39 44 47 52 55 58 60 61 62 64 65 68 71 72 73 75 78 79 84 Objectives: 0.0 0.0 0.0 Constraints: 	AlgorithmAttributes: {}

Variables: -1 -1 -1 -1 -1 -1 -1 -1 -1 -1 -1 -1 -1 -1 -1 -1 -1 -1 -1 -1 -1 -1 -1 -1 -1 -1 -1 -1 -1 -1 -1 -1 -1 -1 -1 -1 -1 -1 -1 -1 -1 -1 -1 -1 0 1 2 3 4 6 9 12 13 16 18 20 21 22 27 30 31 32 38 39 42 43 44 46 49 52 54 55 56 60 61 62 63 64 65 66 67 71 72 73 74 76 77 78 79 80 82 83 86 88 94 95 96 97 98 99 Objectives: 0.0 0.0 0.0 Constraints: 	AlgorithmAttributes: {}
,Variables: -1 -1 -1 -1 -1 -1 -1 -1 -1 -1 -1 -1 -1 -1 -1 -1 -1 -1 -1 -1 -1 -1 -1 -1 -1 -1 -1 -1 -1 -1 -1 -1 -1 -1 -1 -1 -1 -1 -1 -1 -1 -1 -1 -1 -1 -1 -1 -1 -1 -1 -1 -1 -1 -1 -1 -1 -1 -1 -1 -1 -1 -1 -1 -1 -1 -1 -1 -1 -1 -1 -1 -1 -1 -1 -1 -1 -1 -1 -1 -1 -1 -1 -1 62 63 65 66 69 71 72 73 79 80 81 84 85 89 90 94 96 Objectives: 0.0 0.0 0.0 Constraints: 	AlgorithmAttributes: {}

Variables: -1 -1 -1 -1 -1 -1 -1 -1 -1 -1 -1 -1 -1 -1 -1 -1 -1 -1 -1 -1 -1 -1 -1 -1 -1 -1 -1 -1 -1 -1 -1 -1 -1 -1 -1 -1 -1 -1 -1 -1 -1 -1 -1 0 3 4 6 9 11 13 14 16 18 19 20 21 22 25 27 30 31 32 35 38 39 40 42 43 44 49 52 54 55 56 58 60 62 63 65 66 67 68 72 73 74 75 76 77 78 80 82 86 88 90 94 95 96 97 98 99 Objectives: 0.0 0.0 0.0 Constraints: 	AlgorithmAttributes: {}
,Variables: -1 -1 -1 -1 -1 -1 -1 -1 -1 -1 -1 -1 -1 -1 -1 -1 -1 -1 -1 -1 -1 -1 -1 -1 -1 -1 -1 -1 -1 -1 -1 -1 -1 -1 -1 -1 -1 -1 -1 -1 -1 -1 -1 -1 -1 -1 -1 -1 -1 -1 -1 -1 -1 -1 -1 -1 -1 -1 -1 -1 -1 -1 -1 -1 -1 -1 -1 -1 -1 -1 -1 -1 -1 -1 -1 -1 -1 -1 -1 -1 -1 -1 -1 -1 -1 -1 -1 -1 -1 69 72 73 75 78 79 84 85 89 92 97 Objectives: 0.0 0.0 0.0 Constraints: 	AlgorithmAttributes: {}

Variables: -1 -1 -1 -1 -1 -1 -1 -1 -1 -1 -1 -1 -1 -1 -1 -1 -1 -1 -1 -1 -1 -1 -1 -1 -1 -1 -1 -1 -1 -1 -1 -1 -1 -1 -1 -1 -1 -1 -1 -1 -1 -1 -1 -1 -1 1 2 3 6 8 12 13 16 18 19 20 21 22 23 25 31 35 38 39 40 41 42 42 43 43 44 46 49 49 51 52 53 54 54 55 55 56 57 58 59 59 60 60 64 65 67 68 68 69 73 76 79 81 83 85 Objectives: 0.0 0.0 0.0 Constraints: 	AlgorithmAttributes: {}
,Variables: -1 -1 -1 -1 -1 -1 -1 -1 -1 -1 -1 -1 -1 -1 -1 -1 -1 -1 -1 -1 -1 -1 -1 -1 -1 -1 -1 -1 -1 -1 -1 -1 -1 -1 -1 -1 -1 -1 -1 -1 -1 -1 -1 -1 -1 -1 -1 -1 -1 -1 -1 -1 -1 -1 -1 -1 -1 -1 -1 -1 -1 -1 -1 -1 -1 -1 -1 -1 -1 -1 -1 -1 -1 -1 -1 -1 -1 -1 -1 -1 -1 -1 -1 -1 -1 -1 -1 -1 -1 -1 -1 -1 0 2 4 6 21 22 50 59 Objectives: 0.0 0.0 0.0 Constraints: 	AlgorithmAttributes: {}

Variables: -1 -1 -1 -1 -1 -1 -1 -1 -1 -1 -1 -1 -1 -1 -1 -1 -1 -1 -1 -1 -1 -1 -1 -1 -1 -1 -1 -1 -1 -1 -1 -1 -1 -1 -1 0 1 3 8 10 11 13 14 15 16 18 19 20 21 23 24 27 28 30 31 33 34 40 41 42 43 44 46 48 49 50 51 52 55 56 59 60 61 62 67 68 69 70 72 73 74 75 76 78 79 81 82 83 84 86 88 89 90 92 93 94 96 97 98 99 Objectives: 0.0 0.0 0.0 Constraints: 	AlgorithmAttributes: {}
,Variables: -1 -1 -1 -1 -1 -1 -1 -1 -1 -1 -1 -1 -1 -1 -1 -1 -1 -1 -1 -1 -1 -1 -1 -1 -1 -1 -1 -1 -1 -1 -1 -1 -1 -1 -1 -1 -1 -1 -1 -1 -1 -1 -1 0 1 3 6 8 9 13 14 17 19 21 24 25 26 27 31 32 33 34 35 36 37 38 42 43 44 46 50 51 52 53 55 57 58 61 63 64 65 66 68 75 76 77 78 79 81 83 84 87 90 91 93 94 96 97 98 99 Objectives: 0.0 0.0 0.0 Constraints: 	AlgorithmAttributes: {}

Variables: -1 -1 -1 -1 -1 -1 -1 -1 -1 -1 -1 -1 -1 -1 -1 -1 -1 -1 -1 -1 -1 -1 -1 -1 -1 -1 -1 -1 -1 -1 -1 -1 -1 -1 -1 -1 -1 -1 -1 -1 -1 -1 -1 -1 1 3 4 6 10 11 12 13 15 19 23 24 30 31 32 33 36 37 38 39 40 42 43 46 47 49 51 52 53 54 56 57 59 60 62 64 65 66 67 68 70 72 73 75 76 77 79 80 83 86 89 91 93 95 96 97 Objectives: 0.0 0.0 0.0 Constraints: 	AlgorithmAttributes: {}
,Variables: -1 -1 -1 -1 -1 -1 -1 -1 -1 -1 -1 -1 -1 -1 -1 -1 -1 -1 -1 -1 -1 -1 -1 -1 -1 -1 -1 -1 -1 -1 -1 -1 -1 -1 -1 -1 -1 -1 -1 -1 -1 -1 -1 -1 -1 -1 -1 -1 -1 1 2 3 4 6 8 11 12 14 15 22 23 24 25 28 29 34 36 38 44 46 47 52 53 54 55 57 58 60 61 62 64 65 67 68 70 71 72 73 75 77 78 79 80 81 83 84 86 87 89 94 Objectives: 0.0 0.0 0.0 Constraints: 	AlgorithmAttributes: {}

Variables: -1 -1 -1 -1 -1 -1 -1 -1 -1 -1 -1 -1 -1 -1 -1 -1 -1 -1 -1 -1 -1 -1 -1 -1 -1 -1 -1 -1 -1 -1 -1 -1 -1 -1 -1 -1 -1 -1 -1 -1 -1 -1 -1 -1 -1 -1 0 4 7 9 14 15 16 17 19 20 21 23 24 25 26 28 29 32 34 36 39 41 42 43 44 44 45 46 46 46 47 48 49 50 51 51 54 54 55 56 57 58 60 60 64 65 66 67 69 70 82 83 85 92 Objectives: 0.0 0.0 0.0 Constraints: 	AlgorithmAttributes: {}
,Variables: -1 -1 -1 -1 -1 -1 -1 -1 -1 -1 -1 -1 -1 -1 -1 -1 -1 -1 -1 -1 -1 -1 -1 -1 -1 -1 -1 -1 -1 -1 -1 -1 -1 -1 -1 -1 -1 -1 -1 -1 -1 -1 -1 -1 -1 -1 -1 -1 -1 -1 -1 -1 -1 -1 -1 -1 -1 -1 -1 -1 -1 -1 -1 -1 -1 -1 -1 -1 -1 -1 -1 -1 -1 -1 -1 -1 -1 -1 -1 -1 -1 -1 0 1 4 7 9 10 11 12 14 20 22 24 25 27 31 33 50 59 Objectives: 0.0 0.0 0.0 Constraints: 	AlgorithmAttributes: {}

Variables: -1 -1 -1 -1 -1 -1 -1 -1 -1 -1 -1 -1 -1 -1 -1 -1 -1 -1 -1 -1 -1 -1 -1 -1 -1 -1 -1 -1 -1 -1 -1 -1 -1 -1 -1 -1 -1 -1 -1 -1 -1 -1 -1 -1 -1 -1 -1 -1 0 3 5 6 9 10 11 15 16 17 18 19 21 22 24 26 29 32 34 35 37 39 41 42 43 44 45 46 49 52 54 57 58 59 59 60 60 60 61 62 64 65 68 68 69 73 76 79 81 83 84 85 Objectives: 0.0 0.0 0.0 Constraints: 	AlgorithmAttributes: {}
,Variables: -1 -1 -1 -1 -1 -1 -1 -1 -1 -1 -1 -1 -1 -1 -1 -1 -1 -1 -1 -1 -1 -1 -1 -1 -1 -1 -1 -1 -1 -1 -1 -1 -1 -1 -1 -1 -1 -1 -1 -1 -1 -1 -1 -1 -1 -1 -1 -1 -1 -1 -1 -1 -1 -1 -1 -1 -1 -1 -1 -1 -1 -1 -1 -1 -1 -1 -1 -1 -1 -1 -1 -1 -1 -1 -1 -1 -1 -1 -1 -1 -1 -1 -1 -1 -1 -1 -1 -1 -1 -1 -1 0 1 3 7 12 14 21 22 50 Objectives: 0.0 0.0 0.0 Constraints: 	AlgorithmAttributes: {}

Variables: -1 -1 -1 -1 -1 -1 -1 -1 -1 -1 -1 -1 -1 -1 -1 -1 -1 -1 -1 -1 -1 -1 -1 -1 -1 -1 -1 -1 -1 -1 -1 -1 -1 -1 -1 -1 -1 -1 -1 -1 -1 -1 -1 -1 -1 -1 1 3 4 6 7 8 9 10 11 12 13 14 16 19 20 21 23 24 25 27 29 30 31 32 33 35 36 37 38 39 40 41 42 43 44 45 46 47 48 49 50 51 52 53 54 57 59 62 70 76 85 87 90 96 Objectives: 0.0 0.0 0.0 Constraints: 	AlgorithmAttributes: {}
,Variables: -1 -1 -1 -1 -1 -1 -1 -1 -1 -1 -1 -1 -1 -1 -1 -1 -1 -1 -1 -1 -1 -1 -1 -1 -1 -1 -1 -1 -1 -1 -1 -1 -1 -1 -1 -1 -1 -1 -1 -1 -1 -1 -1 -1 -1 -1 -1 -1 -1 -1 -1 -1 -1 -1 -1 -1 -1 -1 -1 -1 -1 -1 -1 -1 -1 -1 -1 -1 -1 -1 -1 -1 -1 -1 -1 -1 -1 -1 -1 -1 -1 -1 -1 -1 -1 -1 -1 -1 -1 -1 -1 36 48 58 64 65 76 83 89 97 Objectives: 0.0 0.0 0.0 Constraints: 	AlgorithmAttributes: {}

Variables: -1 -1 -1 -1 -1 -1 -1 -1 -1 -1 -1 -1 -1 -1 -1 -1 -1 -1 -1 -1 -1 -1 -1 -1 -1 -1 -1 -1 -1 -1 -1 -1 -1 -1 -1 -1 -1 -1 -1 -1 -1 -1 -1 -1 -1 0 1 2 3 4 6 8 9 11 12 13 14 16 18 19 20 21 22 25 27 30 31 33 35 39 40 42 43 46 49 52 53 54 55 56 58 60 61 62 63 64 68 71 72 74 75 77 78 80 82 83 90 94 95 97 Objectives: 0.0 0.0 0.0 Constraints: 	AlgorithmAttributes: {}
,Variables: -1 -1 -1 -1 -1 -1 -1 -1 -1 -1 -1 -1 -1 -1 -1 -1 -1 -1 -1 -1 -1 -1 -1 -1 -1 -1 -1 -1 -1 -1 -1 -1 -1 -1 -1 -1 -1 -1 -1 -1 -1 -1 -1 -1 -1 -1 -1 -1 -1 -1 -1 -1 -1 -1 -1 -1 -1 -1 -1 -1 -1 -1 -1 -1 -1 -1 -1 -1 -1 -1 -1 -1 -1 -1 -1 -1 -1 -1 -1 -1 -1 -1 -1 -1 -1 -1 -1 -1 -1 -1 -1 -1 -1 -1 -1 4 92 94 96 97 Objectives: 0.0 0.0 0.0 Constraints: 	AlgorithmAttributes: {}

Variables: -1 -1 -1 -1 -1 -1 -1 -1 -1 -1 -1 -1 -1 -1 -1 -1 -1 -1 -1 -1 -1 -1 -1 -1 -1 -1 -1 -1 -1 -1 -1 -1 -1 -1 -1 -1 -1 -1 -1 -1 -1 -1 -1 -1 -1 -1 -1 -1 -1 0 4 7 8 9 10 15 17 20 21 23 24 28 29 30 34 35 36 39 41 42 42 43 43 44 44 46 47 49 49 51 52 53 54 54 55 55 56 57 58 59 60 64 65 67 68 69 73 76 83 85 Objectives: 0.0 0.0 0.0 Constraints: 	AlgorithmAttributes: {}
,Variables: -1 -1 -1 -1 -1 -1 -1 -1 -1 -1 -1 -1 -1 -1 -1 -1 -1 -1 -1 -1 -1 -1 -1 -1 -1 -1 -1 -1 -1 -1 -1 -1 -1 -1 -1 -1 -1 -1 -1 -1 -1 -1 -1 -1 -1 -1 -1 -1 -1 -1 -1 -1 -1 -1 -1 -1 -1 -1 -1 -1 -1 -1 -1 -1 -1 -1 -1 -1 -1 -1 -1 -1 -1 -1 -1 -1 -1 -1 -1 -1 -1 -1 -1 -1 -1 -1 -1 -1 -1 -1 -1 -1 -1 -1 -1 0 4 6 21 50 Objectives: 0.0 0.0 0.0 Constraints: 	AlgorithmAttributes: {}

Variables: -1 -1 -1 -1 -1 -1 -1 -1 -1 -1 -1 -1 -1 -1 -1 -1 -1 -1 -1 -1 -1 -1 -1 -1 -1 -1 -1 -1 -1 -1 -1 -1 -1 -1 0 1 2 4 6 7 8 9 12 14 15 16 17 18 19 20 21 23 29 30 31 33 36 37 40 41 42 43 44 45 46 48 50 51 53 54 55 56 57 59 60 61 62 63 64 66 67 68 71 72 73 76 77 79 81 82 83 84 86 88 89 90 91 92 94 96 Objectives: 0.0 0.0 0.0 Constraints: 	AlgorithmAttributes: {}
,Variables: -1 -1 -1 -1 -1 -1 -1 -1 -1 -1 -1 -1 -1 -1 -1 -1 -1 -1 -1 -1 -1 -1 -1 -1 -1 -1 -1 -1 -1 -1 -1 -1 -1 -1 -1 -1 -1 -1 -1 -1 -1 -1 -1 -1 -1 0 2 7 10 11 12 14 17 18 19 22 23 24 25 26 30 31 32 33 34 35 39 40 41 45 46 47 48 50 51 52 54 57 58 59 60 62 63 64 65 68 70 71 73 75 80 81 86 87 89 90 93 94 95 98 Objectives: 0.0 0.0 0.0 Constraints: 	AlgorithmAttributes: {}

Variables: -1 -1 -1 -1 -1 -1 -1 -1 -1 -1 -1 -1 -1 -1 -1 -1 -1 -1 -1 -1 -1 -1 -1 -1 -1 -1 -1 -1 -1 -1 -1 -1 -1 -1 -1 -1 -1 -1 -1 -1 -1 -1 -1 0 3 7 8 9 11 14 15 16 17 18 19 20 21 22 23 24 25 28 29 30 31 32 33 34 36 37 38 39 40 41 42 43 44 45 46 47 50 51 55 56 57 58 59 60 61 62 63 64 65 66 67 71 84 85 93 95 Objectives: 0.0 0.0 0.0 Constraints: 	AlgorithmAttributes: {}
,Variables: -1 -1 -1 -1 -1 -1 -1 -1 -1 -1 -1 -1 -1 -1 -1 -1 -1 -1 -1 -1 -1 -1 -1 -1 -1 -1 -1 -1 -1 -1 -1 -1 -1 -1 -1 -1 -1 -1 -1 -1 -1 -1 -1 -1 -1 -1 -1 -1 -1 -1 -1 -1 -1 -1 -1 -1 -1 -1 -1 -1 -1 -1 -1 -1 -1 -1 -1 -1 -1 -1 -1 -1 -1 -1 -1 -1 1 2 3 4 7 10 11 14 16 20 21 22 23 25 30 35 46 60 62 63 67 76 83 98 Objectives: 0.0 0.0 0.0 Constraints: 	AlgorithmAttributes: {}

Variables: -1 -1 -1 -1 -1 -1 -1 -1 -1 -1 -1 -1 -1 -1 -1 -1 -1 -1 -1 -1 -1 -1 -1 -1 -1 -1 -1 -1 -1 -1 -1 -1 -1 -1 -1 -1 -1 -1 -1 -1 -1 -1 -1 -1 -1 -1 -1 -1 -1 -1 -1 -1 -1 -1 -1 -1 -1 -1 -1 -1 -1 -1 -1 -1 -1 -1 -1 -1 -1 -1 -1 -1 -1 -1 -1 -1 -1 -1 1 2 8 9 16 17 18 23 30 40 41 44 46 50 53 54 54 55 56 63 64 68 Objectives: 0.0 0.0 0.0 Constraints: 	AlgorithmAttributes: {}
,Variables: -1 -1 -1 -1 -1 -1 -1 -1 -1 -1 -1 -1 -1 -1 -1 -1 -1 -1 -1 -1 -1 -1 -1 -1 -1 -1 -1 -1 -1 -1 -1 -1 -1 -1 -1 -1 -1 -1 -1 -1 -1 -1 -1 -1 -1 -1 -1 -1 -1 -1 -1 -1 -1 -1 -1 -1 -1 -1 -1 -1 -1 -1 -1 -1 -1 -1 -1 -1 -1 -1 -1 -1 -1 -1 -1 -1 -1 -1 -1 -1 -1 -1 -1 -1 -1 -1 -1 -1 -1 -1 -1 -1 -1 -1 -1 -1 -1 -1 -1 60 Objectives: 0.0 0.0 0.0 Constraints: 	AlgorithmAttributes: {}

Variables: -1 -1 -1 -1 -1 -1 -1 -1 -1 -1 -1 -1 -1 -1 -1 -1 -1 -1 -1 -1 -1 -1 -1 -1 -1 -1 -1 -1 -1 -1 -1 -1 -1 -1 0 3 5 6 9 10 11 12 15 16 17 18 19 21 22 23 24 25 26 28 29 32 34 35 36 37 39 41 42 43 44 45 46 47 48 49 50 52 54 57 59 60 61 62 64 68 69 70 72 73 74 75 76 77 78 79 80 82 85 87 89 90 93 96 97 98 Objectives: 0.0 0.0 0.0 Constraints: 	AlgorithmAttributes: {}
,Variables: -1 -1 -1 -1 -1 -1 -1 -1 -1 -1 -1 -1 -1 -1 -1 -1 -1 -1 -1 -1 -1 -1 -1 -1 -1 -1 -1 -1 -1 -1 -1 -1 -1 -1 -1 -1 -1 -1 -1 -1 -1 -1 -1 -1 1 3 4 6 11 12 13 14 15 20 24 25 27 30 32 33 34 35 36 39 43 44 47 48 50 53 54 56 57 58 61 62 64 65 67 69 70 71 72 75 76 77 79 80 83 84 86 87 89 91 92 93 95 96 97 98 Objectives: 0.0 0.0 0.0 Constraints: 	AlgorithmAttributes: {}

Variables: -1 -1 -1 -1 -1 -1 -1 -1 -1 -1 -1 -1 -1 -1 -1 -1 -1 -1 -1 -1 -1 -1 -1 -1 -1 -1 -1 -1 -1 -1 -1 -1 -1 -1 -1 -1 -1 -1 -1 -1 -1 -1 -1 -1 -1 -1 -1 -1 -1 -1 -1 -1 -1 -1 -1 -1 -1 -1 -1 -1 -1 -1 -1 -1 -1 -1 -1 -1 -1 -1 -1 -1 -1 -1 -1 -1 -1 -1 -1 -1 -1 -1 -1 0 1 2 8 9 18 23 30 41 42 44 46 50 54 54 56 59 Objectives: 0.0 0.0 0.0 Constraints: 	AlgorithmAttributes: {}
,Variables: -1 -1 -1 -1 -1 -1 -1 -1 -1 -1 -1 -1 -1 -1 -1 -1 -1 -1 -1 -1 -1 -1 -1 -1 -1 -1 -1 -1 -1 -1 -1 -1 -1 -1 -1 -1 -1 -1 -1 -1 -1 -1 -1 -1 -1 -1 -1 -1 -1 -1 -1 -1 -1 -1 -1 -1 -1 -1 -1 -1 -1 -1 -1 -1 -1 -1 -1 -1 -1 -1 -1 -1 -1 -1 -1 -1 -1 -1 -1 -1 -1 -1 -1 -1 -1 -1 -1 -1 -1 -1 -1 -1 -1 -1 -1 -1 -1 -1 -1 60 Objectives: 0.0 0.0 0.0 Constraints: 	AlgorithmAttributes: {}

Variables: -1 -1 -1 -1 -1 -1 -1 -1 -1 -1 -1 -1 -1 -1 -1 -1 -1 -1 -1 -1 -1 -1 -1 -1 -1 -1 -1 -1 -1 -1 -1 -1 -1 -1 -1 -1 -1 -1 -1 -1 -1 -1 -1 -1 -1 -1 -1 0 2 4 5 7 9 10 12 19 20 22 26 27 28 29 33 37 38 41 42 43 45 47 49 51 53 54 55 56 57 58 60 61 62 64 65 66 67 69 72 75 76 77 81 82 86 89 90 94 95 96 98 99 Objectives: 0.0 0.0 0.0 Constraints: 	AlgorithmAttributes: {}
,Variables: -1 -1 -1 -1 -1 -1 -1 -1 -1 -1 -1 -1 -1 -1 -1 -1 -1 -1 -1 -1 -1 -1 -1 -1 -1 -1 -1 -1 -1 -1 -1 -1 -1 -1 -1 -1 -1 -1 -1 -1 -1 -1 -1 -1 -1 -1 -1 -1 -1 -1 -1 -1 -1 -1 -1 -1 -1 -1 -1 -1 -1 -1 -1 -1 -1 -1 -1 -1 -1 -1 -1 -1 -1 -1 -1 -1 -1 -1 -1 -1 -1 -1 -1 -1 -1 -1 -1 -1 -1 -1 -1 -1 -1 -1 -1 -1 90 91 98 99 Objectives: 0.0 0.0 0.0 Constraints: 	AlgorithmAttributes: {}

Variables: -1 -1 -1 -1 -1 -1 -1 -1 -1 -1 -1 -1 -1 -1 -1 -1 -1 -1 -1 -1 -1 -1 -1 -1 -1 -1 -1 -1 -1 -1 -1 -1 -1 -1 -1 -1 -1 -1 -1 -1 -1 -1 -1 -1 -1 -1 -1 -1 1 4 7 10 11 12 13 15 19 20 21 23 24 28 29 30 31 32 34 36 37 38 39 41 42 43 44 46 47 49 51 52 54 55 59 60 65 66 69 70 73 75 77 83 86 88 89 91 93 95 96 97 Objectives: 0.0 0.0 0.0 Constraints: 	AlgorithmAttributes: {}
,Variables: -1 -1 -1 -1 -1 -1 -1 -1 -1 -1 -1 -1 -1 -1 -1 -1 -1 -1 -1 -1 -1 -1 -1 -1 -1 -1 -1 -1 -1 -1 -1 -1 -1 -1 -1 -1 -1 -1 -1 -1 -1 -1 -1 -1 -1 -1 -1 -1 -1 -1 -1 -1 -1 -1 -1 -1 -1 -1 -1 -1 -1 -1 -1 -1 -1 -1 -1 -1 -1 -1 -1 -1 -1 -1 -1 -1 -1 -1 -1 -1 -1 -1 -1 -1 -1 -1 -1 -1 -1 -1 -1 -1 36 48 58 65 76 96 98 99 Objectives: 0.0 0.0 0.0 Constraints: 	AlgorithmAttributes: {}

Variables: -1 -1 -1 -1 -1 -1 -1 -1 -1 -1 -1 -1 -1 -1 -1 -1 -1 -1 -1 -1 -1 -1 -1 -1 -1 -1 -1 -1 -1 -1 -1 -1 -1 -1 -1 -1 -1 -1 -1 -1 -1 -1 -1 -1 -1 0 1 2 4 7 8 12 15 16 20 21 23 29 30 32 33 36 36 37 37 38 40 41 41 42 42 44 45 46 48 50 52 54 56 57 60 62 65 66 67 71 72 74 75 80 81 82 88 89 91 92 93 96 98 99 Objectives: 0.0 0.0 0.0 Constraints: 	AlgorithmAttributes: {}
,Variables: -1 -1 -1 -1 -1 -1 -1 -1 -1 -1 -1 -1 -1 -1 -1 -1 -1 -1 -1 -1 -1 -1 -1 -1 -1 -1 -1 -1 -1 -1 -1 -1 -1 -1 -1 -1 -1 -1 -1 -1 -1 -1 -1 -1 -1 -1 -1 -1 -1 -1 -1 -1 -1 -1 -1 -1 -1 -1 -1 -1 -1 -1 -1 -1 -1 -1 -1 -1 -1 -1 -1 -1 -1 -1 -1 -1 -1 -1 -1 -1 -1 35 37 42 46 50 57 58 60 61 65 69 70 71 79 82 87 88 96 97 Objectives: 0.0 0.0 0.0 Constraints: 	AlgorithmAttributes: {}

Variables: -1 -1 -1 -1 -1 -1 -1 -1 -1 -1 -1 -1 -1 -1 -1 -1 -1 -1 -1 -1 -1 -1 -1 -1 -1 -1 -1 -1 -1 -1 -1 -1 -1 -1 -1 -1 -1 -1 -1 -1 -1 -1 -1 -1 0 2 3 4 5 7 8 9 10 11 14 15 16 17 18 20 21 22 23 24 26 28 29 30 31 32 33 36 38 40 41 43 46 48 49 51 52 53 54 55 56 57 58 60 66 71 75 78 81 83 84 85 88 89 93 95 Objectives: 0.0 0.0 0.0 Constraints: 	AlgorithmAttributes: {}
,Variables: -1 -1 -1 -1 -1 -1 -1 -1 -1 -1 -1 -1 -1 -1 -1 -1 -1 -1 -1 -1 -1 -1 -1 -1 -1 -1 -1 -1 -1 -1 -1 -1 -1 -1 -1 -1 -1 -1 -1 -1 -1 -1 -1 -1 -1 -1 -1 -1 -1 -1 -1 -1 -1 -1 -1 -1 -1 -1 -1 -1 -1 -1 -1 -1 -1 -1 -1 -1 -1 -1 -1 -1 -1 -1 -1 -1 -1 -1 -1 -1 4 13 14 15 19 27 30 33 34 40 41 49 51 59 60 64 70 88 92 96 Objectives: 0.0 0.0 0.0 Constraints: 	AlgorithmAttributes: {}

Variables: -1 -1 -1 -1 -1 -1 -1 -1 -1 -1 -1 -1 -1 -1 -1 -1 -1 -1 -1 -1 -1 -1 -1 -1 -1 -1 -1 -1 -1 -1 -1 -1 -1 -1 -1 -1 -1 -1 -1 -1 -1 -1 -1 -1 0 1 2 4 5 8 9 10 12 13 15 16 17 18 19 21 25 28 29 30 31 32 33 34 36 37 38 39 40 42 43 46 47 49 50 51 52 53 55 56 57 58 61 62 64 66 68 70 71 73 74 78 79 81 82 84 Objectives: 0.0 0.0 0.0 Constraints: 	AlgorithmAttributes: {}
,Variables: -1 -1 -1 -1 -1 -1 -1 -1 -1 -1 -1 -1 -1 -1 -1 -1 -1 -1 -1 -1 -1 -1 -1 -1 -1 -1 -1 -1 -1 -1 -1 -1 -1 -1 -1 -1 -1 -1 -1 -1 -1 -1 -1 -1 -1 -1 -1 -1 -1 -1 -1 -1 -1 -1 -1 -1 -1 -1 -1 -1 -1 -1 -1 -1 -1 -1 -1 -1 -1 -1 -1 -1 -1 -1 -1 -1 -1 -1 -1 -1 -1 -1 -1 -1 -1 -1 -1 -1 -1 -1 -1 -1 -1 -1 -1 -1 -1 4 6 50 Objectives: 0.0 0.0 0.0 Constraints: 	AlgorithmAttributes: {}

Variables: -1 -1 -1 -1 -1 -1 -1 -1 -1 -1 -1 -1 -1 -1 -1 -1 -1 -1 -1 -1 -1 -1 -1 -1 -1 -1 -1 -1 -1 -1 -1 -1 -1 -1 -1 -1 -1 -1 -1 -1 -1 -1 -1 -1 -1 -1 -1 -1 -1 -1 -1 -1 -1 -1 -1 -1 -1 -1 -1 -1 -1 -1 -1 -1 -1 -1 -1 1 4 5 7 14 15 20 21 23 26 29 32 34 43 46 47 49 54 56 57 59 64 68 76 79 80 81 84 85 86 87 88 90 Objectives: 0.0 0.0 0.0 Constraints: 	AlgorithmAttributes: {}
,Variables: -1 -1 -1 -1 -1 -1 -1 -1 -1 -1 -1 -1 -1 -1 -1 -1 -1 -1 -1 -1 -1 -1 -1 -1 -1 -1 -1 -1 -1 -1 -1 -1 -1 -1 -1 -1 -1 -1 -1 -1 -1 -1 -1 -1 -1 -1 1 2 3 4 5 6 7 8 9 11 12 13 14 15 16 17 19 20 21 22 23 24 25 26 27 29 31 32 33 35 36 37 38 40 41 42 43 44 45 46 47 48 49 50 51 52 53 55 57 58 59 61 62 65 Objectives: 0.0 0.0 0.0 Constraints: 	AlgorithmAttributes: {}

Variables: -1 -1 -1 -1 -1 -1 -1 -1 -1 -1 -1 -1 -1 -1 -1 -1 -1 -1 -1 -1 -1 -1 -1 -1 -1 -1 -1 -1 -1 -1 -1 -1 -1 -1 -1 -1 -1 -1 -1 -1 -1 -1 -1 -1 -1 -1 -1 -1 -1 -1 -1 -1 2 5 6 7 9 10 13 14 16 17 20 21 24 25 26 27 28 31 32 34 38 39 40 42 43 44 46 49 52 54 55 56 57 58 60 61 62 63 64 65 67 68 69 71 73 74 82 83 Objectives: 0.0 0.0 0.0 Constraints: 	AlgorithmAttributes: {}
,Variables: -1 -1 -1 -1 -1 -1 -1 -1 -1 -1 -1 -1 -1 -1 -1 -1 -1 -1 -1 -1 -1 -1 -1 -1 -1 -1 -1 -1 -1 -1 -1 -1 -1 -1 -1 -1 -1 -1 -1 -1 -1 -1 -1 -1 -1 -1 -1 -1 -1 -1 -1 -1 -1 -1 -1 -1 -1 -1 -1 -1 -1 -1 -1 -1 -1 -1 -1 -1 -1 -1 -1 -1 -1 -1 -1 -1 -1 -1 -1 -1 -1 -1 -1 -1 -1 -1 -1 -1 -1 -1 -1 -1 -1 -1 -1 -1 -1 -1 -1 50 Objectives: 0.0 0.0 0.0 Constraints: 	AlgorithmAttributes: {}

Variables: -1 -1 -1 -1 -1 -1 -1 -1 -1 -1 -1 -1 -1 -1 -1 -1 -1 -1 -1 -1 -1 -1 -1 -1 -1 -1 -1 -1 -1 -1 -1 -1 -1 -1 -1 -1 -1 -1 -1 -1 -1 -1 -1 -1 -1 -1 1 2 4 6 7 10 11 13 15 19 19 20 20 21 21 24 25 28 28 29 30 30 31 31 32 32 34 36 39 43 44 47 48 49 52 55 57 58 59 60 66 71 75 78 81 83 84 85 88 89 93 95 96 97 Objectives: 0.0 0.0 0.0 Constraints: 	AlgorithmAttributes: {}
,Variables: -1 -1 -1 -1 -1 -1 -1 -1 -1 -1 -1 -1 -1 -1 -1 -1 -1 -1 -1 -1 -1 -1 -1 -1 -1 -1 -1 -1 -1 -1 -1 -1 -1 -1 -1 -1 -1 -1 -1 -1 -1 -1 -1 -1 -1 -1 -1 -1 -1 -1 -1 -1 -1 -1 -1 -1 -1 -1 -1 -1 -1 -1 -1 -1 -1 -1 -1 -1 -1 -1 -1 -1 1 4 13 14 15 19 20 27 30 31 33 34 36 40 41 49 51 59 60 64 67 70 73 77 86 88 92 96 Objectives: 0.0 0.0 0.0 Constraints: 	AlgorithmAttributes: {}

Variables: -1 -1 -1 -1 -1 -1 -1 -1 -1 -1 -1 -1 -1 -1 -1 -1 -1 -1 -1 -1 -1 -1 -1 -1 -1 -1 -1 -1 -1 -1 -1 0 2 3 4 6 7 8 9 10 11 12 13 15 18 20 21 22 23 25 28 32 34 35 36 38 39 42 43 44 47 50 52 53 54 55 56 57 58 61 62 63 64 66 67 70 71 72 73 74 76 77 78 81 82 83 84 85 86 89 90 91 92 93 94 95 96 97 98 99 Objectives: 0.0 0.0 0.0 Constraints: 	AlgorithmAttributes: {}
,Variables: -1 -1 -1 -1 -1 -1 -1 -1 -1 -1 -1 -1 -1 -1 -1 -1 -1 -1 -1 -1 -1 -1 -1 -1 -1 -1 -1 -1 -1 -1 -1 -1 -1 -1 0 2 3 4 6 7 8 9 10 12 14 15 17 20 24 26 27 28 29 30 31 32 33 34 35 36 37 38 39 42 43 44 46 47 48 49 50 51 54 56 58 59 60 61 62 64 69 70 72 73 74 75 79 80 81 83 84 86 89 90 92 93 96 97 98 99 Objectives: 0.0 0.0 0.0 Constraints: 	AlgorithmAttributes: {}

Variables: -1 -1 -1 -1 -1 -1 -1 -1 -1 -1 -1 -1 -1 -1 -1 -1 -1 -1 -1 -1 -1 -1 -1 -1 -1 -1 -1 -1 -1 -1 -1 -1 0 1 2 4 7 8 9 10 14 15 16 17 19 20 21 23 24 25 26 28 29 30 32 33 34 35 36 39 40 41 42 43 44 46 47 48 49 51 52 54 56 57 58 59 60 62 64 65 67 68 69 71 73 76 77 79 80 81 82 84 86 87 88 90 92 93 95 97 Objectives: 0.0 0.0 0.0 Constraints: 	AlgorithmAttributes: {}
,Variables: -1 -1 -1 -1 -1 -1 -1 -1 -1 -1 -1 -1 -1 -1 -1 -1 -1 -1 -1 -1 -1 -1 -1 -1 -1 -1 -1 -1 -1 -1 -1 -1 -1 0 1 2 5 6 7 10 11 13 15 16 20 21 24 25 27 28 30 31 32 33 35 37 38 40 41 42 43 45 47 48 49 50 51 54 55 56 57 58 60 62 63 64 65 66 67 68 71 72 73 76 78 79 80 81 83 84 86 87 89 90 91 94 95 96 97 98 Objectives: 0.0 0.0 0.0 Constraints: 	AlgorithmAttributes: {}

Variables: -1 -1 -1 -1 -1 -1 -1 -1 -1 -1 -1 -1 -1 -1 -1 -1 -1 -1 -1 -1 -1 -1 -1 -1 -1 -1 -1 -1 -1 -1 -1 -1 -1 -1 -1 -1 -1 -1 -1 -1 -1 -1 -1 0 1 2 4 8 9 10 14 15 17 19 20 21 25 26 28 29 29 31 32 32 33 34 35 36 36 37 39 40 41 42 43 45 46 48 50 54 55 56 57 58 60 61 63 67 69 70 71 71 72 75 76 77 80 81 81 89 Objectives: 0.0 0.0 0.0 Constraints: 	AlgorithmAttributes: {}
,Variables: -1 -1 -1 -1 -1 -1 -1 -1 -1 -1 -1 -1 -1 -1 -1 -1 -1 -1 -1 -1 -1 -1 -1 -1 -1 -1 -1 -1 -1 -1 -1 -1 -1 -1 -1 -1 -1 -1 -1 -1 -1 -1 -1 -1 -1 -1 -1 -1 -1 -1 -1 -1 -1 -1 -1 -1 -1 -1 -1 -1 -1 -1 -1 -1 -1 -1 -1 -1 -1 -1 -1 -1 -1 1 2 3 6 9 11 12 15 17 21 23 26 28 32 33 36 38 42 45 46 47 52 53 59 60 70 90 Objectives: 0.0 0.0 0.0 Constraints: 	AlgorithmAttributes: {}

Variables: -1 -1 -1 -1 -1 -1 -1 -1 -1 -1 -1 -1 -1 -1 -1 -1 -1 -1 -1 -1 -1 -1 -1 -1 -1 -1 -1 -1 -1 -1 -1 -1 -1 -1 -1 -1 -1 -1 -1 -1 -1 -1 0 1 2 4 5 6 8 11 12 13 14 16 18 19 20 21 22 23 30 31 32 33 35 37 39 41 45 47 50 51 52 53 56 57 61 63 64 65 68 70 74 75 76 78 79 82 84 86 87 88 89 90 91 92 93 95 97 98 Objectives: 0.0 0.0 0.0 Constraints: 	AlgorithmAttributes: {}
,Variables: -1 -1 -1 -1 -1 -1 -1 -1 -1 -1 -1 -1 -1 -1 -1 -1 -1 -1 -1 -1 -1 -1 -1 -1 -1 -1 -1 -1 -1 -1 -1 -1 -1 -1 -1 -1 -1 -1 -1 -1 -1 -1 -1 -1 -1 -1 -1 -1 0 1 3 4 5 6 7 8 9 10 11 13 16 17 18 19 21 23 24 25 26 28 31 37 39 42 45 46 47 49 50 52 58 59 63 64 67 71 75 76 77 78 79 80 82 83 85 89 91 92 93 95 Objectives: 0.0 0.0 0.0 Constraints: 	AlgorithmAttributes: {}

Variables: -1 -1 -1 -1 -1 -1 -1 -1 -1 -1 -1 -1 -1 -1 -1 -1 -1 -1 -1 -1 -1 -1 -1 -1 -1 -1 -1 -1 -1 -1 -1 -1 -1 -1 -1 -1 -1 -1 -1 -1 -1 -1 -1 -1 -1 -1 -1 -1 -1 -1 -1 -1 -1 -1 -1 -1 -1 -1 -1 -1 -1 -1 -1 -1 -1 -1 -1 -1 -1 -1 -1 -1 -1 -1 -1 -1 -1 -1 -1 -1 -1 -1 -1 -1 -1 -1 -1 -1 -1 -1 -1 -1 -1 -1 18 30 42 54 56 59 Objectives: 0.0 0.0 0.0 Constraints: 	AlgorithmAttributes: {}
,Variables: -1 -1 -1 -1 -1 -1 -1 -1 -1 -1 -1 -1 -1 -1 -1 -1 -1 -1 -1 -1 -1 -1 -1 -1 -1 -1 -1 -1 -1 -1 -1 -1 -1 -1 -1 -1 -1 -1 -1 -1 -1 -1 -1 -1 -1 -1 -1 -1 -1 -1 -1 -1 -1 -1 -1 -1 -1 -1 -1 -1 -1 -1 -1 -1 -1 -1 -1 -1 -1 -1 -1 -1 -1 -1 -1 -1 -1 -1 -1 -1 -1 -1 -1 -1 -1 -1 -1 -1 -1 -1 -1 -1 -1 -1 -1 -1 -1 -1 -1 60 Objectives: 0.0 0.0 0.0 Constraints: 	AlgorithmAttributes: {}

Variables: -1 -1 -1 -1 -1 -1 -1 -1 -1 -1 -1 -1 -1 -1 -1 -1 -1 -1 -1 -1 -1 -1 -1 -1 -1 -1 -1 -1 -1 -1 -1 -1 -1 -1 -1 -1 -1 -1 -1 -1 -1 -1 -1 -1 -1 -1 -1 -1 -1 -1 -1 -1 -1 0 2 4 6 7 8 9 10 15 16 19 21 23 24 25 26 28 30 32 34 35 36 39 43 44 46 47 49 52 55 56 57 58 61 63 68 71 72 75 77 78 82 83 90 94 95 97 Objectives: 0.0 0.0 0.0 Constraints: 	AlgorithmAttributes: {}
,Variables: -1 -1 -1 -1 -1 -1 -1 -1 -1 -1 -1 -1 -1 -1 -1 -1 -1 -1 -1 -1 -1 -1 -1 -1 -1 -1 -1 -1 -1 -1 -1 -1 -1 -1 -1 -1 -1 -1 -1 -1 -1 -1 -1 -1 -1 -1 -1 -1 -1 -1 -1 -1 -1 -1 -1 -1 -1 -1 -1 -1 -1 -1 -1 -1 -1 -1 -1 -1 -1 -1 -1 -1 -1 -1 -1 -1 -1 -1 -1 -1 -1 -1 -1 -1 -1 -1 -1 -1 -1 -1 -1 -1 -1 -1 -1 -1 -1 -1 4 96 Objectives: 0.0 0.0 0.0 Constraints: 	AlgorithmAttributes: {}

Variables: -1 -1 -1 -1 -1 -1 -1 -1 -1 -1 -1 -1 -1 -1 -1 -1 -1 -1 -1 -1 -1 -1 -1 -1 -1 -1 -1 -1 -1 -1 -1 -1 -1 -1 -1 -1 -1 -1 -1 -1 -1 -1 -1 -1 -1 -1 -1 -1 -1 -1 -1 -1 -1 0 3 4 6 7 10 11 12 14 15 16 19 20 24 28 29 30 32 36 38 41 42 44 48 51 54 56 58 59 60 64 66 68 69 69 70 73 73 77 78 78 79 79 81 85 86 86 Objectives: 0.0 0.0 0.0 Constraints: 	AlgorithmAttributes: {}
,Variables: -1 -1 -1 -1 -1 -1 -1 -1 -1 -1 -1 -1 -1 -1 -1 -1 -1 -1 -1 -1 -1 -1 -1 -1 -1 -1 -1 -1 -1 -1 -1 -1 -1 -1 -1 -1 -1 -1 -1 -1 -1 -1 -1 -1 -1 -1 -1 -1 -1 -1 -1 -1 -1 -1 -1 -1 -1 -1 -1 -1 -1 -1 -1 -1 -1 -1 -1 -1 -1 -1 -1 -1 -1 -1 -1 -1 -1 -1 -1 -1 -1 -1 -1 -1 -1 -1 -1 -1 -1 -1 -1 -1 -1 -1 -1 -1 6 21 22 50 Objectives: 0.0 0.0 0.0 Constraints: 	AlgorithmAttributes: {}

Variables: -1 -1 -1 -1 -1 -1 -1 -1 -1 -1 -1 -1 -1 -1 -1 -1 -1 -1 -1 -1 -1 -1 -1 -1 -1 -1 -1 -1 -1 -1 -1 -1 -1 -1 -1 -1 -1 -1 -1 -1 -1 -1 -1 -1 -1 -1 -1 -1 0 1 2 4 7 8 10 14 16 17 20 21 26 29 30 33 36 37 39 41 42 45 47 50 53 56 57 62 63 66 67 69 75 77 79 80 81 83 85 86 87 88 89 90 91 92 93 94 95 96 97 98 Objectives: 0.0 0.0 0.0 Constraints: 	AlgorithmAttributes: {}
,Variables: -1 -1 -1 -1 -1 -1 -1 -1 -1 -1 -1 -1 -1 -1 -1 -1 -1 -1 -1 -1 -1 -1 -1 -1 -1 -1 -1 -1 -1 -1 -1 -1 -1 -1 -1 -1 -1 -1 -1 -1 -1 -1 -1 -1 -1 -1 -1 -1 -1 -1 1 2 7 10 11 15 16 18 19 20 21 23 24 26 28 29 30 32 36 38 40 42 43 44 45 47 49 51 57 58 59 60 61 62 63 64 73 76 79 80 81 82 85 87 89 90 93 95 96 98 Objectives: 0.0 0.0 0.0 Constraints: 	AlgorithmAttributes: {}

Variables: -1 -1 -1 -1 -1 -1 -1 -1 -1 -1 -1 -1 -1 -1 -1 -1 -1 -1 -1 -1 -1 -1 -1 -1 -1 -1 -1 -1 -1 -1 -1 -1 -1 -1 -1 -1 -1 -1 -1 -1 -1 -1 -1 -1 -1 -1 -1 0 2 3 4 5 6 7 9 10 11 13 15 20 22 27 28 29 30 31 36 37 38 42 43 49 50 51 53 55 56 56 57 57 57 58 60 61 62 62 63 64 65 66 69 70 72 73 75 77 78 80 81 85 Objectives: 0.0 0.0 0.0 Constraints: 	AlgorithmAttributes: {}
,Variables: -1 -1 -1 -1 -1 -1 -1 -1 -1 -1 -1 -1 -1 -1 -1 -1 -1 -1 -1 -1 -1 -1 -1 -1 -1 -1 -1 -1 -1 -1 -1 -1 -1 -1 -1 -1 -1 -1 -1 -1 -1 -1 -1 -1 -1 -1 -1 -1 -1 -1 -1 -1 -1 -1 -1 -1 -1 -1 -1 -1 -1 -1 -1 -1 -1 -1 -1 -1 -1 -1 -1 -1 -1 -1 -1 -1 -1 -1 -1 -1 -1 -1 -1 -1 -1 -1 -1 -1 -1 -1 -1 -1 -1 -1 -1 -1 -1 59 69 76 Objectives: 0.0 0.0 0.0 Constraints: 	AlgorithmAttributes: {}

Variables: -1 -1 -1 -1 -1 -1 -1 -1 -1 -1 -1 -1 -1 -1 -1 -1 -1 -1 -1 -1 -1 -1 -1 -1 -1 -1 -1 -1 -1 -1 -1 -1 -1 -1 -1 -1 -1 -1 -1 -1 0 1 2 4 7 8 9 10 11 13 14 15 16 17 19 20 21 23 24 25 28 29 30 31 32 33 34 36 37 40 41 43 46 47 48 49 51 53 54 57 59 60 62 64 66 67 69 70 72 73 75 76 78 80 83 88 89 91 93 96 Objectives: 0.0 0.0 0.0 Constraints: 	AlgorithmAttributes: {}
,Variables: -1 -1 -1 -1 -1 -1 -1 -1 -1 -1 -1 -1 -1 -1 -1 -1 -1 -1 -1 -1 -1 -1 -1 -1 -1 -1 -1 -1 -1 -1 -1 -1 -1 -1 -1 -1 -1 -1 -1 -1 -1 -1 -1 -1 -1 -1 -1 -1 -1 -1 -1 -1 -1 -1 -1 -1 -1 -1 -1 -1 -1 -1 -1 -1 -1 -1 -1 -1 -1 -1 0 1 4 5 6 8 10 11 15 20 24 25 28 31 32 36 39 44 47 52 58 61 62 65 68 72 73 78 79 84 Objectives: 0.0 0.0 0.0 Constraints: 	AlgorithmAttributes: {}

Variables: -1 -1 -1 -1 -1 -1 -1 -1 -1 -1 -1 -1 -1 -1 -1 -1 -1 -1 -1 -1 -1 -1 -1 -1 -1 -1 -1 -1 -1 -1 -1 -1 -1 -1 -1 -1 -1 -1 -1 -1 -1 -1 -1 -1 -1 -1 -1 -1 -1 -1 2 3 5 8 13 17 19 22 25 28 29 31 33 36 37 38 40 41 42 43 47 49 50 53 54 58 59 60 62 64 67 68 73 74 76 77 78 79 80 82 84 86 87 88 90 91 93 95 97 98 Objectives: 0.0 0.0 0.0 Constraints: 	AlgorithmAttributes: {}
,Variables: -1 -1 -1 -1 -1 -1 -1 -1 -1 -1 -1 -1 -1 -1 -1 -1 -1 -1 -1 -1 -1 -1 -1 -1 -1 -1 -1 -1 -1 -1 -1 -1 -1 -1 -1 -1 -1 -1 -1 -1 -1 -1 -1 -1 -1 -1 -1 -1 -1 -1 -1 -1 -1 0 3 4 5 9 11 14 18 19 21 22 23 24 25 26 27 29 30 34 38 40 45 47 49 51 52 53 58 59 60 62 64 65 66 67 70 74 78 79 81 83 86 89 91 95 96 98 Objectives: 0.0 0.0 0.0 Constraints: 	AlgorithmAttributes: {}

Variables: -1 -1 -1 -1 -1 -1 -1 -1 -1 -1 -1 -1 -1 -1 -1 -1 -1 -1 -1 -1 -1 -1 -1 -1 -1 -1 -1 -1 -1 -1 -1 -1 -1 -1 -1 -1 -1 -1 -1 -1 -1 -1 -1 -1 -1 -1 -1 -1 -1 -1 3 5 8 10 13 17 19 22 23 25 28 29 33 36 37 38 40 41 42 47 50 52 54 58 59 60 61 62 63 64 66 67 67 68 69 70 70 73 74 76 77 79 80 82 82 84 85 86 87 92 Objectives: 0.0 0.0 0.0 Constraints: 	AlgorithmAttributes: {}
,Variables: -1 -1 -1 -1 -1 -1 -1 -1 -1 -1 -1 -1 -1 -1 -1 -1 -1 -1 -1 -1 -1 -1 -1 -1 -1 -1 -1 -1 -1 -1 -1 -1 -1 -1 -1 -1 -1 -1 -1 -1 -1 -1 -1 -1 -1 -1 -1 -1 -1 -1 -1 -1 -1 -1 -1 -1 -1 -1 -1 -1 -1 -1 -1 -1 -1 -1 -1 -1 -1 -1 -1 -1 -1 -1 -1 -1 -1 -1 -1 -1 -1 -1 -1 -1 -1 -1 -1 -1 -1 0 2 6 8 14 15 21 22 50 54 59 Objectives: 0.0 0.0 0.0 Constraints: 	AlgorithmAttributes: {}

Variables: -1 -1 -1 -1 -1 -1 -1 -1 -1 -1 -1 -1 -1 -1 -1 -1 -1 -1 -1 -1 -1 -1 -1 -1 -1 -1 -1 -1 -1 -1 -1 -1 -1 4 7 8 9 10 12 14 15 16 17 19 20 23 24 26 27 28 29 30 31 32 33 34 35 36 37 38 40 41 43 44 46 47 48 49 50 51 54 55 56 57 61 63 64 67 70 71 73 75 77 78 79 80 81 82 83 84 85 86 87 90 91 93 94 95 96 98 Objectives: 0.0 0.0 0.0 Constraints: 	AlgorithmAttributes: {}
,Variables: -1 -1 -1 -1 -1 -1 -1 -1 -1 -1 -1 -1 -1 -1 -1 -1 -1 -1 -1 -1 -1 -1 -1 -1 -1 -1 -1 -1 -1 -1 -1 -1 -1 -1 -1 -1 -1 -1 -1 -1 0 2 3 4 7 8 10 13 14 16 17 20 21 22 24 25 27 28 29 32 35 38 39 41 42 44 46 47 48 53 54 55 56 58 59 60 61 62 63 64 66 68 69 70 71 73 74 76 77 78 79 82 83 85 88 90 92 94 96 98 Objectives: 0.0 0.0 0.0 Constraints: 	AlgorithmAttributes: {}

Variables: -1 -1 -1 -1 -1 -1 -1 -1 -1 -1 -1 -1 -1 -1 -1 -1 -1 -1 -1 -1 -1 -1 -1 -1 -1 -1 -1 -1 -1 -1 -1 -1 -1 -1 -1 -1 -1 -1 -1 -1 -1 -1 -1 2 3 6 7 10 11 13 15 19 20 21 23 24 25 28 29 30 31 32 33 34 36 37 41 43 46 47 48 49 51 54 55 57 59 63 64 65 65 66 67 68 69 70 72 72 73 75 76 77 78 79 80 83 85 86 88 91 Objectives: 0.0 0.0 0.0 Constraints: 	AlgorithmAttributes: {}
,Variables: -1 -1 -1 -1 -1 -1 -1 -1 -1 -1 -1 -1 -1 -1 -1 -1 -1 -1 -1 -1 -1 -1 -1 -1 -1 -1 -1 -1 -1 -1 -1 -1 -1 -1 -1 -1 -1 -1 -1 -1 -1 -1 -1 -1 -1 -1 -1 -1 -1 -1 -1 -1 -1 -1 -1 -1 -1 -1 -1 -1 -1 -1 -1 -1 -1 -1 -1 -1 -1 -1 -1 -1 -1 -1 -1 -1 -1 -1 -1 -1 -1 -1 -1 -1 -1 -1 -1 -1 -1 -1 -1 -1 -1 -1 -1 -1 -1 -1 59 69 Objectives: 0.0 0.0 0.0 Constraints: 	AlgorithmAttributes: {}

Variables: -1 -1 -1 -1 -1 -1 -1 -1 -1 -1 -1 -1 -1 -1 -1 -1 -1 -1 -1 -1 -1 -1 -1 -1 -1 -1 -1 -1 -1 -1 -1 -1 -1 -1 -1 -1 -1 -1 -1 -1 -1 -1 -1 -1 1 2 3 4 6 7 10 11 12 13 19 21 23 24 25 30 31 32 33 34 36 37 38 39 41 42 43 44 49 51 54 55 56 57 58 59 59 60 60 64 65 66 67 68 68 69 73 76 78 79 81 82 83 84 85 86 Objectives: 0.0 0.0 0.0 Constraints: 	AlgorithmAttributes: {}
,Variables: -1 -1 -1 -1 -1 -1 -1 -1 -1 -1 -1 -1 -1 -1 -1 -1 -1 -1 -1 -1 -1 -1 -1 -1 -1 -1 -1 -1 -1 -1 -1 -1 -1 -1 -1 -1 -1 -1 -1 -1 -1 -1 -1 -1 -1 -1 -1 -1 -1 -1 -1 -1 -1 -1 -1 -1 -1 -1 -1 -1 -1 -1 -1 -1 -1 -1 -1 -1 -1 -1 -1 -1 -1 -1 -1 -1 -1 -1 -1 -1 -1 -1 -1 -1 -1 -1 -1 -1 -1 -1 -1 0 2 4 6 20 21 22 50 59 Objectives: 0.0 0.0 0.0 Constraints: 	AlgorithmAttributes: {}

Variables: -1 -1 -1 -1 -1 -1 -1 -1 -1 -1 -1 -1 -1 -1 -1 -1 -1 -1 -1 -1 -1 -1 -1 -1 -1 -1 -1 -1 -1 -1 -1 -1 -1 -1 -1 -1 -1 -1 -1 -1 -1 -1 -1 2 4 5 6 7 8 10 11 12 13 15 19 19 20 21 22 23 23 24 25 25 28 29 30 31 33 36 36 37 38 47 49 50 52 53 54 58 59 60 63 66 68 69 70 73 76 78 79 80 81 82 84 87 88 91 95 96 Objectives: 0.0 0.0 0.0 Constraints: 	AlgorithmAttributes: {}
,Variables: -1 -1 -1 -1 -1 -1 -1 -1 -1 -1 -1 -1 -1 -1 -1 -1 -1 -1 -1 -1 -1 -1 -1 -1 -1 -1 -1 -1 -1 -1 -1 -1 -1 -1 -1 -1 -1 -1 -1 -1 -1 -1 -1 -1 -1 -1 -1 -1 -1 -1 -1 -1 -1 -1 -1 -1 -1 -1 -1 -1 -1 -1 -1 0 1 2 3 4 5 6 9 11 18 19 25 26 27 38 40 44 45 46 49 50 51 53 55 57 59 60 64 67 72 73 74 82 83 85 91 95 Objectives: 0.0 0.0 0.0 Constraints: 	AlgorithmAttributes: {}

Variables: -1 -1 -1 -1 -1 -1 -1 -1 -1 -1 -1 -1 -1 -1 -1 -1 -1 -1 -1 -1 -1 -1 -1 -1 -1 -1 -1 -1 -1 -1 -1 -1 -1 -1 -1 -1 -1 -1 -1 -1 -1 -1 -1 1 2 4 6 7 10 12 13 15 19 20 21 23 25 28 29 30 31 32 34 36 37 38 39 41 42 44 46 47 48 49 51 52 53 54 55 56 58 59 60 62 65 66 68 69 70 73 76 77 78 79 80 86 88 89 95 98 Objectives: 0.0 0.0 0.0 Constraints: 	AlgorithmAttributes: {}
,Variables: -1 -1 -1 -1 -1 -1 -1 -1 -1 -1 -1 -1 -1 -1 -1 -1 -1 -1 -1 -1 -1 -1 -1 -1 -1 -1 -1 -1 -1 -1 -1 -1 -1 -1 -1 -1 -1 -1 -1 -1 -1 -1 -1 -1 -1 -1 -1 -1 -1 -1 -1 -1 -1 -1 -1 -1 -1 -1 -1 -1 -1 -1 -1 -1 0 4 5 6 12 17 26 27 53 54 55 57 58 62 64 65 67 68 70 71 72 73 75 77 78 79 80 83 84 87 89 92 93 96 98 99 Objectives: 0.0 0.0 0.0 Constraints: 	AlgorithmAttributes: {}

Variables: -1 -1 -1 -1 -1 -1 -1 -1 -1 -1 -1 -1 -1 -1 -1 -1 -1 -1 -1 -1 -1 -1 -1 -1 -1 -1 -1 -1 -1 -1 -1 -1 -1 -1 -1 -1 -1 -1 -1 -1 -1 -1 -1 -1 -1 -1 -1 -1 0 1 2 4 5 6 8 9 12 14 15 16 18 19 23 24 26 27 28 29 30 31 33 34 35 36 37 38 39 40 42 44 45 47 48 49 51 52 53 54 55 56 57 58 59 60 63 64 65 68 70 72 Objectives: 0.0 0.0 0.0 Constraints: 	AlgorithmAttributes: {}
,Variables: -1 -1 -1 -1 -1 -1 -1 -1 -1 -1 -1 -1 -1 -1 -1 -1 -1 -1 -1 -1 -1 -1 -1 -1 -1 -1 -1 -1 -1 -1 -1 -1 -1 -1 -1 -1 -1 -1 -1 -1 -1 -1 -1 -1 -1 -1 -1 -1 -1 -1 -1 -1 -1 -1 -1 -1 -1 -1 -1 -1 -1 -1 -1 -1 -1 -1 -1 -1 -1 -1 -1 -1 -1 -1 -1 -1 -1 -1 -1 -1 -1 -1 -1 -1 -1 -1 -1 -1 0 1 2 3 4 8 10 11 12 14 15 60 Objectives: 0.0 0.0 0.0 Constraints: 	AlgorithmAttributes: {}

Variables: -1 -1 -1 -1 -1 -1 -1 -1 -1 -1 -1 -1 -1 -1 -1 -1 -1 -1 -1 -1 -1 -1 -1 -1 -1 -1 -1 -1 -1 -1 -1 -1 -1 -1 -1 -1 -1 -1 -1 -1 -1 -1 -1 -1 -1 -1 -1 -1 1 2 3 4 7 10 11 12 13 15 19 21 23 24 28 29 30 31 33 36 38 39 39 40 41 41 42 43 44 45 46 46 47 49 50 51 52 52 53 57 59 62 70 72 73 76 85 87 90 93 96 97 Objectives: 0.0 0.0 0.0 Constraints: 	AlgorithmAttributes: {}
,Variables: -1 -1 -1 -1 -1 -1 -1 -1 -1 -1 -1 -1 -1 -1 -1 -1 -1 -1 -1 -1 -1 -1 -1 -1 -1 -1 -1 -1 -1 -1 -1 -1 -1 -1 -1 -1 -1 -1 -1 -1 -1 -1 -1 -1 -1 -1 -1 -1 -1 -1 -1 -1 -1 -1 -1 -1 -1 -1 -1 -1 -1 -1 -1 -1 -1 -1 -1 -1 -1 -1 -1 -1 -1 -1 -1 -1 -1 -1 -1 -1 -1 -1 -1 -1 -1 -1 -1 36 44 48 58 64 65 76 83 89 92 93 97 98 Objectives: 0.0 0.0 0.0 Constraints: 	AlgorithmAttributes: {}

Variables: -1 -1 -1 -1 -1 -1 -1 -1 -1 -1 -1 -1 -1 -1 -1 -1 -1 -1 -1 -1 -1 -1 -1 -1 -1 -1 -1 -1 -1 -1 -1 -1 -1 -1 1 2 4 5 6 7 8 11 13 15 18 19 20 23 24 26 27 28 29 32 33 34 35 37 39 40 41 42 43 45 47 50 51 52 53 56 57 60 61 63 64 65 68 69 70 74 75 76 78 79 80 82 84 85 86 87 88 89 90 91 92 93 94 95 97 98 Objectives: 0.0 0.0 0.0 Constraints: 	AlgorithmAttributes: {}
,Variables: -1 -1 -1 -1 -1 -1 -1 -1 -1 -1 -1 -1 -1 -1 -1 -1 -1 -1 -1 -1 -1 -1 -1 -1 -1 -1 -1 -1 -1 -1 -1 -1 -1 0 1 3 4 5 6 7 8 9 10 11 13 16 17 18 19 21 23 24 25 26 27 28 29 30 31 33 34 37 39 40 42 45 46 47 49 50 51 52 54 58 59 61 63 64 67 69 71 72 73 75 76 77 78 79 80 82 83 85 88 89 91 92 93 94 95 99 Objectives: 0.0 0.0 0.0 Constraints: 	AlgorithmAttributes: {}

Variables: -1 -1 -1 -1 -1 -1 -1 -1 -1 -1 -1 -1 -1 -1 -1 -1 -1 -1 -1 -1 -1 -1 -1 -1 -1 -1 -1 -1 -1 -1 -1 -1 -1 -1 -1 -1 -1 -1 -1 -1 -1 -1 -1 -1 -1 -1 -1 0 1 2 3 5 6 7 8 9 10 11 12 13 15 16 18 19 20 21 22 23 24 26 27 29 35 36 37 38 39 40 41 42 43 44 45 46 47 48 49 50 51 52 53 57 58 59 60 62 63 72 73 85 Objectives: 0.0 0.0 0.0 Constraints: 	AlgorithmAttributes: {}
,Variables: -1 -1 -1 -1 -1 -1 -1 -1 -1 -1 -1 -1 -1 -1 -1 -1 -1 -1 -1 -1 -1 -1 -1 -1 -1 -1 -1 -1 -1 -1 -1 -1 -1 -1 -1 -1 -1 -1 -1 -1 -1 -1 -1 -1 -1 -1 -1 -1 -1 -1 -1 -1 -1 -1 -1 -1 -1 -1 -1 -1 -1 -1 -1 -1 -1 -1 -1 -1 -1 -1 -1 -1 -1 -1 -1 -1 -1 -1 -1 -1 -1 -1 -1 -1 -1 -1 -1 -1 -1 -1 -1 -1 -1 -1 -1 -1 -1 3 4 59 Objectives: 0.0 0.0 0.0 Constraints: 	AlgorithmAttributes: {}

Variables: -1 -1 -1 -1 -1 -1 -1 -1 -1 -1 -1 -1 -1 -1 -1 -1 -1 -1 -1 -1 -1 -1 -1 -1 -1 -1 -1 -1 -1 -1 -1 -1 -1 -1 -1 -1 -1 2 3 5 8 10 13 17 19 22 23 25 28 29 31 33 36 37 38 40 41 42 43 47 49 50 52 53 54 57 58 59 60 61 62 63 64 66 67 68 69 70 73 74 75 76 77 78 79 80 82 84 86 87 88 89 90 91 92 93 95 96 97 98 Objectives: 0.0 0.0 0.0 Constraints: 	AlgorithmAttributes: {}
,Variables: -1 -1 -1 -1 -1 -1 -1 -1 -1 -1 -1 -1 -1 -1 -1 -1 -1 -1 -1 -1 -1 -1 -1 -1 -1 -1 -1 -1 -1 -1 -1 -1 -1 -1 -1 -1 -1 -1 0 3 4 5 9 11 14 18 19 21 22 23 24 25 26 27 28 29 30 32 34 36 38 39 40 41 44 45 46 47 49 51 52 53 57 58 59 60 61 62 64 65 66 67 69 70 72 73 74 76 78 79 80 81 83 86 89 91 95 96 98 99 Objectives: 0.0 0.0 0.0 Constraints: 	AlgorithmAttributes: {}

Variables: -1 -1 -1 -1 -1 -1 -1 -1 -1 -1 -1 -1 -1 -1 -1 -1 -1 -1 -1 -1 -1 -1 -1 -1 -1 -1 -1 -1 -1 -1 -1 -1 -1 -1 -1 -1 -1 -1 -1 -1 -1 -1 -1 0 1 3 4 8 9 13 14 16 18 19 20 21 23 25 27 30 31 33 35 40 42 43 44 46 49 52 54 55 56 60 62 63 65 66 67 68 71 72 73 74 76 77 78 79 80 82 83 86 88 90 94 95 96 97 98 99 Objectives: 0.0 0.0 0.0 Constraints: 	AlgorithmAttributes: {}
,Variables: -1 -1 -1 -1 -1 -1 -1 -1 -1 -1 -1 -1 -1 -1 -1 -1 -1 -1 -1 -1 -1 -1 -1 -1 -1 -1 -1 -1 -1 -1 -1 -1 -1 -1 -1 -1 -1 -1 -1 -1 -1 -1 -1 -1 -1 -1 -1 -1 -1 -1 -1 0 2 3 4 5 6 7 8 9 10 11 16 17 18 20 21 27 28 29 31 32 35 38 39 43 45 46 48 49 52 55 56 58 61 62 63 65 69 71 72 75 79 81 85 89 90 92 94 97 Objectives: 0.0 0.0 0.0 Constraints: 	AlgorithmAttributes: {}

Variables: -1 -1 -1 -1 -1 -1 -1 -1 -1 -1 -1 -1 -1 -1 -1 -1 -1 -1 -1 -1 -1 -1 -1 -1 -1 -1 -1 -1 -1 -1 -1 -1 -1 -1 -1 -1 -1 -1 -1 -1 -1 -1 -1 -1 -1 -1 -1 0 1 2 4 6 7 8 11 13 15 16 17 19 20 21 23 26 28 29 30 33 34 36 37 41 45 48 51 52 53 57 58 59 61 64 65 66 67 68 69 70 72 72 73 75 78 79 80 83 85 86 88 91 Objectives: 0.0 0.0 0.0 Constraints: 	AlgorithmAttributes: {}
,Variables: -1 -1 -1 -1 -1 -1 -1 -1 -1 -1 -1 -1 -1 -1 -1 -1 -1 -1 -1 -1 -1 -1 -1 -1 -1 -1 -1 -1 -1 -1 -1 -1 -1 -1 -1 -1 -1 -1 -1 -1 -1 -1 -1 -1 -1 -1 -1 -1 -1 -1 -1 -1 -1 -1 -1 -1 -1 -1 -1 -1 -1 -1 -1 -1 -1 -1 -1 -1 -1 -1 -1 -1 -1 -1 -1 -1 -1 -1 -1 -1 -1 -1 -1 -1 -1 -1 -1 -1 -1 -1 -1 -1 -1 -1 -1 -1 -1 -1 -1 69 Objectives: 0.0 0.0 0.0 Constraints: 	AlgorithmAttributes: {}

Variables: -1 -1 -1 -1 -1 -1 -1 -1 -1 -1 -1 -1 -1 -1 -1 -1 -1 -1 -1 -1 -1 -1 -1 -1 -1 -1 -1 -1 -1 -1 -1 -1 -1 -1 -1 -1 -1 -1 -1 -1 -1 -1 -1 -1 -1 -1 -1 -1 -1 -1 -1 -1 -1 -1 -1 -1 -1 -1 -1 -1 -1 -1 -1 -1 -1 -1 7 10 14 15 16 20 28 31 32 38 40 41 42 44 55 56 57 61 62 63 67 71 73 74 77 78 81 83 85 91 94 96 98 99 Objectives: 0.0 0.0 0.0 Constraints: 	AlgorithmAttributes: {}
,Variables: -1 -1 -1 -1 -1 -1 -1 -1 -1 -1 -1 -1 -1 -1 -1 -1 -1 -1 -1 -1 -1 -1 -1 -1 -1 -1 -1 -1 -1 -1 -1 -1 -1 -1 -1 -1 -1 -1 -1 0 3 4 6 7 8 9 10 12 14 15 17 20 24 26 27 28 29 30 31 33 34 35 36 37 38 39 42 43 44 46 47 48 49 50 54 56 58 59 60 61 64 69 70 72 73 74 75 79 80 81 83 84 86 89 90 92 93 96 97 98 Objectives: 0.0 0.0 0.0 Constraints: 	AlgorithmAttributes: {}

Variables: -1 -1 -1 -1 -1 -1 -1 -1 -1 -1 -1 -1 -1 -1 -1 -1 -1 -1 -1 -1 -1 -1 -1 -1 -1 -1 -1 -1 -1 -1 -1 -1 -1 -1 0 1 2 4 6 7 8 9 11 13 14 15 16 17 19 20 21 23 25 26 27 28 29 30 31 32 33 34 36 37 41 45 46 48 49 50 51 52 53 54 57 58 59 61 62 63 64 65 66 72 74 76 77 78 80 81 83 85 86 87 88 89 92 95 96 99 Objectives: 0.0 0.0 0.0 Constraints: 	AlgorithmAttributes: {}
,Variables: -1 -1 -1 -1 -1 -1 -1 -1 -1 -1 -1 -1 -1 -1 -1 -1 -1 -1 -1 -1 -1 -1 -1 -1 -1 -1 -1 -1 -1 -1 -1 -1 -1 -1 0 1 2 5 6 8 9 10 11 12 13 14 15 17 19 20 21 23 25 26 28 30 31 32 33 35 36 37 38 39 40 41 42 46 47 50 54 56 58 59 61 62 63 64 65 66 68 70 72 73 75 77 78 81 85 86 87 88 89 91 93 94 95 96 97 98 Objectives: 0.0 0.0 0.0 Constraints: 	AlgorithmAttributes: {}

Variables: -1 -1 -1 -1 -1 -1 -1 -1 -1 -1 -1 -1 -1 -1 -1 -1 -1 -1 -1 -1 -1 -1 -1 -1 -1 -1 -1 -1 -1 -1 -1 0 2 3 4 5 6 7 9 10 11 12 13 14 15 19 20 22 26 27 28 29 30 31 33 34 36 37 38 41 42 43 45 46 47 49 50 51 53 54 55 56 57 58 60 61 62 64 65 66 67 69 70 72 75 76 77 78 80 81 82 86 89 90 91 94 95 96 98 99 Objectives: 0.0 0.0 0.0 Constraints: 	AlgorithmAttributes: {}
,Variables: -1 -1 -1 -1 -1 -1 -1 -1 -1 -1 -1 -1 -1 -1 -1 -1 -1 -1 -1 -1 -1 -1 -1 -1 -1 -1 -1 -1 -1 -1 -1 -1 -1 -1 -1 -1 -1 -1 -1 -1 -1 2 5 6 9 10 12 13 15 16 18 19 20 22 28 29 30 31 34 35 37 41 42 43 45 46 49 50 52 53 55 56 59 60 61 63 64 67 69 70 71 72 74 75 77 78 79 80 81 82 83 85 87 88 90 91 93 94 98 99 Objectives: 0.0 0.0 0.0 Constraints: 	AlgorithmAttributes: {}

Variables: -1 -1 -1 -1 -1 -1 -1 -1 -1 -1 -1 -1 -1 -1 -1 -1 -1 -1 -1 -1 -1 -1 -1 -1 -1 -1 -1 -1 -1 -1 -1 -1 -1 -1 -1 -1 -1 -1 -1 -1 -1 -1 -1 -1 -1 1 2 4 7 8 14 15 17 19 20 24 25 26 28 30 32 33 34 39 40 41 42 43 44 46 47 48 49 51 52 54 56 57 58 59 60 62 64 65 67 68 69 73 76 77 79 80 81 82 84 88 90 92 95 97 Objectives: 0.0 0.0 0.0 Constraints: 	AlgorithmAttributes: {}
,Variables: -1 -1 -1 -1 -1 -1 -1 -1 -1 -1 -1 -1 -1 -1 -1 -1 -1 -1 -1 -1 -1 -1 -1 -1 -1 -1 -1 -1 -1 -1 -1 -1 -1 -1 -1 -1 -1 -1 -1 -1 -1 -1 -1 -1 -1 -1 -1 -1 -1 -1 -1 -1 -1 -1 -1 -1 -1 -1 -1 -1 -1 -1 -1 2 4 12 13 18 20 21 25 35 37 41 42 43 47 48 49 50 56 57 60 62 64 65 67 72 73 76 79 80 86 87 89 94 95 96 97 98 Objectives: 0.0 0.0 0.0 Constraints: 	AlgorithmAttributes: {}

Variables: -1 -1 -1 -1 -1 -1 -1 -1 -1 -1 -1 -1 -1 -1 -1 -1 -1 -1 -1 -1 -1 -1 -1 -1 -1 -1 -1 -1 -1 -1 -1 -1 -1 -1 -1 -1 -1 -1 -1 -1 -1 -1 4 7 8 10 15 16 17 19 23 24 26 27 28 30 31 32 33 34 35 36 37 38 41 43 44 46 47 48 49 50 54 55 57 61 63 64 67 70 71 73 75 77 78 79 80 81 82 84 85 86 87 90 91 93 94 95 96 98 Objectives: 0.0 0.0 0.0 Constraints: 	AlgorithmAttributes: {}
,Variables: -1 -1 -1 -1 -1 -1 -1 -1 -1 -1 -1 -1 -1 -1 -1 -1 -1 -1 -1 -1 -1 -1 -1 -1 -1 -1 -1 -1 -1 -1 -1 -1 -1 -1 -1 -1 -1 -1 -1 -1 -1 -1 -1 -1 -1 -1 -1 -1 -1 -1 -1 -1 -1 -1 -1 -1 -1 -1 -1 -1 2 3 4 8 10 14 16 17 21 22 24 25 28 32 35 39 41 42 44 53 54 59 60 61 62 63 66 71 73 74 77 79 82 83 85 88 90 94 96 98 Objectives: 0.0 0.0 0.0 Constraints: 	AlgorithmAttributes: {}

Variables: -1 -1 -1 -1 -1 -1 -1 -1 -1 -1 -1 -1 -1 -1 -1 -1 -1 -1 -1 -1 -1 -1 -1 -1 -1 -1 -1 -1 -1 -1 -1 -1 -1 -1 -1 -1 -1 -1 -1 -1 -1 -1 -1 -1 -1 -1 -1 -1 -1 -1 -1 -1 -1 -1 -1 -1 -1 1 2 4 5 6 7 8 9 10 11 12 13 14 15 16 17 18 19 22 27 28 29 30 31 32 33 34 35 36 37 38 40 44 45 46 48 49 50 51 52 53 57 59 Objectives: 0.0 0.0 0.0 Constraints: 	AlgorithmAttributes: {}
,Variables: -1 -1 -1 -1 -1 -1 -1 -1 -1 -1 -1 -1 -1 -1 -1 -1 -1 -1 -1 -1 -1 -1 -1 -1 -1 -1 -1 -1 -1 -1 -1 -1 -1 -1 -1 -1 -1 -1 -1 -1 -1 -1 -1 -1 -1 -1 -1 -1 -1 -1 -1 -1 -1 -1 -1 -1 -1 -1 -1 -1 -1 -1 -1 -1 -1 -1 -1 -1 -1 -1 -1 -1 -1 -1 -1 -1 -1 -1 -1 -1 -1 -1 -1 -1 -1 -1 -1 -1 -1 -1 -1 -1 -1 -1 -1 -1 -1 -1 -1 4 Objectives: 0.0 0.0 0.0 Constraints: 	AlgorithmAttributes: {}

Variables: -1 -1 -1 -1 -1 -1 -1 -1 -1 -1 -1 -1 -1 -1 -1 -1 -1 -1 -1 -1 -1 -1 -1 -1 -1 -1 -1 -1 -1 -1 -1 -1 -1 -1 -1 -1 -1 -1 -1 -1 -1 -1 -1 -1 -1 -1 -1 -1 -1 -1 -1 -1 -1 -1 -1 -1 -1 -1 -1 -1 -1 -1 -1 -1 -1 -1 -1 -1 -1 -1 -1 -1 -1 -1 -1 -1 -1 -1 -1 -1 -1 -1 -1 -1 -1 -1 8 9 16 18 23 30 42 50 53 55 56 59 63 68 Objectives: 0.0 0.0 0.0 Constraints: 	AlgorithmAttributes: {}
,Variables: -1 -1 -1 -1 -1 -1 -1 -1 -1 -1 -1 -1 -1 -1 -1 -1 -1 -1 -1 -1 -1 -1 -1 -1 -1 -1 -1 -1 -1 -1 -1 -1 -1 -1 -1 -1 -1 -1 -1 -1 -1 -1 -1 -1 -1 -1 -1 -1 -1 -1 -1 -1 -1 -1 -1 -1 -1 -1 -1 -1 -1 -1 -1 -1 -1 -1 -1 -1 -1 -1 -1 -1 -1 -1 -1 -1 -1 -1 -1 -1 -1 -1 -1 -1 -1 -1 -1 -1 -1 -1 -1 -1 -1 -1 -1 -1 -1 -1 -1 60 Objectives: 0.0 0.0 0.0 Constraints: 	AlgorithmAttributes: {}

Variables: -1 -1 -1 -1 -1 -1 -1 -1 -1 -1 -1 -1 -1 -1 -1 -1 -1 -1 -1 -1 -1 -1 -1 -1 -1 -1 -1 -1 -1 -1 -1 -1 -1 -1 -1 -1 -1 -1 -1 -1 -1 -1 -1 -1 -1 -1 5 6 9 11 12 15 16 17 18 19 21 22 23 25 28 29 32 35 36 37 39 41 42 43 44 45 46 47 48 49 50 52 54 60 61 62 64 68 69 70 72 73 74 76 77 79 82 85 87 90 93 96 97 98 Objectives: 0.0 0.0 0.0 Constraints: 	AlgorithmAttributes: {}
,Variables: -1 -1 -1 -1 -1 -1 -1 -1 -1 -1 -1 -1 -1 -1 -1 -1 -1 -1 -1 -1 -1 -1 -1 -1 -1 -1 -1 -1 -1 -1 -1 -1 -1 -1 -1 -1 -1 -1 -1 -1 -1 -1 -1 -1 -1 -1 -1 -1 -1 -1 -1 -1 -1 -1 -1 -1 -1 -1 -1 -1 -1 -1 -1 -1 -1 -1 3 11 14 18 36 39 44 48 50 53 54 57 58 61 62 64 65 67 70 71 72 76 79 83 84 86 89 91 92 93 95 96 97 98 Objectives: 0.0 0.0 0.0 Constraints: 	AlgorithmAttributes: {}

Variables: -1 -1 -1 -1 -1 -1 -1 -1 -1 -1 -1 -1 -1 -1 -1 -1 -1 -1 -1 -1 -1 -1 -1 -1 -1 -1 -1 -1 -1 -1 -1 -1 -1 -1 -1 -1 -1 -1 -1 -1 -1 -1 -1 -1 0 2 3 4 6 7 8 9 10 11 12 15 18 20 21 22 23 25 28 32 35 38 39 42 43 44 47 52 53 54 55 57 58 62 64 66 67 70 71 72 73 74 76 77 82 83 84 85 86 90 93 94 95 96 97 98 Objectives: 0.0 0.0 0.0 Constraints: 	AlgorithmAttributes: {}
,Variables: -1 -1 -1 -1 -1 -1 -1 -1 -1 -1 -1 -1 -1 -1 -1 -1 -1 -1 -1 -1 -1 -1 -1 -1 -1 -1 -1 -1 -1 -1 -1 -1 -1 -1 -1 -1 -1 -1 -1 -1 -1 -1 -1 -1 -1 -1 -1 -1 -1 -1 -1 -1 -1 -1 -1 -1 -1 -1 -1 -1 -1 -1 -1 -1 -1 -1 -1 -1 -1 -1 -1 42 46 47 49 50 51 58 59 60 61 62 64 69 70 72 73 75 79 80 81 83 84 86 89 90 92 93 98 99 Objectives: 0.0 0.0 0.0 Constraints: 	AlgorithmAttributes: {}

Variables: -1 -1 -1 -1 -1 -1 -1 -1 -1 -1 -1 -1 -1 -1 -1 -1 -1 -1 -1 -1 -1 -1 -1 -1 -1 -1 -1 -1 -1 -1 -1 -1 -1 -1 -1 -1 -1 -1 -1 -1 -1 -1 -1 -1 -1 -1 -1 -1 -1 0 1 2 3 5 7 8 9 10 11 12 13 15 16 17 21 24 25 26 28 29 30 31 32 33 35 36 37 38 40 41 44 45 46 51 53 57 58 60 61 62 64 65 66 67 68 69 73 82 83 84 Objectives: 0.0 0.0 0.0 Constraints: 	AlgorithmAttributes: {}
,Variables: -1 -1 -1 -1 -1 -1 -1 -1 -1 -1 -1 -1 -1 -1 -1 -1 -1 -1 -1 -1 -1 -1 -1 -1 -1 -1 -1 -1 -1 -1 -1 -1 -1 -1 -1 -1 -1 -1 -1 -1 -1 -1 -1 -1 -1 -1 -1 -1 -1 -1 -1 -1 -1 -1 -1 -1 -1 -1 -1 -1 -1 -1 -1 -1 -1 -1 -1 -1 -1 -1 -1 -1 -1 -1 -1 -1 -1 -1 -1 -1 -1 -1 -1 -1 -1 -1 -1 -1 -1 -1 -1 -1 -1 -1 -1 -1 6 20 22 50 Objectives: 0.0 0.0 0.0 Constraints: 	AlgorithmAttributes: {}

Variables: -1 -1 -1 -1 -1 -1 -1 -1 -1 -1 -1 -1 -1 -1 -1 -1 -1 -1 -1 -1 -1 -1 -1 -1 -1 -1 -1 -1 -1 -1 -1 -1 -1 -1 -1 -1 -1 -1 -1 -1 -1 -1 -1 -1 -1 1 2 3 4 7 10 11 12 13 15 19 20 21 23 25 28 29 31 32 33 36 38 39 40 41 43 44 46 47 48 51 52 53 54 56 57 60 62 64 67 68 69 70 73 76 77 78 79 80 83 86 91 95 96 98 Objectives: 0.0 0.0 0.0 Constraints: 	AlgorithmAttributes: {}
,Variables: -1 -1 -1 -1 -1 -1 -1 -1 -1 -1 -1 -1 -1 -1 -1 -1 -1 -1 -1 -1 -1 -1 -1 -1 -1 -1 -1 -1 -1 -1 -1 -1 -1 -1 -1 -1 -1 -1 -1 -1 -1 -1 -1 -1 -1 -1 -1 -1 -1 -1 -1 -1 -1 -1 -1 -1 -1 -1 -1 -1 -1 -1 -1 -1 -1 -1 -1 -1 -1 -1 -1 -1 -1 -1 -1 -1 -1 -1 -1 -1 -1 -1 -1 -1 -1 -1 -1 -1 -1 -1 -1 -1 -1 -1 -1 -1 -1 35 60 91 Objectives: 0.0 0.0 0.0 Constraints: 	AlgorithmAttributes: {}

Variables: -1 -1 -1 -1 -1 -1 -1 -1 -1 -1 -1 -1 -1 -1 -1 -1 -1 -1 -1 -1 -1 -1 -1 -1 -1 -1 -1 -1 -1 -1 -1 -1 -1 -1 -1 -1 -1 -1 -1 -1 1 2 3 4 6 8 9 11 12 13 14 16 18 19 20 21 23 25 27 30 31 33 39 40 42 43 44 46 49 52 53 54 55 56 58 60 61 62 63 64 67 68 71 72 73 75 77 78 79 80 82 83 86 88 94 95 96 97 98 99 Objectives: 0.0 0.0 0.0 Constraints: 	AlgorithmAttributes: {}
,Variables: -1 -1 -1 -1 -1 -1 -1 -1 -1 -1 -1 -1 -1 -1 -1 -1 -1 -1 -1 -1 -1 -1 -1 -1 -1 -1 -1 -1 -1 -1 -1 -1 -1 -1 -1 -1 -1 -1 -1 -1 -1 -1 -1 -1 -1 -1 -1 -1 -1 -1 -1 -1 -1 -1 -1 -1 -1 -1 -1 -1 -1 -1 -1 0 1 2 8 13 20 21 22 25 27 28 29 30 32 35 37 38 39 42 46 52 61 62 63 66 69 71 72 75 78 80 84 85 89 90 94 97 Objectives: 0.0 0.0 0.0 Constraints: 	AlgorithmAttributes: {}

Variables: -1 -1 -1 -1 -1 -1 -1 -1 -1 -1 -1 -1 -1 -1 -1 -1 -1 -1 -1 -1 -1 -1 -1 -1 -1 -1 -1 -1 -1 -1 -1 -1 -1 -1 -1 -1 1 2 3 4 5 6 8 10 12 14 16 17 18 19 20 21 23 24 25 27 28 30 36 37 39 40 41 42 45 47 50 53 56 57 60 62 63 66 67 69 70 74 75 77 79 80 81 82 83 85 86 87 88 89 90 91 92 93 94 95 96 97 98 99 Objectives: 0.0 0.0 0.0 Constraints: 	AlgorithmAttributes: {}
,Variables: -1 -1 -1 -1 -1 -1 -1 -1 -1 -1 -1 -1 -1 -1 -1 -1 -1 -1 -1 -1 -1 -1 -1 -1 -1 -1 -1 -1 -1 -1 -1 -1 -1 0 1 4 5 6 10 11 12 13 14 16 18 19 20 21 22 23 24 26 28 29 30 31 32 35 36 38 39 40 42 43 44 45 47 48 49 50 51 53 56 57 58 59 60 61 62 63 64 67 70 71 73 74 76 79 80 81 82 85 87 89 90 93 95 96 98 99 Objectives: 0.0 0.0 0.0 Constraints: 	AlgorithmAttributes: {}

Variables: -1 -1 -1 -1 -1 -1 -1 -1 -1 -1 -1 -1 -1 -1 -1 -1 -1 -1 -1 -1 -1 -1 -1 -1 -1 -1 -1 -1 -1 -1 -1 -1 -1 -1 -1 -1 -1 -1 -1 -1 -1 -1 -1 -1 -1 -1 -1 -1 -1 -1 -1 -1 -1 -1 -1 0 1 4 5 9 24 28 30 32 36 38 40 41 42 44 45 48 51 54 55 56 57 58 59 60 61 64 66 69 70 74 77 78 79 81 83 85 86 89 90 91 95 96 97 99 Objectives: 0.0 0.0 0.0 Constraints: 	AlgorithmAttributes: {}
,Variables: -1 -1 -1 -1 -1 -1 -1 -1 -1 -1 -1 -1 -1 -1 -1 -1 -1 -1 -1 -1 -1 -1 -1 -1 -1 -1 -1 -1 -1 -1 -1 -1 -1 -1 -1 -1 -1 -1 -1 -1 -1 -1 -1 -1 -1 -1 -1 -1 -1 -1 -1 -1 -1 -1 -1 -1 -1 -1 -1 0 4 5 7 9 14 19 20 21 22 24 26 29 34 37 41 43 44 45 46 48 49 55 57 58 59 62 66 69 71 75 77 78 79 80 81 85 86 91 94 98 Objectives: 0.0 0.0 0.0 Constraints: 	AlgorithmAttributes: {}

Variables: -1 -1 -1 -1 -1 -1 -1 -1 -1 -1 -1 -1 -1 -1 -1 -1 -1 -1 -1 -1 -1 -1 -1 -1 -1 -1 -1 -1 -1 -1 -1 -1 -1 -1 -1 -1 -1 -1 -1 -1 -1 -1 -1 -1 0 1 2 4 6 8 9 11 12 13 16 18 19 21 22 23 25 27 31 32 33 38 39 40 42 43 44 44 45 46 46 47 49 51 52 53 55 55 56 56 58 58 59 60 60 61 62 62 63 63 65 67 71 85 93 95 Objectives: 0.0 0.0 0.0 Constraints: 	AlgorithmAttributes: {}
,Variables: -1 -1 -1 -1 -1 -1 -1 -1 -1 -1 -1 -1 -1 -1 -1 -1 -1 -1 -1 -1 -1 -1 -1 -1 -1 -1 -1 -1 -1 -1 -1 -1 -1 -1 -1 -1 -1 -1 -1 -1 -1 -1 -1 -1 -1 -1 -1 -1 -1 -1 -1 -1 -1 -1 -1 -1 -1 -1 -1 -1 -1 -1 -1 -1 -1 -1 -1 -1 -1 -1 -1 -1 -1 -1 -1 -1 -1 -1 -1 -1 -1 -1 -1 -1 -1 -1 -1 1 2 10 11 16 20 21 23 46 62 63 67 83 Objectives: 0.0 0.0 0.0 Constraints: 	AlgorithmAttributes: {}

Variables: -1 -1 -1 -1 -1 -1 -1 -1 -1 -1 -1 -1 -1 -1 -1 -1 -1 -1 -1 -1 -1 -1 -1 -1 -1 -1 -1 -1 -1 -1 -1 -1 -1 -1 -1 -1 -1 -1 -1 -1 -1 -1 -1 -1 -1 -1 5 7 8 10 13 15 18 19 21 22 23 24 26 27 28 31 32 37 38 41 42 43 44 45 46 48 50 52 56 57 58 60 62 63 64 65 66 67 68 71 72 74 75 76 77 80 82 88 89 90 91 92 98 99 Objectives: 0.0 0.0 0.0 Constraints: 	AlgorithmAttributes: {}
,Variables: -1 -1 -1 -1 -1 -1 -1 -1 -1 -1 -1 -1 -1 -1 -1 -1 -1 -1 -1 -1 -1 -1 -1 -1 -1 -1 -1 -1 -1 -1 -1 -1 -1 -1 -1 -1 -1 -1 -1 -1 -1 -1 -1 -1 -1 -1 -1 -1 -1 0 1 2 4 5 6 7 8 10 11 13 14 17 18 19 24 25 31 33 35 37 38 42 43 46 48 50 53 55 57 58 61 65 66 69 71 73 74 75 79 81 82 85 87 88 89 90 91 94 96 97 Objectives: 0.0 0.0 0.0 Constraints: 	AlgorithmAttributes: {}

Variables: -1 -1 -1 -1 -1 -1 -1 -1 -1 -1 -1 -1 -1 -1 -1 -1 -1 -1 -1 -1 -1 -1 -1 -1 -1 -1 -1 -1 -1 -1 -1 -1 -1 -1 -1 -1 -1 -1 -1 -1 -1 -1 -1 -1 -1 -1 -1 -1 -1 0 2 3 4 5 8 10 12 13 14 15 16 17 20 21 22 28 32 34 36 38 39 40 42 43 44 47 49 50 53 55 58 59 60 62 64 67 68 73 74 77 78 79 82 86 88 90 93 95 97 98 Objectives: 0.0 0.0 0.0 Constraints: 	AlgorithmAttributes: {}
,Variables: -1 -1 -1 -1 -1 -1 -1 -1 -1 -1 -1 -1 -1 -1 -1 -1 -1 -1 -1 -1 -1 -1 -1 -1 -1 -1 -1 -1 -1 -1 -1 -1 -1 -1 -1 -1 -1 -1 -1 -1 -1 -1 -1 -1 -1 -1 -1 -1 -1 -1 -1 0 2 4 5 6 7 9 10 12 17 20 26 27 28 29 30 31 32 33 34 36 37 38 39 42 43 44 46 48 49 50 51 52 53 58 59 60 62 64 65 66 78 81 83 86 91 95 96 98 Objectives: 0.0 0.0 0.0 Constraints: 	AlgorithmAttributes: {}

Variables: -1 -1 -1 -1 -1 -1 -1 -1 -1 -1 -1 -1 -1 -1 -1 -1 -1 -1 -1 -1 -1 -1 -1 -1 -1 -1 -1 -1 -1 -1 -1 -1 -1 -1 -1 -1 -1 -1 -1 -1 -1 -1 -1 -1 2 3 10 11 12 13 15 19 20 21 25 28 29 30 31 32 34 36 37 38 39 42 43 44 46 47 48 49 52 54 55 57 58 59 60 62 65 66 71 73 74 75 78 80 81 83 84 85 88 89 91 93 94 95 96 97 Objectives: 0.0 0.0 0.0 Constraints: 	AlgorithmAttributes: {}
,Variables: -1 -1 -1 -1 -1 -1 -1 -1 -1 -1 -1 -1 -1 -1 -1 -1 -1 -1 -1 -1 -1 -1 -1 -1 -1 -1 -1 -1 -1 -1 -1 -1 -1 -1 -1 -1 -1 -1 -1 -1 -1 -1 -1 -1 -1 -1 -1 -1 -1 -1 -1 -1 -1 -1 -1 1 4 11 13 14 15 16 19 20 22 24 25 26 27 28 30 31 33 34 36 40 41 42 49 51 52 54 59 60 63 64 67 70 71 73 77 82 86 88 89 90 91 92 95 96 Objectives: 0.0 0.0 0.0 Constraints: 	AlgorithmAttributes: {}

Variables: -1 -1 -1 -1 -1 -1 -1 -1 -1 -1 -1 -1 -1 -1 -1 -1 -1 -1 -1 -1 -1 -1 -1 -1 -1 -1 -1 -1 -1 -1 -1 -1 -1 -1 -1 -1 -1 -1 -1 -1 -1 -1 -1 -1 -1 -1 -1 1 2 3 4 5 7 8 10 14 15 16 19 20 21 23 24 26 29 32 33 34 35 36 40 42 43 46 47 49 51 52 54 56 57 58 59 62 64 65 68 73 76 79 80 81 82 83 84 85 86 87 88 90 Objectives: 0.0 0.0 0.0 Constraints: 	AlgorithmAttributes: {}
,Variables: -1 -1 -1 -1 -1 -1 -1 -1 -1 -1 -1 -1 -1 -1 -1 -1 -1 -1 -1 -1 -1 -1 -1 -1 -1 -1 -1 -1 -1 -1 -1 -1 -1 -1 -1 -1 -1 -1 -1 -1 -1 -1 -1 -1 -1 -1 -1 -1 -1 -1 -1 -1 -1 -1 -1 -1 -1 -1 -1 -1 -1 -1 -1 -1 -1 -1 -1 -1 -1 -1 -1 -1 1 4 6 7 8 9 10 14 16 20 21 22 25 30 31 32 33 35 38 40 41 42 45 47 48 49 50 59 Objectives: 0.0 0.0 0.0 Constraints: 	AlgorithmAttributes: {}

Variables: -1 -1 -1 -1 -1 -1 -1 -1 -1 -1 -1 -1 -1 -1 -1 -1 -1 -1 -1 -1 -1 -1 -1 -1 -1 -1 -1 -1 -1 -1 -1 -1 -1 -1 -1 -1 -1 -1 -1 -1 -1 -1 -1 -1 -1 -1 -1 -1 -1 -1 -1 -1 -1 -1 0 1 2 3 6 7 10 11 13 15 19 20 21 23 24 28 30 31 34 37 43 46 47 48 49 51 54 55 59 63 64 65 66 67 69 70 73 75 76 78 79 80 83 85 86 91 Objectives: 0.0 0.0 0.0 Constraints: 	AlgorithmAttributes: {}
,Variables: -1 -1 -1 -1 -1 -1 -1 -1 -1 -1 -1 -1 -1 -1 -1 -1 -1 -1 -1 -1 -1 -1 -1 -1 -1 -1 -1 -1 -1 -1 -1 -1 -1 -1 -1 -1 -1 -1 -1 -1 -1 -1 -1 -1 -1 -1 -1 -1 -1 -1 -1 -1 -1 -1 -1 -1 -1 -1 -1 -1 -1 -1 -1 -1 -1 -1 -1 -1 -1 -1 -1 -1 -1 -1 -1 -1 -1 -1 -1 -1 -1 -1 -1 -1 -1 -1 -1 -1 -1 -1 -1 -1 -1 -1 -1 -1 -1 -1 -1 59 Objectives: 0.0 0.0 0.0 Constraints: 	AlgorithmAttributes: {}

Variables: -1 -1 -1 -1 -1 -1 -1 -1 -1 -1 -1 -1 -1 -1 -1 -1 -1 -1 -1 -1 -1 -1 -1 -1 -1 -1 -1 -1 -1 -1 -1 -1 -1 -1 -1 -1 -1 -1 -1 -1 -1 -1 -1 0 1 2 3 4 6 8 9 11 13 14 16 19 20 22 25 27 30 31 32 33 35 38 39 42 43 46 49 52 53 54 56 58 59 60 60 61 63 63 64 65 66 66 67 68 69 70 71 73 76 79 80 82 87 91 95 96 Objectives: 0.0 0.0 0.0 Constraints: 	AlgorithmAttributes: {}
,Variables: -1 -1 -1 -1 -1 -1 -1 -1 -1 -1 -1 -1 -1 -1 -1 -1 -1 -1 -1 -1 -1 -1 -1 -1 -1 -1 -1 -1 -1 -1 -1 -1 -1 -1 -1 -1 -1 -1 -1 -1 -1 -1 -1 -1 -1 -1 -1 -1 -1 -1 -1 -1 -1 -1 -1 -1 -1 -1 -1 -1 -1 -1 -1 -1 -1 -1 -1 -1 -1 -1 -1 -1 -1 -1 -1 -1 1 2 3 4 5 6 9 11 25 44 45 46 53 57 59 60 64 67 72 73 74 83 85 91 Objectives: 0.0 0.0 0.0 Constraints: 	AlgorithmAttributes: {}

Variables: -1 -1 -1 -1 -1 -1 -1 -1 -1 -1 -1 -1 -1 -1 -1 -1 -1 -1 -1 -1 -1 -1 -1 -1 -1 -1 -1 -1 -1 -1 -1 -1 -1 -1 -1 -1 -1 -1 -1 -1 -1 -1 -1 -1 -1 -1 -1 -1 -1 2 8 9 11 12 13 16 18 19 21 22 25 27 30 31 33 35 38 39 40 42 43 44 46 49 52 53 54 54 56 58 59 60 61 62 63 64 65 66 67 68 72 77 78 80 83 86 88 90 94 96 Objectives: 0.0 0.0 0.0 Constraints: 	AlgorithmAttributes: {}
,Variables: -1 -1 -1 -1 -1 -1 -1 -1 -1 -1 -1 -1 -1 -1 -1 -1 -1 -1 -1 -1 -1 -1 -1 -1 -1 -1 -1 -1 -1 -1 -1 -1 -1 -1 -1 -1 -1 -1 -1 -1 -1 -1 -1 -1 -1 -1 -1 -1 -1 -1 -1 -1 -1 -1 -1 -1 -1 -1 -1 -1 -1 -1 -1 -1 -1 -1 -1 -1 -1 -1 -1 -1 -1 -1 -1 -1 -1 -1 -1 -1 -1 -1 -1 -1 -1 -1 -1 -1 -1 -1 -1 -1 -1 -1 -1 -1 -1 -1 -1 60 Objectives: 0.0 0.0 0.0 Constraints: 	AlgorithmAttributes: {}

Variables: -1 -1 -1 -1 -1 -1 -1 -1 -1 -1 -1 -1 -1 -1 -1 -1 -1 -1 -1 -1 -1 -1 -1 -1 -1 -1 -1 -1 -1 -1 -1 -1 -1 -1 -1 -1 -1 -1 -1 -1 -1 -1 -1 -1 -1 -1 -1 -1 -1 -1 -1 -1 -1 -1 -1 -1 -1 -1 -1 -1 -1 -1 -1 -1 -1 -1 -1 -1 -1 -1 -1 -1 -1 -1 -1 -1 -1 -1 -1 -1 -1 -1 -1 -1 -1 -1 -1 -1 -1 -1 -1 0 2 8 23 42 46 50 54 59 Objectives: 0.0 0.0 0.0 Constraints: 	AlgorithmAttributes: {}
,Variables: -1 -1 -1 -1 -1 -1 -1 -1 -1 -1 -1 -1 -1 -1 -1 -1 -1 -1 -1 -1 -1 -1 -1 -1 -1 -1 -1 -1 -1 -1 -1 -1 -1 -1 -1 -1 -1 -1 -1 -1 -1 -1 -1 -1 -1 -1 -1 -1 -1 -1 -1 -1 -1 -1 -1 -1 -1 -1 -1 -1 -1 -1 -1 -1 -1 -1 -1 -1 -1 -1 -1 -1 -1 -1 -1 -1 -1 -1 -1 -1 -1 -1 -1 -1 -1 -1 -1 -1 -1 -1 -1 -1 -1 -1 -1 -1 -1 -1 -1 60 Objectives: 0.0 0.0 0.0 Constraints: 	AlgorithmAttributes: {}

Variables: -1 -1 -1 -1 -1 -1 -1 -1 -1 -1 -1 -1 -1 -1 -1 -1 -1 -1 -1 -1 -1 -1 -1 -1 -1 -1 -1 -1 -1 -1 -1 -1 -1 -1 -1 4 5 6 7 8 10 13 15 18 19 21 22 23 24 26 27 28 29 31 32 36 37 38 41 42 43 44 45 46 48 50 52 54 55 56 57 58 60 61 62 63 64 65 66 67 68 70 71 72 74 75 76 77 80 81 82 88 89 90 91 92 93 96 98 99 Objectives: 0.0 0.0 0.0 Constraints: 	AlgorithmAttributes: {}
,Variables: -1 -1 -1 -1 -1 -1 -1 -1 -1 -1 -1 -1 -1 -1 -1 -1 -1 -1 -1 -1 -1 -1 -1 -1 -1 -1 -1 -1 -1 -1 -1 -1 -1 -1 -1 0 1 2 4 5 6 7 8 9 10 11 12 13 14 15 17 18 19 23 24 25 27 31 33 35 37 38 42 43 45 46 48 50 52 53 55 57 58 60 61 62 65 66 69 70 71 73 74 75 76 79 81 82 83 85 86 87 88 89 90 91 93 94 96 97 Objectives: 0.0 0.0 0.0 Constraints: 	AlgorithmAttributes: {}

Variables: -1 -1 -1 -1 -1 -1 -1 -1 -1 -1 -1 -1 -1 -1 -1 -1 -1 -1 -1 -1 -1 -1 -1 -1 -1 -1 -1 -1 -1 -1 -1 -1 -1 -1 -1 -1 -1 -1 -1 -1 -1 -1 -1 -1 -1 -1 -1 -1 1 2 4 6 10 11 12 15 19 20 21 23 24 25 28 29 30 31 32 33 34 38 39 40 41 42 43 46 47 48 49 51 52 53 55 56 62 65 67 68 69 71 77 80 81 82 87 88 90 93 95 97 Objectives: 0.0 0.0 0.0 Constraints: 	AlgorithmAttributes: {}
,Variables: -1 -1 -1 -1 -1 -1 -1 -1 -1 -1 -1 -1 -1 -1 -1 -1 -1 -1 -1 -1 -1 -1 -1 -1 -1 -1 -1 -1 -1 -1 -1 -1 -1 -1 -1 -1 -1 -1 -1 -1 -1 -1 -1 -1 -1 -1 -1 -1 -1 -1 -1 -1 -1 -1 -1 -1 -1 0 2 3 4 6 8 11 12 27 28 31 35 38 40 42 45 47 48 49 51 54 55 56 57 58 60 62 63 64 66 68 72 73 78 80 81 83 87 91 94 96 97 98 Objectives: 0.0 0.0 0.0 Constraints: 	AlgorithmAttributes: {}

Variables: -1 -1 -1 -1 -1 -1 -1 -1 -1 -1 -1 -1 -1 -1 -1 -1 -1 -1 -1 -1 -1 -1 -1 -1 -1 -1 -1 -1 -1 -1 -1 -1 -1 -1 -1 -1 1 2 4 6 7 8 9 10 13 14 15 17 18 21 22 24 25 26 27 29 30 31 32 33 39 41 43 45 46 49 50 51 52 54 57 58 60 61 63 64 66 68 69 70 71 72 73 74 75 76 77 78 81 82 83 84 86 87 90 93 94 97 98 99 Objectives: 0.0 0.0 0.0 Constraints: 	AlgorithmAttributes: {}
,Variables: -1 -1 -1 -1 -1 -1 -1 -1 -1 -1 -1 -1 -1 -1 -1 -1 -1 -1 -1 -1 -1 -1 -1 -1 -1 -1 -1 -1 -1 -1 -1 -1 -1 -1 -1 -1 -1 -1 -1 -1 -1 1 2 6 7 8 9 10 11 15 16 17 18 19 21 23 25 26 27 28 29 30 32 33 34 35 36 38 40 41 42 44 47 48 50 52 53 54 55 58 59 62 63 65 66 70 71 75 76 77 78 83 84 85 86 89 90 94 95 96 Objectives: 0.0 0.0 0.0 Constraints: 	AlgorithmAttributes: {}

Variables: -1 -1 -1 -1 -1 -1 -1 -1 -1 -1 -1 -1 -1 -1 -1 -1 -1 -1 -1 -1 -1 -1 -1 -1 -1 -1 -1 -1 -1 -1 -1 -1 -1 -1 -1 1 2 3 4 7 13 14 16 17 18 19 20 21 23 24 25 26 27 28 30 31 33 35 37 38 39 40 41 42 43 45 46 47 48 49 52 56 57 59 60 61 65 68 69 71 72 73 74 75 77 78 79 80 81 84 85 86 87 89 90 93 95 96 97 99 Objectives: 0.0 0.0 0.0 Constraints: 	AlgorithmAttributes: {}
,Variables: -1 -1 -1 -1 -1 -1 -1 -1 -1 -1 -1 -1 -1 -1 -1 -1 -1 -1 -1 -1 -1 -1 -1 -1 -1 -1 -1 -1 -1 -1 -1 -1 -1 -1 -1 -1 -1 -1 -1 -1 -1 2 3 6 7 8 9 10 12 13 15 16 17 18 20 27 28 29 30 37 40 42 43 45 46 47 48 51 53 55 58 59 62 64 65 66 68 69 71 72 73 75 76 77 78 79 81 82 83 86 87 88 89 90 92 93 95 96 98 99 Objectives: 0.0 0.0 0.0 Constraints: 	AlgorithmAttributes: {}

Variables: -1 -1 -1 -1 -1 -1 -1 -1 -1 -1 -1 -1 -1 -1 -1 -1 -1 -1 -1 -1 -1 -1 -1 -1 -1 -1 -1 -1 -1 -1 -1 -1 -1 -1 -1 -1 -1 -1 -1 -1 -1 -1 -1 -1 -1 -1 -1 1 2 3 4 5 6 9 10 11 15 16 17 18 21 22 23 24 26 28 32 34 36 39 41 43 45 46 47 48 49 50 52 54 57 59 60 62 68 69 70 72 73 76 77 79 82 85 87 90 93 96 97 98 Objectives: 0.0 0.0 0.0 Constraints: 	AlgorithmAttributes: {}
,Variables: -1 -1 -1 -1 -1 -1 -1 -1 -1 -1 -1 -1 -1 -1 -1 -1 -1 -1 -1 -1 -1 -1 -1 -1 -1 -1 -1 -1 -1 -1 -1 -1 -1 -1 -1 -1 -1 -1 -1 -1 -1 -1 -1 -1 -1 -1 -1 -1 -1 -1 -1 -1 -1 -1 -1 -1 -1 -1 -1 -1 -1 -1 -1 -1 -1 -1 -1 -1 -1 -1 -1 -1 -1 -1 -1 -1 -1 14 18 36 44 48 50 53 54 58 61 64 65 71 72 76 83 89 92 93 95 96 97 98 Objectives: 0.0 0.0 0.0 Constraints: 	AlgorithmAttributes: {}

Variables: -1 -1 -1 -1 -1 -1 -1 -1 -1 -1 -1 -1 -1 -1 -1 -1 -1 -1 -1 -1 -1 -1 -1 -1 -1 -1 -1 -1 -1 -1 -1 -1 -1 -1 -1 -1 -1 -1 -1 -1 -1 -1 -1 -1 -1 -1 -1 -1 -1 -1 -1 0 1 2 3 4 6 7 8 12 13 14 15 16 17 18 19 21 23 24 25 28 32 34 35 36 38 42 44 51 53 56 57 58 59 60 61 62 64 65 66 67 68 69 73 76 82 83 84 85 Objectives: 0.0 0.0 0.0 Constraints: 	AlgorithmAttributes: {}
,Variables: -1 -1 -1 -1 -1 -1 -1 -1 -1 -1 -1 -1 -1 -1 -1 -1 -1 -1 -1 -1 -1 -1 -1 -1 -1 -1 -1 -1 -1 -1 -1 -1 -1 -1 -1 -1 -1 -1 -1 -1 -1 -1 -1 -1 -1 -1 -1 -1 -1 -1 -1 -1 -1 -1 -1 -1 -1 -1 -1 -1 -1 -1 -1 -1 -1 -1 -1 -1 -1 -1 -1 -1 -1 -1 -1 -1 -1 -1 -1 -1 -1 -1 -1 -1 -1 -1 -1 -1 -1 -1 -1 -1 -1 -1 -1 -1 6 20 22 50 Objectives: 0.0 0.0 0.0 Constraints: 	AlgorithmAttributes: {}

Variables: -1 -1 -1 -1 -1 -1 -1 -1 -1 -1 -1 -1 -1 -1 -1 -1 -1 -1 -1 -1 -1 -1 -1 -1 -1 -1 -1 -1 -1 -1 -1 -1 -1 -1 -1 -1 -1 -1 -1 0 3 4 6 7 10 11 12 14 15 16 19 20 24 28 29 30 31 32 36 38 40 41 42 44 45 48 51 52 54 55 56 57 58 59 60 61 64 65 66 68 69 70 73 74 75 77 78 79 81 83 85 86 89 90 91 94 95 96 97 99 Objectives: 0.0 0.0 0.0 Constraints: 	AlgorithmAttributes: {}
,Variables: -1 -1 -1 -1 -1 -1 -1 -1 -1 -1 -1 -1 -1 -1 -1 -1 -1 -1 -1 -1 -1 -1 -1 -1 -1 -1 -1 -1 -1 -1 -1 -1 -1 -1 -1 -1 -1 -1 -1 -1 0 4 5 7 9 11 12 14 19 20 21 22 24 26 28 29 30 32 34 37 40 41 43 44 45 46 47 48 49 50 53 55 57 58 59 62 63 64 66 67 68 69 70 71 75 77 78 79 80 81 84 85 86 87 90 91 93 94 97 98 Objectives: 0.0 0.0 0.0 Constraints: 	AlgorithmAttributes: {}

Variables: -1 -1 -1 -1 -1 -1 -1 -1 -1 -1 -1 -1 -1 -1 -1 -1 -1 -1 -1 -1 -1 -1 -1 -1 -1 -1 -1 -1 -1 -1 -1 -1 -1 -1 -1 -1 -1 -1 -1 -1 -1 -1 -1 0 2 3 4 6 8 9 11 13 14 20 21 23 25 27 30 31 32 33 35 39 40 42 43 44 46 49 52 53 54 55 58 60 61 63 65 66 67 68 71 72 73 74 75 77 78 79 80 82 83 86 88 90 94 96 98 99 Objectives: 0.0 0.0 0.0 Constraints: 	AlgorithmAttributes: {}
,Variables: -1 -1 -1 -1 -1 -1 -1 -1 -1 -1 -1 -1 -1 -1 -1 -1 -1 -1 -1 -1 -1 -1 -1 -1 -1 -1 -1 -1 -1 -1 -1 -1 -1 -1 -1 -1 -1 -1 -1 -1 -1 -1 -1 -1 -1 -1 -1 -1 -1 -1 -1 -1 -1 -1 -1 -1 -1 -1 -1 -1 -1 -1 -1 -1 -1 1 2 4 5 6 8 9 13 14 15 16 35 37 38 39 42 43 46 48 49 50 52 53 55 56 61 63 69 72 73 78 80 84 90 97 Objectives: 0.0 0.0 0.0 Constraints: 	AlgorithmAttributes: {}

Variables: -1 -1 -1 -1 -1 -1 -1 -1 -1 -1 -1 -1 -1 -1 -1 -1 -1 -1 -1 -1 -1 -1 -1 -1 -1 -1 -1 -1 -1 -1 -1 -1 -1 -1 -1 -1 -1 -1 -1 -1 -1 -1 -1 -1 -1 -1 -1 -1 0 1 2 4 5 8 9 11 12 13 14 15 16 20 21 23 24 25 28 29 30 31 32 33 36 39 40 41 42 43 44 46 47 48 51 52 53 55 56 57 58 59 65 68 69 73 76 78 79 81 85 86 Objectives: 0.0 0.0 0.0 Constraints: 	AlgorithmAttributes: {}
,Variables: -1 -1 -1 -1 -1 -1 -1 -1 -1 -1 -1 -1 -1 -1 -1 -1 -1 -1 -1 -1 -1 -1 -1 -1 -1 -1 -1 -1 -1 -1 -1 -1 -1 -1 -1 -1 -1 -1 -1 -1 -1 -1 -1 -1 -1 -1 -1 -1 -1 -1 -1 -1 -1 -1 -1 -1 -1 -1 -1 -1 -1 -1 -1 -1 -1 -1 -1 -1 -1 -1 -1 -1 -1 -1 -1 -1 -1 -1 -1 -1 -1 -1 -1 -1 -1 -1 -1 -1 -1 -1 -1 -1 -1 -1 0 2 6 21 22 50 Objectives: 0.0 0.0 0.0 Constraints: 	AlgorithmAttributes: {}

Variables: -1 -1 -1 -1 -1 -1 -1 -1 -1 -1 -1 -1 -1 -1 -1 -1 -1 -1 -1 -1 -1 -1 -1 -1 -1 -1 -1 -1 -1 -1 -1 -1 -1 -1 -1 -1 -1 -1 -1 -1 -1 -1 -1 -1 -1 1 2 3 4 6 7 10 11 15 21 23 24 25 28 29 30 31 32 33 34 37 38 39 40 41 42 43 44 46 48 51 53 54 56 57 60 64 65 66 68 69 70 72 75 76 77 81 82 83 84 88 89 90 91 96 Objectives: 0.0 0.0 0.0 Constraints: 	AlgorithmAttributes: {}
,Variables: -1 -1 -1 -1 -1 -1 -1 -1 -1 -1 -1 -1 -1 -1 -1 -1 -1 -1 -1 -1 -1 -1 -1 -1 -1 -1 -1 -1 -1 -1 -1 -1 -1 -1 -1 -1 -1 -1 -1 -1 -1 -1 -1 -1 -1 -1 0 1 2 3 4 5 6 7 9 12 13 14 15 16 20 22 23 25 28 29 31 32 34 36 38 39 44 46 47 48 52 53 54 55 57 58 59 62 63 64 65 68 70 71 73 80 81 86 87 89 90 93 95 98 Objectives: 0.0 0.0 0.0 Constraints: 	AlgorithmAttributes: {}

Variables: -1 -1 -1 -1 -1 -1 -1 -1 -1 -1 -1 -1 -1 -1 -1 -1 -1 -1 -1 -1 -1 -1 -1 -1 -1 -1 -1 -1 -1 -1 -1 -1 -1 -1 -1 -1 -1 -1 -1 -1 -1 -1 -1 -1 -1 -1 -1 -1 -1 -1 -1 -1 -1 2 4 5 7 9 10 12 19 20 22 26 28 29 33 37 38 41 43 45 47 49 51 54 55 56 57 58 60 61 62 64 65 66 67 69 72 75 76 77 81 82 89 94 95 96 98 99 Objectives: 0.0 0.0 0.0 Constraints: 	AlgorithmAttributes: {}
,Variables: -1 -1 -1 -1 -1 -1 -1 -1 -1 -1 -1 -1 -1 -1 -1 -1 -1 -1 -1 -1 -1 -1 -1 -1 -1 -1 -1 -1 -1 -1 -1 -1 -1 -1 -1 -1 -1 -1 -1 -1 -1 -1 -1 -1 -1 -1 -1 -1 -1 -1 -1 -1 -1 -1 -1 -1 -1 -1 -1 -1 -1 -1 -1 -1 -1 -1 -1 -1 -1 -1 -1 -1 -1 -1 -1 -1 -1 -1 -1 -1 -1 -1 -1 -1 -1 -1 -1 -1 -1 -1 -1 -1 -1 -1 -1 -1 -1 -1 -1 90 Objectives: 0.0 0.0 0.0 Constraints: 	AlgorithmAttributes: {}

Variables: -1 -1 -1 -1 -1 -1 -1 -1 -1 -1 -1 -1 -1 -1 -1 -1 -1 -1 -1 -1 -1 -1 -1 -1 -1 -1 -1 -1 -1 -1 -1 -1 -1 -1 -1 -1 -1 -1 -1 -1 -1 -1 -1 -1 -1 -1 4 7 9 10 12 14 15 17 19 20 23 24 26 27 28 29 30 31 32 33 34 35 36 37 38 43 44 46 46 47 47 48 49 50 51 54 55 56 57 57 58 60 61 64 65 66 68 69 70 73 82 83 85 92 Objectives: 0.0 0.0 0.0 Constraints: 	AlgorithmAttributes: {}
,Variables: -1 -1 -1 -1 -1 -1 -1 -1 -1 -1 -1 -1 -1 -1 -1 -1 -1 -1 -1 -1 -1 -1 -1 -1 -1 -1 -1 -1 -1 -1 -1 -1 -1 -1 -1 -1 -1 -1 -1 -1 -1 -1 -1 -1 -1 -1 -1 -1 -1 -1 -1 -1 -1 -1 -1 -1 -1 -1 -1 -1 -1 -1 -1 -1 -1 -1 -1 -1 -1 -1 -1 -1 0 2 3 4 5 6 7 9 12 13 16 17 19 21 22 25 27 28 29 35 38 41 42 44 46 48 50 59 Objectives: 0.0 0.0 0.0 Constraints: 	AlgorithmAttributes: {}

Variables: -1 -1 -1 -1 -1 -1 -1 -1 -1 -1 -1 -1 -1 -1 -1 -1 -1 -1 -1 -1 -1 -1 -1 -1 -1 -1 -1 -1 -1 -1 -1 -1 -1 -1 -1 -1 -1 -1 -1 -1 -1 -1 -1 -1 -1 -1 1 2 3 4 4 6 7 8 10 11 11 12 13 15 15 18 19 20 20 21 23 23 24 25 28 31 32 32 32 34 35 35 36 39 39 42 42 49 52 55 58 60 65 67 68 72 73 74 75 82 88 96 97 98 Objectives: 0.0 0.0 0.0 Constraints: 	AlgorithmAttributes: {}
,Variables: -1 -1 -1 -1 -1 -1 -1 -1 -1 -1 -1 -1 -1 -1 -1 -1 -1 -1 -1 -1 -1 -1 -1 -1 -1 -1 -1 -1 -1 -1 -1 -1 -1 -1 -1 -1 -1 -1 -1 -1 -1 -1 -1 -1 -1 -1 -1 -1 -1 -1 -1 -1 -1 -1 -1 -1 -1 -1 -1 -1 -1 -1 -1 -1 -1 -1 -1 -1 -1 -1 -1 -1 -1 -1 -1 -1 -1 -1 -1 -1 -1 -1 -1 -1 -1 -1 -1 -1 -1 -1 -1 -1 -1 -1 0 1 2 3 89 97 Objectives: 0.0 0.0 0.0 Constraints: 	AlgorithmAttributes: {}

Variables: -1 -1 -1 -1 -1 -1 -1 -1 -1 -1 -1 -1 -1 -1 -1 -1 -1 -1 -1 -1 -1 -1 -1 -1 -1 -1 -1 -1 -1 -1 -1 -1 -1 -1 0 1 2 3 5 9 10 11 12 13 16 17 19 20 23 26 28 29 31 32 33 36 37 38 39 40 41 42 43 44 45 50 51 52 53 54 56 57 58 59 61 63 65 66 67 68 69 70 71 72 73 77 78 79 81 82 85 86 87 88 90 91 93 95 96 97 Objectives: 0.0 0.0 0.0 Constraints: 	AlgorithmAttributes: {}
,Variables: -1 -1 -1 -1 -1 -1 -1 -1 -1 -1 -1 -1 -1 -1 -1 -1 -1 -1 -1 -1 -1 -1 -1 -1 -1 -1 -1 -1 -1 -1 -1 -1 -1 -1 -1 -1 -1 -1 -1 -1 0 2 3 4 5 7 8 9 11 12 13 15 16 18 19 20 21 25 26 28 29 30 31 32 33 34 35 36 38 39 40 41 42 43 44 46 47 48 49 50 55 56 57 59 60 61 64 71 72 73 74 82 83 85 86 89 91 94 95 99 Objectives: 0.0 0.0 0.0 Constraints: 	AlgorithmAttributes: {}

Variables: -1 -1 -1 -1 -1 -1 -1 -1 -1 -1 -1 -1 -1 -1 -1 -1 -1 -1 -1 -1 -1 -1 -1 -1 -1 -1 -1 -1 -1 -1 -1 -1 -1 -1 -1 -1 -1 -1 -1 -1 -1 -1 -1 -1 -1 -1 -1 0 2 3 4 6 7 8 9 11 12 13 15 18 22 25 34 35 38 42 43 44 50 52 53 54 56 57 58 61 62 63 64 67 71 72 73 76 78 81 82 82 83 84 85 85 86 89 90 92 92 93 94 95 Objectives: 0.0 0.0 0.0 Constraints: 	AlgorithmAttributes: {}
,Variables: -1 -1 -1 -1 -1 -1 -1 -1 -1 -1 -1 -1 -1 -1 -1 -1 -1 -1 -1 -1 -1 -1 -1 -1 -1 -1 -1 -1 -1 -1 -1 -1 -1 -1 -1 -1 -1 -1 -1 -1 -1 -1 -1 -1 -1 -1 -1 -1 -1 -1 -1 -1 -1 -1 -1 -1 -1 -1 -1 -1 -1 -1 -1 -1 -1 -1 -1 -1 -1 -1 -1 -1 -1 -1 -1 -1 -1 -1 -1 -1 -1 -1 -1 -1 -1 -1 -1 -1 -1 0 2 6 8 11 14 20 21 22 50 54 Objectives: 0.0 0.0 0.0 Constraints: 	AlgorithmAttributes: {}

Variables: -1 -1 -1 -1 -1 -1 -1 -1 -1 -1 -1 -1 -1 -1 -1 -1 -1 -1 -1 -1 -1 -1 -1 -1 -1 -1 -1 -1 -1 -1 -1 -1 -1 -1 -1 -1 -1 -1 -1 -1 -1 -1 -1 -1 -1 -1 -1 -1 -1 -1 2 3 5 8 10 13 17 19 22 23 25 28 31 33 37 38 41 42 47 49 50 50 52 52 53 53 54 56 58 59 59 60 61 61 62 63 63 63 64 67 68 69 70 73 74 75 75 76 77 77 Objectives: 0.0 0.0 0.0 Constraints: 	AlgorithmAttributes: {}
,Variables: -1 -1 -1 -1 -1 -1 -1 -1 -1 -1 -1 -1 -1 -1 -1 -1 -1 -1 -1 -1 -1 -1 -1 -1 -1 -1 -1 -1 -1 -1 -1 -1 -1 -1 -1 -1 -1 -1 -1 -1 -1 -1 -1 -1 -1 -1 -1 -1 -1 -1 -1 -1 -1 -1 -1 -1 -1 -1 -1 -1 -1 -1 -1 -1 -1 -1 -1 -1 -1 -1 -1 -1 -1 -1 -1 -1 -1 -1 -1 -1 -1 -1 -1 -1 -1 -1 -1 -1 -1 5 9 18 19 21 22 25 26 27 28 76 Objectives: 0.0 0.0 0.0 Constraints: 	AlgorithmAttributes: {}

Variables: -1 -1 -1 -1 -1 -1 -1 -1 -1 -1 -1 -1 -1 -1 -1 -1 -1 -1 -1 -1 -1 -1 -1 -1 -1 -1 -1 -1 -1 -1 -1 -1 -1 -1 -1 -1 -1 -1 -1 -1 -1 -1 -1 -1 -1 -1 -1 -1 -1 -1 -1 -1 -1 -1 -1 -1 -1 -1 -1 -1 -1 -1 -1 -1 -1 -1 -1 -1 -1 -1 -1 -1 -1 -1 -1 -1 -1 -1 -1 -1 -1 -1 -1 -1 -1 -1 -1 -1 -1 -1 -1 -1 -1 -1 -1 -1 -1 -1 42 56 Objectives: 0.0 0.0 0.0 Constraints: 	AlgorithmAttributes: {}
,Variables: -1 -1 -1 -1 -1 -1 -1 -1 -1 -1 -1 -1 -1 -1 -1 -1 -1 -1 -1 -1 -1 -1 -1 -1 -1 -1 -1 -1 -1 -1 -1 -1 -1 -1 -1 -1 -1 -1 -1 -1 -1 -1 -1 -1 -1 -1 -1 -1 -1 -1 -1 -1 -1 -1 -1 -1 -1 -1 -1 -1 -1 -1 -1 -1 -1 -1 -1 -1 -1 -1 -1 -1 -1 -1 -1 -1 -1 -1 -1 -1 -1 -1 -1 -1 -1 -1 -1 -1 -1 -1 -1 -1 -1 -1 -1 -1 -1 -1 -1 60 Objectives: 0.0 0.0 0.0 Constraints: 	AlgorithmAttributes: {}

