Variables: -1 -1 -1 -1 -1 -1 -1 -1 -1 -1 -1 -1 -1 -1 -1 -1 -1 -1 -1 -1 -1 -1 -1 -1 -1 -1 -1 -1 -1 -1 -1 -1 0 3 4 5 6 7 9 14 15 16 17 18 19 21 23 24 25 26 27 28 30 31 34 36 37 38 39 40 42 44 47 49 50 51 53 54 55 56 58 60 61 62 63 64 67 68 70 72 74 76 77 78 79 80 81 83 84 86 88 89 91 92 93 94 95 97 98 99 Objectives: 0.0 0.0 0.0 Constraints: 	AlgorithmAttributes: {}
,Variables: -1 -1 -1 -1 -1 -1 -1 -1 -1 -1 -1 -1 -1 -1 -1 -1 -1 -1 -1 -1 -1 -1 -1 -1 -1 -1 -1 -1 -1 -1 -1 -1 0 1 2 3 4 5 6 8 9 10 11 12 14 15 16 17 18 19 20 22 23 25 26 27 28 30 31 32 34 36 37 38 39 40 41 42 44 45 46 47 48 50 52 55 56 57 58 59 60 62 63 65 66 67 68 69 70 72 73 76 77 79 87 88 94 97 98 99 Objectives: 0.0 0.0 0.0 Constraints: 	AlgorithmAttributes: {}

Variables: -1 -1 -1 -1 -1 -1 -1 -1 -1 -1 -1 -1 -1 -1 -1 -1 -1 -1 -1 -1 -1 -1 -1 -1 -1 -1 -1 -1 -1 0 2 3 5 6 8 9 10 11 12 13 14 16 17 18 20 21 22 23 24 27 28 30 31 32 33 34 35 37 41 42 44 45 46 48 51 52 53 54 55 56 57 59 60 61 62 64 65 66 67 68 69 70 71 75 77 78 79 80 81 84 85 86 90 91 93 94 95 96 97 98 Objectives: 0.0 0.0 0.0 Constraints: 	AlgorithmAttributes: {}
,Variables: -1 -1 -1 -1 -1 -1 -1 -1 -1 -1 -1 -1 -1 -1 -1 -1 -1 -1 -1 -1 -1 -1 -1 -1 -1 -1 -1 -1 -1 -1 -1 -1 -1 -1 -1 0 1 2 3 5 6 7 8 12 13 14 15 16 18 19 20 21 22 24 25 26 27 29 30 32 34 38 39 40 41 42 43 44 45 47 49 50 52 56 57 60 62 64 65 68 69 70 71 72 74 75 77 78 79 82 84 86 88 90 91 94 95 96 97 99 Objectives: 0.0 0.0 0.0 Constraints: 	AlgorithmAttributes: {}

Variables: -1 -1 -1 -1 -1 -1 -1 -1 -1 -1 -1 -1 -1 -1 -1 -1 -1 -1 -1 -1 -1 -1 -1 -1 -1 -1 -1 -1 -1 -1 -1 -1 -1 -1 -1 -1 -1 -1 -1 -1 -1 -1 -1 -1 -1 -1 -1 -1 -1 -1 -1 -1 -1 -1 -1 -1 3 6 9 13 18 20 21 22 24 28 29 31 32 36 39 41 44 51 52 56 58 59 60 63 65 67 70 72 73 74 75 77 78 79 81 82 86 88 91 92 93 96 97 98 Objectives: 0.0 0.0 0.0 Constraints: 	AlgorithmAttributes: {}
,Variables: -1 -1 -1 -1 -1 -1 -1 -1 -1 -1 -1 -1 -1 -1 -1 -1 -1 -1 -1 -1 -1 -1 -1 -1 -1 -1 -1 -1 -1 -1 -1 -1 -1 -1 -1 -1 -1 -1 -1 -1 -1 -1 -1 -1 -1 -1 -1 -1 -1 -1 -1 -1 -1 -1 -1 -1 -1 -1 -1 -1 -1 -1 -1 -1 -1 -1 -1 -1 -1 -1 -1 -1 -1 -1 -1 -1 -1 -1 -1 -1 -1 -1 -1 -1 -1 -1 -1 -1 -1 -1 -1 -1 -1 -1 -1 -1 -1 -1 -1 -1 Objectives: 0.0 0.0 0.0 Constraints: 	AlgorithmAttributes: {}

Variables: -1 -1 -1 -1 -1 -1 -1 -1 -1 -1 -1 -1 -1 -1 -1 -1 -1 -1 -1 -1 -1 -1 -1 -1 -1 -1 -1 -1 -1 -1 -1 -1 -1 -1 -1 -1 -1 -1 -1 -1 -1 -1 -1 -1 -1 -1 -1 -1 -1 -1 -1 -1 -1 -1 -1 -1 -1 -1 -1 -1 -1 -1 -1 -1 -1 -1 -1 -1 -1 -1 -1 -1 -1 -1 -1 -1 -1 -1 -1 -1 -1 -1 -1 -1 -1 -1 -1 -1 -1 -1 -1 -1 -1 -1 -1 -1 -1 -1 -1 39 Objectives: 0.0 0.0 0.0 Constraints: 	AlgorithmAttributes: {}
,Variables: -1 -1 -1 -1 -1 -1 -1 -1 -1 -1 -1 -1 -1 -1 -1 -1 -1 -1 -1 -1 -1 -1 -1 -1 -1 -1 -1 -1 -1 -1 -1 -1 -1 -1 -1 -1 -1 -1 -1 -1 -1 -1 -1 -1 -1 -1 -1 -1 -1 -1 -1 -1 -1 -1 -1 -1 -1 -1 -1 -1 -1 -1 -1 -1 -1 -1 -1 -1 -1 -1 -1 -1 -1 -1 -1 -1 -1 -1 -1 -1 -1 -1 -1 -1 -1 -1 -1 -1 -1 -1 -1 -1 -1 -1 -1 -1 -1 -1 -1 60 Objectives: 0.0 0.0 0.0 Constraints: 	AlgorithmAttributes: {}

Variables: -1 -1 -1 -1 -1 -1 -1 -1 -1 -1 -1 -1 -1 -1 -1 -1 -1 -1 -1 -1 -1 -1 -1 -1 -1 -1 -1 -1 -1 -1 -1 -1 -1 -1 -1 -1 -1 -1 -1 -1 -1 -1 -1 1 5 7 8 9 10 14 15 16 17 18 21 23 24 26 27 30 31 32 34 35 36 37 38 39 41 42 43 45 46 47 48 53 54 56 57 58 59 60 62 65 66 70 73 75 76 78 84 85 86 87 88 89 93 94 96 98 Objectives: 0.0 0.0 0.0 Constraints: 	AlgorithmAttributes: {}
,Variables: -1 -1 -1 -1 -1 -1 -1 -1 -1 -1 -1 -1 -1 -1 -1 -1 -1 -1 -1 -1 -1 -1 -1 -1 -1 -1 -1 -1 -1 -1 -1 -1 -1 -1 -1 -1 -1 -1 -1 0 2 4 5 8 9 10 11 12 14 15 19 20 22 24 25 26 29 30 33 34 35 36 37 40 41 42 43 44 46 47 48 50 51 53 54 56 57 58 59 60 66 70 72 73 75 76 77 78 80 84 85 87 88 89 90 91 92 93 97 99 Objectives: 0.0 0.0 0.0 Constraints: 	AlgorithmAttributes: {}

Variables: -1 -1 -1 -1 -1 -1 -1 -1 -1 -1 -1 -1 -1 -1 -1 -1 -1 -1 -1 -1 -1 -1 -1 -1 -1 -1 -1 -1 -1 -1 -1 -1 -1 -1 -1 -1 -1 -1 -1 -1 -1 -1 -1 -1 -1 -1 -1 -1 -1 -1 -1 -1 -1 -1 -1 -1 -1 -1 -1 -1 -1 -1 -1 -1 -1 4 5 6 9 15 17 18 21 23 25 27 28 30 31 35 37 43 47 48 55 58 61 67 73 74 75 79 80 82 86 87 92 94 98 99 Objectives: 0.0 0.0 0.0 Constraints: 	AlgorithmAttributes: {}
,Variables: -1 -1 -1 -1 -1 -1 -1 -1 -1 -1 -1 -1 -1 -1 -1 -1 -1 -1 -1 -1 -1 -1 -1 -1 -1 -1 -1 -1 -1 -1 -1 -1 -1 -1 -1 -1 -1 -1 -1 -1 -1 -1 -1 -1 -1 -1 -1 -1 -1 -1 1 3 6 9 10 11 15 17 18 19 20 22 23 25 26 27 28 31 32 34 36 38 39 40 41 42 45 46 47 50 52 56 57 60 65 67 70 71 73 74 77 78 82 83 85 88 89 91 95 96 Objectives: 0.0 0.0 0.0 Constraints: 	AlgorithmAttributes: {}

Variables: -1 -1 -1 -1 -1 -1 -1 -1 -1 -1 -1 -1 -1 -1 -1 -1 -1 -1 -1 -1 -1 -1 -1 -1 -1 -1 -1 -1 -1 -1 -1 -1 -1 -1 -1 -1 -1 -1 -1 -1 -1 -1 -1 -1 -1 -1 -1 -1 -1 -1 -1 -1 -1 0 1 5 7 8 9 10 11 14 17 23 25 28 31 32 36 39 40 41 42 43 45 47 49 50 51 53 54 57 59 62 63 64 65 66 67 69 71 73 84 86 87 89 93 94 97 99 Objectives: 0.0 0.0 0.0 Constraints: 	AlgorithmAttributes: {}
,Variables: -1 -1 -1 -1 -1 -1 -1 -1 -1 -1 -1 -1 -1 -1 -1 -1 -1 -1 -1 -1 -1 -1 -1 -1 -1 -1 -1 -1 -1 -1 -1 -1 -1 -1 -1 -1 -1 -1 -1 -1 -1 -1 -1 -1 -1 -1 -1 -1 -1 -1 -1 -1 -1 -1 -1 -1 -1 -1 -1 -1 -1 -1 -1 -1 2 4 7 8 9 10 13 16 17 19 21 25 28 30 31 33 40 47 50 52 54 56 62 63 64 66 69 72 73 75 76 78 81 84 95 96 Objectives: 0.0 0.0 0.0 Constraints: 	AlgorithmAttributes: {}

Variables: -1 -1 -1 -1 -1 -1 -1 -1 -1 -1 -1 -1 -1 -1 -1 -1 -1 -1 -1 -1 -1 -1 -1 -1 -1 -1 -1 -1 -1 -1 -1 -1 -1 -1 -1 -1 -1 -1 -1 -1 -1 -1 -1 -1 -1 -1 -1 -1 -1 -1 -1 -1 -1 -1 0 2 3 7 8 9 10 11 11 12 12 14 14 16 16 17 17 17 18 22 23 23 24 25 27 28 30 31 32 33 35 37 38 39 40 42 43 44 44 46 46 47 47 54 64 91 Objectives: 0.0 0.0 0.0 Constraints: 	AlgorithmAttributes: {}
,Variables: -1 -1 -1 -1 -1 -1 -1 -1 -1 -1 -1 -1 -1 -1 -1 -1 -1 -1 -1 -1 -1 -1 -1 -1 -1 -1 -1 -1 -1 -1 -1 -1 -1 -1 -1 -1 -1 -1 -1 -1 -1 -1 -1 -1 -1 -1 -1 -1 -1 -1 -1 -1 -1 -1 -1 -1 -1 -1 -1 -1 -1 -1 -1 -1 -1 -1 -1 -1 -1 -1 -1 -1 -1 -1 -1 -1 -1 -1 -1 -1 -1 -1 -1 -1 -1 -1 -1 -1 -1 -1 -1 -1 -1 0 1 7 9 12 16 25 Objectives: 0.0 0.0 0.0 Constraints: 	AlgorithmAttributes: {}

Variables: -1 -1 -1 -1 -1 -1 -1 -1 -1 -1 -1 -1 -1 -1 -1 -1 -1 -1 -1 -1 -1 -1 -1 -1 -1 -1 -1 -1 -1 -1 -1 -1 -1 -1 -1 -1 -1 -1 -1 -1 -1 -1 -1 -1 -1 -1 -1 -1 -1 -1 -1 -1 -1 -1 -1 -1 1 8 9 10 15 16 18 21 23 24 27 30 31 34 35 36 37 38 41 42 43 45 46 47 53 54 56 58 59 60 65 66 70 73 75 84 85 86 87 88 93 94 96 98 Objectives: 0.0 0.0 0.0 Constraints: 	AlgorithmAttributes: {}
,Variables: -1 -1 -1 -1 -1 -1 -1 -1 -1 -1 -1 -1 -1 -1 -1 -1 -1 -1 -1 -1 -1 -1 -1 -1 -1 -1 -1 -1 -1 -1 -1 -1 -1 -1 -1 -1 -1 -1 -1 -1 -1 -1 -1 -1 -1 -1 -1 -1 -1 -1 -1 -1 -1 -1 -1 -1 -1 -1 -1 -1 -1 -1 -1 -1 -1 -1 -1 -1 -1 -1 -1 2 4 8 11 12 20 22 25 33 34 40 41 42 43 44 47 48 54 58 60 66 72 75 85 87 88 89 91 93 Objectives: 0.0 0.0 0.0 Constraints: 	AlgorithmAttributes: {}

Variables: -1 -1 -1 -1 -1 -1 -1 -1 -1 -1 -1 -1 -1 -1 -1 -1 -1 -1 -1 -1 -1 -1 -1 -1 -1 -1 -1 -1 -1 -1 -1 -1 -1 -1 -1 -1 -1 -1 -1 -1 -1 0 2 3 4 8 9 10 11 12 14 15 16 21 22 25 26 27 28 30 31 32 37 38 40 41 45 46 47 48 49 50 52 53 54 56 58 59 61 63 64 66 68 70 71 74 75 77 78 81 82 85 87 88 90 91 94 95 96 99 Objectives: 0.0 0.0 0.0 Constraints: 	AlgorithmAttributes: {}
,Variables: -1 -1 -1 -1 -1 -1 -1 -1 -1 -1 -1 -1 -1 -1 -1 -1 -1 -1 -1 -1 -1 -1 -1 -1 -1 -1 -1 -1 -1 -1 -1 -1 -1 -1 -1 -1 -1 -1 0 1 2 3 5 6 10 13 15 16 17 19 20 23 24 25 26 27 30 33 34 35 36 37 39 41 42 43 44 45 46 48 49 50 51 54 56 59 60 63 67 70 71 73 74 75 76 79 80 82 85 86 87 89 90 91 92 94 95 96 97 99 Objectives: 0.0 0.0 0.0 Constraints: 	AlgorithmAttributes: {}

Variables: -1 -1 -1 -1 -1 -1 -1 -1 -1 -1 -1 -1 -1 -1 -1 -1 -1 -1 -1 -1 -1 -1 -1 -1 -1 -1 -1 -1 -1 -1 -1 -1 -1 -1 -1 -1 -1 -1 -1 -1 -1 -1 -1 -1 -1 -1 -1 -1 -1 -1 -1 -1 -1 -1 2 3 4 5 9 12 13 14 18 19 21 22 26 28 31 32 33 36 37 45 48 50 51 52 53 55 60 62 64 65 67 68 72 74 75 82 86 87 88 89 90 93 94 96 97 99 Objectives: 0.0 0.0 0.0 Constraints: 	AlgorithmAttributes: {}
,Variables: -1 -1 -1 -1 -1 -1 -1 -1 -1 -1 -1 -1 -1 -1 -1 -1 -1 -1 -1 -1 -1 -1 -1 -1 -1 -1 -1 -1 -1 -1 -1 -1 -1 -1 -1 -1 -1 -1 -1 -1 -1 -1 -1 -1 -1 -1 -1 -1 -1 -1 -1 -1 -1 -1 -1 -1 -1 -1 -1 -1 -1 -1 -1 -1 -1 -1 -1 -1 0 1 2 3 9 13 18 21 22 28 29 31 35 38 44 49 53 54 56 61 62 67 68 71 72 75 81 84 86 90 95 97 Objectives: 0.0 0.0 0.0 Constraints: 	AlgorithmAttributes: {}

Variables: -1 -1 -1 -1 -1 -1 -1 -1 -1 -1 -1 -1 -1 -1 -1 -1 -1 -1 -1 -1 -1 -1 -1 -1 -1 -1 -1 -1 -1 -1 -1 -1 -1 -1 -1 -1 -1 -1 -1 -1 -1 -1 -1 -1 -1 -1 -1 -1 -1 -1 -1 -1 -1 -1 -1 -1 0 2 3 4 5 6 7 9 10 14 15 16 18 20 22 23 26 32 33 37 38 39 40 44 45 46 48 49 51 52 56 58 59 65 66 75 79 84 85 86 92 93 95 96 Objectives: 0.0 0.0 0.0 Constraints: 	AlgorithmAttributes: {}
,Variables: -1 -1 -1 -1 -1 -1 -1 -1 -1 -1 -1 -1 -1 -1 -1 -1 -1 -1 -1 -1 -1 -1 -1 -1 -1 -1 -1 -1 -1 -1 -1 -1 -1 -1 -1 -1 -1 -1 -1 -1 -1 -1 -1 -1 -1 -1 -1 -1 -1 -1 -1 -1 -1 -1 -1 -1 -1 -1 -1 -1 -1 -1 -1 -1 -1 -1 -1 -1 -1 -1 -1 -1 2 5 14 16 21 22 23 26 28 34 39 50 62 63 64 66 68 71 72 75 83 84 88 90 94 95 97 98 Objectives: 0.0 0.0 0.0 Constraints: 	AlgorithmAttributes: {}

Variables: -1 -1 -1 -1 -1 -1 -1 -1 -1 -1 -1 -1 -1 -1 -1 -1 -1 -1 -1 -1 -1 -1 -1 -1 -1 -1 -1 -1 -1 -1 -1 -1 -1 -1 -1 -1 -1 -1 -1 1 3 7 8 10 11 14 15 21 22 23 25 28 29 30 31 33 34 36 37 38 40 43 44 45 48 49 50 51 53 56 57 59 60 61 62 63 65 66 67 68 70 72 74 76 77 78 79 80 82 83 84 85 86 87 88 91 92 93 94 95 Objectives: 0.0 0.0 0.0 Constraints: 	AlgorithmAttributes: {}
,Variables: -1 -1 -1 -1 -1 -1 -1 -1 -1 -1 -1 -1 -1 -1 -1 -1 -1 -1 -1 -1 -1 -1 -1 -1 -1 -1 -1 -1 -1 -1 -1 -1 -1 -1 -1 -1 -1 0 1 4 5 6 7 8 11 13 15 16 20 21 24 25 26 27 29 32 34 35 36 40 41 43 45 46 47 48 49 53 55 56 57 58 59 60 61 62 64 65 66 71 72 73 75 79 80 82 83 84 85 86 87 88 89 90 91 92 93 95 96 98 Objectives: 0.0 0.0 0.0 Constraints: 	AlgorithmAttributes: {}

Variables: -1 -1 -1 -1 -1 -1 -1 -1 -1 -1 -1 -1 -1 -1 -1 -1 -1 -1 -1 -1 -1 -1 -1 -1 -1 -1 -1 -1 -1 -1 -1 -1 -1 -1 -1 -1 -1 -1 -1 -1 -1 -1 -1 -1 -1 -1 -1 -1 -1 -1 -1 -1 -1 0 2 3 4 7 10 12 14 16 17 23 25 28 29 31 32 33 36 38 39 41 43 45 49 50 51 53 54 56 58 59 61 62 63 65 67 70 71 74 75 78 80 84 93 94 97 99 Objectives: 0.0 0.0 0.0 Constraints: 	AlgorithmAttributes: {}
,Variables: -1 -1 -1 -1 -1 -1 -1 -1 -1 -1 -1 -1 -1 -1 -1 -1 -1 -1 -1 -1 -1 -1 -1 -1 -1 -1 -1 -1 -1 -1 -1 -1 -1 -1 -1 -1 -1 -1 -1 -1 -1 -1 -1 -1 -1 -1 -1 -1 -1 -1 -1 -1 -1 -1 -1 -1 -1 -1 -1 -1 -1 -1 -1 -1 -1 -1 -1 -1 -1 -1 -1 -1 -1 -1 -1 -1 -1 -1 -1 -1 -1 -1 -1 -1 -1 54 60 63 66 68 70 75 78 81 85 86 90 94 95 98 Objectives: 0.0 0.0 0.0 Constraints: 	AlgorithmAttributes: {}

Variables: -1 -1 -1 -1 -1 -1 -1 -1 -1 -1 -1 -1 -1 -1 -1 -1 -1 -1 -1 -1 -1 -1 -1 -1 -1 -1 -1 -1 -1 -1 -1 -1 -1 -1 -1 -1 -1 -1 -1 -1 -1 -1 -1 -1 -1 -1 -1 -1 -1 -1 -1 -1 -1 -1 -1 -1 -1 -1 0 1 3 4 6 7 9 10 11 12 19 22 26 28 31 32 33 37 40 42 46 48 51 52 55 57 60 61 67 68 70 73 74 80 81 82 84 85 88 90 94 95 Objectives: 0.0 0.0 0.0 Constraints: 	AlgorithmAttributes: {}
,Variables: -1 -1 -1 -1 -1 -1 -1 -1 -1 -1 -1 -1 -1 -1 -1 -1 -1 -1 -1 -1 -1 -1 -1 -1 -1 -1 -1 -1 -1 -1 -1 -1 -1 -1 -1 -1 -1 -1 -1 -1 -1 -1 -1 -1 -1 -1 -1 -1 -1 -1 -1 -1 -1 -1 -1 -1 -1 -1 -1 -1 -1 -1 -1 -1 -1 -1 -1 -1 -1 -1 -1 -1 -1 -1 -1 -1 -1 -1 -1 -1 -1 -1 -1 -1 -1 -1 -1 -1 -1 -1 -1 -1 1 2 5 11 86 88 90 96 Objectives: 0.0 0.0 0.0 Constraints: 	AlgorithmAttributes: {}

Variables: -1 -1 -1 -1 -1 -1 -1 -1 -1 -1 -1 -1 -1 -1 -1 -1 -1 -1 -1 -1 -1 -1 -1 -1 -1 -1 -1 -1 -1 -1 -1 -1 -1 -1 -1 -1 -1 -1 -1 -1 -1 -1 -1 -1 -1 -1 -1 -1 -1 -1 -1 -1 -1 -1 -1 -1 -1 -1 0 1 2 4 7 9 10 12 14 17 18 23 30 31 34 38 39 40 41 42 43 44 45 46 47 49 50 53 55 59 60 62 64 66 76 79 80 88 89 91 94 97 Objectives: 0.0 0.0 0.0 Constraints: 	AlgorithmAttributes: {}
,Variables: -1 -1 -1 -1 -1 -1 -1 -1 -1 -1 -1 -1 -1 -1 -1 -1 -1 -1 -1 -1 -1 -1 -1 -1 -1 -1 -1 -1 -1 -1 -1 -1 -1 -1 -1 -1 -1 -1 -1 -1 -1 -1 -1 -1 -1 -1 -1 -1 -1 -1 -1 -1 -1 -1 -1 -1 -1 -1 -1 -1 -1 -1 -1 -1 -1 -1 -1 -1 -1 -1 -1 -1 -1 -1 -1 -1 -1 -1 -1 -1 -1 -1 -1 -1 17 31 34 37 40 48 50 52 58 60 63 68 72 79 97 98 Objectives: 0.0 0.0 0.0 Constraints: 	AlgorithmAttributes: {}

Variables: -1 -1 -1 -1 -1 -1 -1 -1 -1 -1 -1 -1 -1 -1 -1 -1 -1 -1 -1 -1 -1 -1 -1 -1 -1 -1 -1 -1 -1 -1 -1 -1 -1 -1 -1 -1 -1 -1 -1 -1 -1 -1 -1 -1 -1 -1 -1 -1 -1 -1 -1 -1 -1 -1 -1 -1 2 3 6 7 11 12 14 15 16 18 20 21 22 24 26 29 33 37 39 42 46 48 49 50 51 53 56 57 58 59 61 64 68 69 73 75 78 79 81 86 87 91 93 96 Objectives: 0.0 0.0 0.0 Constraints: 	AlgorithmAttributes: {}
,Variables: -1 -1 -1 -1 -1 -1 -1 -1 -1 -1 -1 -1 -1 -1 -1 -1 -1 -1 -1 -1 -1 -1 -1 -1 -1 -1 -1 -1 -1 -1 -1 -1 -1 -1 -1 -1 -1 -1 -1 -1 -1 -1 -1 -1 -1 -1 -1 -1 -1 -1 -1 -1 -1 -1 -1 -1 -1 -1 -1 -1 -1 -1 -1 -1 -1 -1 -1 -1 -1 -1 -1 -1 -1 34 36 37 39 41 48 49 51 52 53 62 63 64 66 68 70 75 77 80 82 83 88 90 92 95 96 98 Objectives: 0.0 0.0 0.0 Constraints: 	AlgorithmAttributes: {}

Variables: -1 -1 -1 -1 -1 -1 -1 -1 -1 -1 -1 -1 -1 -1 -1 -1 -1 -1 -1 -1 -1 -1 -1 -1 -1 -1 -1 -1 -1 -1 -1 -1 -1 -1 -1 -1 -1 -1 -1 -1 -1 -1 -1 -1 -1 -1 -1 -1 -1 -1 -1 -1 -1 -1 2 3 4 5 8 10 11 16 17 21 24 29 30 31 32 37 39 40 43 44 49 51 52 56 58 59 60 61 62 64 65 66 67 68 69 70 75 77 80 82 85 86 87 94 95 97 Objectives: 0.0 0.0 0.0 Constraints: 	AlgorithmAttributes: {}
,Variables: -1 -1 -1 -1 -1 -1 -1 -1 -1 -1 -1 -1 -1 -1 -1 -1 -1 -1 -1 -1 -1 -1 -1 -1 -1 -1 -1 -1 -1 -1 -1 -1 -1 -1 -1 -1 -1 -1 -1 -1 -1 -1 -1 -1 -1 -1 -1 -1 -1 -1 -1 -1 -1 -1 -1 -1 -1 -1 -1 -1 -1 -1 -1 -1 -1 -1 5 8 9 11 12 16 18 26 30 31 39 40 47 53 54 55 57 59 60 66 67 70 71 73 76 77 78 81 82 83 87 90 95 96 Objectives: 0.0 0.0 0.0 Constraints: 	AlgorithmAttributes: {}

Variables: -1 -1 -1 -1 -1 -1 -1 -1 -1 -1 -1 -1 -1 -1 -1 -1 -1 -1 -1 -1 -1 -1 -1 -1 -1 -1 -1 -1 -1 -1 -1 -1 -1 -1 -1 -1 -1 -1 -1 -1 -1 -1 -1 -1 -1 -1 -1 -1 -1 -1 -1 -1 -1 0 2 3 5 6 10 11 13 14 16 17 18 20 21 24 28 30 31 32 34 35 37 41 42 44 45 46 48 51 55 57 59 64 65 67 68 69 70 71 75 80 84 86 90 94 94 95 Objectives: 0.0 0.0 0.0 Constraints: 	AlgorithmAttributes: {}
,Variables: -1 -1 -1 -1 -1 -1 -1 -1 -1 -1 -1 -1 -1 -1 -1 -1 -1 -1 -1 -1 -1 -1 -1 -1 -1 -1 -1 -1 -1 -1 -1 -1 -1 -1 -1 -1 -1 -1 -1 -1 -1 -1 -1 -1 -1 -1 -1 -1 -1 -1 -1 -1 -1 -1 -1 -1 -1 -1 -1 -1 -1 -1 -1 -1 -1 -1 -1 -1 -1 -1 -1 -1 -1 -1 -1 -1 -1 -1 -1 -1 -1 -1 -1 -1 -1 -1 -1 -1 -1 -1 -1 -1 -1 -1 -1 -1 2 3 6 97 Objectives: 0.0 0.0 0.0 Constraints: 	AlgorithmAttributes: {}

Variables: -1 -1 -1 -1 -1 -1 -1 -1 -1 -1 -1 -1 -1 -1 -1 -1 -1 -1 -1 -1 -1 -1 -1 -1 -1 -1 -1 -1 -1 -1 -1 -1 -1 -1 -1 -1 -1 -1 -1 -1 -1 -1 -1 -1 -1 -1 -1 -1 -1 -1 -1 -1 -1 -1 -1 -1 0 3 5 6 8 10 11 12 16 20 22 24 30 31 34 35 37 42 44 45 48 51 52 53 55 56 59 60 61 65 67 69 71 77 78 79 80 81 85 86 87 90 92 95 Objectives: 0.0 0.0 0.0 Constraints: 	AlgorithmAttributes: {}
,Variables: -1 -1 -1 -1 -1 -1 -1 -1 -1 -1 -1 -1 -1 -1 -1 -1 -1 -1 -1 -1 -1 -1 -1 -1 -1 -1 -1 -1 -1 -1 -1 -1 -1 -1 -1 -1 -1 -1 -1 -1 -1 -1 -1 -1 -1 -1 -1 -1 -1 -1 -1 -1 -1 -1 -1 -1 -1 -1 -1 -1 -1 -1 -1 -1 -1 -1 -1 -1 -1 -1 -1 -1 -1 -1 -1 -1 -1 -1 -1 -1 -1 -1 -1 -1 -1 -1 0 1 5 6 7 8 12 14 18 21 27 94 95 96 Objectives: 0.0 0.0 0.0 Constraints: 	AlgorithmAttributes: {}

Variables: -1 -1 -1 -1 -1 -1 -1 -1 -1 -1 -1 -1 -1 -1 -1 -1 -1 -1 -1 -1 -1 -1 -1 -1 -1 -1 -1 -1 -1 -1 -1 -1 -1 -1 -1 -1 -1 -1 -1 -1 -1 -1 -1 -1 -1 -1 -1 -1 -1 -1 -1 -1 -1 -1 -1 -1 -1 -1 -1 -1 -1 -1 -1 -1 1 2 3 4 10 14 17 23 31 33 38 39 40 41 43 44 45 46 47 48 49 56 62 63 67 70 71 79 82 86 87 93 95 96 97 99 Objectives: 0.0 0.0 0.0 Constraints: 	AlgorithmAttributes: {}
,Variables: -1 -1 -1 -1 -1 -1 -1 -1 -1 -1 -1 -1 -1 -1 -1 -1 -1 -1 -1 -1 -1 -1 -1 -1 -1 -1 -1 -1 -1 -1 -1 -1 -1 -1 -1 -1 -1 -1 -1 -1 -1 -1 -1 -1 -1 -1 -1 -1 -1 -1 -1 -1 -1 0 2 3 6 7 8 9 12 15 16 21 22 25 29 30 34 35 38 39 40 42 43 44 47 49 50 54 56 59 60 61 62 64 67 68 74 75 76 78 80 81 83 86 88 90 95 96 Objectives: 0.0 0.0 0.0 Constraints: 	AlgorithmAttributes: {}

Variables: -1 -1 -1 -1 -1 -1 -1 -1 -1 -1 -1 -1 -1 -1 -1 -1 -1 -1 -1 -1 -1 -1 -1 -1 -1 -1 -1 -1 -1 -1 -1 -1 -1 -1 -1 -1 -1 -1 -1 -1 -1 -1 -1 -1 -1 -1 -1 -1 -1 -1 -1 -1 -1 -1 -1 -1 -1 -1 2 3 4 5 10 12 19 22 25 27 28 30 31 33 35 37 39 41 42 52 53 54 55 56 59 60 61 63 64 65 70 73 75 76 79 80 82 89 91 94 95 99 Objectives: 0.0 0.0 0.0 Constraints: 	AlgorithmAttributes: {}
,Variables: -1 -1 -1 -1 -1 -1 -1 -1 -1 -1 -1 -1 -1 -1 -1 -1 -1 -1 -1 -1 -1 -1 -1 -1 -1 -1 -1 -1 -1 -1 -1 -1 -1 -1 -1 -1 -1 -1 -1 -1 -1 -1 -1 -1 -1 -1 -1 -1 -1 -1 -1 -1 -1 -1 -1 -1 -1 -1 -1 -1 -1 -1 -1 -1 -1 -1 -1 -1 -1 -1 -1 -1 -1 -1 -1 -1 -1 -1 -1 -1 -1 -1 -1 -1 68 69 71 72 73 75 78 79 81 87 88 92 94 96 98 99 Objectives: 0.0 0.0 0.0 Constraints: 	AlgorithmAttributes: {}

Variables: -1 -1 -1 -1 -1 -1 -1 -1 -1 -1 -1 -1 -1 -1 -1 -1 -1 -1 -1 -1 -1 -1 -1 -1 -1 -1 -1 -1 -1 -1 -1 -1 -1 -1 -1 -1 -1 -1 -1 -1 -1 -1 -1 -1 -1 -1 -1 -1 -1 -1 -1 -1 -1 -1 -1 -1 -1 -1 -1 5 10 11 12 17 18 22 23 27 28 29 30 31 34 35 37 39 40 43 44 45 46 52 54 56 57 58 63 64 65 66 68 74 75 77 79 80 89 90 91 94 Objectives: 0.0 0.0 0.0 Constraints: 	AlgorithmAttributes: {}
,Variables: -1 -1 -1 -1 -1 -1 -1 -1 -1 -1 -1 -1 -1 -1 -1 -1 -1 -1 -1 -1 -1 -1 -1 -1 -1 -1 -1 -1 -1 -1 -1 -1 -1 -1 -1 -1 -1 -1 -1 -1 -1 -1 -1 -1 -1 -1 -1 -1 -1 -1 -1 -1 -1 -1 -1 -1 -1 -1 -1 -1 -1 -1 -1 -1 -1 -1 -1 -1 -1 -1 -1 -1 -1 -1 -1 -1 -1 -1 -1 -1 -1 -1 -1 -1 50 52 54 55 57 65 66 67 69 70 71 72 78 79 88 94 Objectives: 0.0 0.0 0.0 Constraints: 	AlgorithmAttributes: {}

Variables: -1 -1 -1 -1 -1 -1 -1 -1 -1 -1 -1 -1 -1 -1 -1 -1 -1 -1 -1 -1 -1 -1 -1 -1 -1 -1 -1 -1 -1 -1 -1 -1 -1 -1 -1 -1 -1 -1 -1 -1 -1 -1 -1 -1 -1 -1 -1 -1 -1 -1 -1 -1 -1 -1 -1 -1 -1 -1 -1 -1 -1 -1 -1 -1 -1 -1 -1 -1 -1 -1 -1 -1 -1 -1 -1 13 18 20 24 28 29 31 32 36 39 41 44 52 60 63 67 70 73 74 75 77 79 81 88 96 Objectives: 0.0 0.0 0.0 Constraints: 	AlgorithmAttributes: {}
,Variables: -1 -1 -1 -1 -1 -1 -1 -1 -1 -1 -1 -1 -1 -1 -1 -1 -1 -1 -1 -1 -1 -1 -1 -1 -1 -1 -1 -1 -1 -1 -1 -1 -1 -1 -1 -1 -1 -1 -1 -1 -1 -1 -1 -1 -1 -1 -1 -1 -1 -1 -1 -1 -1 -1 -1 -1 -1 -1 -1 -1 -1 -1 -1 -1 -1 -1 -1 -1 -1 -1 -1 -1 -1 -1 -1 -1 -1 -1 -1 -1 -1 -1 -1 -1 -1 -1 -1 -1 -1 -1 -1 -1 -1 -1 -1 -1 -1 -1 -1 2 Objectives: 0.0 0.0 0.0 Constraints: 	AlgorithmAttributes: {}

Variables: -1 -1 -1 -1 -1 -1 -1 -1 -1 -1 -1 -1 -1 -1 -1 -1 -1 -1 -1 -1 -1 -1 -1 -1 -1 -1 -1 -1 -1 -1 -1 -1 -1 0 1 2 3 4 5 6 7 9 10 11 12 13 14 18 19 21 22 26 27 28 31 32 33 35 36 37 40 42 45 46 48 50 51 52 53 55 57 58 59 60 61 62 64 65 67 68 70 73 74 78 79 80 81 82 83 84 85 87 88 90 92 93 94 95 96 99 Objectives: 0.0 0.0 0.0 Constraints: 	AlgorithmAttributes: {}
,Variables: -1 -1 -1 -1 -1 -1 -1 -1 -1 -1 -1 -1 -1 -1 -1 -1 -1 -1 -1 -1 -1 -1 -1 -1 -1 -1 -1 -1 -1 -1 -1 -1 0 1 2 5 7 8 9 10 11 13 15 16 17 18 19 20 22 24 25 26 30 31 33 34 35 36 37 39 40 41 42 44 46 47 48 51 52 53 54 55 56 60 63 64 65 68 69 70 71 75 76 77 78 79 80 81 82 84 86 87 88 89 90 91 92 93 95 96 Objectives: 0.0 0.0 0.0 Constraints: 	AlgorithmAttributes: {}

Variables: -1 -1 -1 -1 -1 -1 -1 -1 -1 -1 -1 -1 -1 -1 -1 -1 -1 -1 -1 -1 -1 -1 -1 -1 -1 -1 -1 -1 -1 -1 -1 -1 -1 -1 -1 -1 1 2 3 4 5 8 10 11 14 16 17 20 21 23 24 27 29 30 31 32 33 35 37 39 40 43 44 45 46 47 48 49 51 52 56 58 59 60 61 62 64 65 66 67 68 69 70 73 75 76 77 79 80 81 82 84 85 86 87 90 92 94 95 97 Objectives: 0.0 0.0 0.0 Constraints: 	AlgorithmAttributes: {}
,Variables: -1 -1 -1 -1 -1 -1 -1 -1 -1 -1 -1 -1 -1 -1 -1 -1 -1 -1 -1 -1 -1 -1 -1 -1 -1 -1 -1 -1 -1 -1 -1 -1 -1 -1 -1 -1 -1 -1 -1 -1 -1 -1 -1 -1 -1 -1 2 3 5 8 9 11 12 16 18 20 21 22 23 25 26 27 30 31 33 36 38 39 40 42 47 51 53 54 55 57 59 60 64 65 66 67 69 70 71 73 76 77 78 81 82 83 85 87 90 92 93 94 95 96 Objectives: 0.0 0.0 0.0 Constraints: 	AlgorithmAttributes: {}

Variables: -1 -1 -1 -1 -1 -1 -1 -1 -1 -1 -1 -1 -1 -1 -1 -1 -1 -1 -1 -1 -1 -1 -1 -1 -1 -1 -1 -1 -1 -1 -1 -1 -1 -1 -1 -1 -1 -1 -1 -1 -1 -1 -1 -1 -1 -1 -1 -1 -1 -1 -1 -1 -1 -1 -1 -1 -1 -1 -1 -1 -1 0 6 9 14 15 19 23 26 28 31 36 37 38 39 40 42 44 47 49 50 51 54 56 61 62 63 67 68 70 74 76 77 80 81 84 93 94 95 97 Objectives: 0.0 0.0 0.0 Constraints: 	AlgorithmAttributes: {}
,Variables: -1 -1 -1 -1 -1 -1 -1 -1 -1 -1 -1 -1 -1 -1 -1 -1 -1 -1 -1 -1 -1 -1 -1 -1 -1 -1 -1 -1 -1 -1 -1 -1 -1 -1 -1 -1 -1 -1 -1 -1 -1 -1 -1 -1 -1 -1 -1 -1 -1 -1 -1 -1 -1 -1 -1 -1 -1 -1 -1 -1 -1 -1 -1 -1 -1 -1 -1 -1 -1 -1 -1 -1 -1 -1 -1 -1 -1 -1 -1 -1 -1 -1 -1 -1 -1 -1 -1 -1 -1 -1 67 69 72 73 77 79 87 97 98 99 Objectives: 0.0 0.0 0.0 Constraints: 	AlgorithmAttributes: {}

Variables: -1 -1 -1 -1 -1 -1 -1 -1 -1 -1 -1 -1 -1 -1 -1 -1 -1 -1 -1 -1 -1 -1 -1 -1 -1 -1 -1 -1 -1 -1 -1 -1 -1 -1 -1 -1 -1 -1 -1 -1 -1 -1 -1 -1 -1 -1 -1 -1 -1 -1 -1 -1 -1 -1 -1 -1 -1 -1 1 2 3 13 15 19 22 23 25 29 36 40 41 42 45 47 49 50 51 55 56 58 60 62 66 68 72 73 74 75 76 76 77 79 80 81 81 82 86 87 92 95 Objectives: 0.0 0.0 0.0 Constraints: 	AlgorithmAttributes: {}
,Variables: -1 -1 -1 -1 -1 -1 -1 -1 -1 -1 -1 -1 -1 -1 -1 -1 -1 -1 -1 -1 -1 -1 -1 -1 -1 -1 -1 -1 -1 -1 -1 -1 -1 -1 -1 -1 -1 -1 -1 -1 -1 -1 -1 -1 -1 -1 -1 -1 -1 -1 -1 -1 -1 -1 -1 -1 -1 -1 -1 -1 -1 -1 -1 -1 -1 -1 -1 -1 -1 -1 -1 -1 -1 -1 -1 -1 -1 -1 -1 -1 -1 -1 -1 -1 -1 -1 -1 -1 -1 -1 -1 -1 -1 -1 -1 -1 60 65 95 96 Objectives: 0.0 0.0 0.0 Constraints: 	AlgorithmAttributes: {}

Variables: -1 -1 -1 -1 -1 -1 -1 -1 -1 -1 -1 -1 -1 -1 -1 -1 -1 -1 -1 -1 -1 -1 -1 -1 -1 -1 -1 -1 -1 -1 -1 -1 -1 -1 -1 -1 -1 -1 -1 -1 -1 -1 -1 -1 -1 -1 -1 -1 -1 -1 -1 -1 -1 -1 -1 -1 -1 2 3 4 6 8 12 13 16 17 18 20 21 25 27 28 29 30 31 34 37 40 41 44 48 49 53 54 59 60 62 64 69 70 71 76 77 79 80 81 82 88 90 92 Objectives: 0.0 0.0 0.0 Constraints: 	AlgorithmAttributes: {}
,Variables: -1 -1 -1 -1 -1 -1 -1 -1 -1 -1 -1 -1 -1 -1 -1 -1 -1 -1 -1 -1 -1 -1 -1 -1 -1 -1 -1 -1 -1 -1 -1 -1 -1 -1 -1 -1 -1 -1 -1 -1 -1 -1 -1 -1 -1 -1 -1 -1 -1 -1 -1 -1 -1 -1 -1 -1 -1 -1 -1 -1 -1 -1 -1 -1 -1 -1 -1 -1 -1 -1 -1 -1 -1 -1 -1 -1 -1 -1 -1 -1 -1 -1 -1 -1 -1 -1 -1 1 2 4 5 6 8 9 11 12 18 21 95 96 Objectives: 0.0 0.0 0.0 Constraints: 	AlgorithmAttributes: {}

Variables: -1 -1 -1 -1 -1 -1 -1 -1 -1 -1 -1 -1 -1 -1 -1 -1 -1 -1 -1 -1 -1 -1 -1 -1 -1 -1 -1 -1 -1 -1 -1 -1 -1 -1 -1 0 2 3 4 5 6 7 9 10 11 12 13 14 15 16 17 18 20 21 22 23 24 26 29 32 33 37 38 39 40 42 44 45 46 48 49 50 51 52 53 56 57 58 59 61 62 64 65 66 68 69 73 75 78 79 81 84 85 86 87 91 92 93 95 96 Objectives: 0.0 0.0 0.0 Constraints: 	AlgorithmAttributes: {}
,Variables: -1 -1 -1 -1 -1 -1 -1 -1 -1 -1 -1 -1 -1 -1 -1 -1 -1 -1 -1 -1 -1 -1 -1 -1 -1 -1 -1 -1 -1 -1 -1 -1 -1 2 3 5 6 7 8 9 10 12 13 14 15 16 17 20 21 22 23 26 27 28 30 31 32 34 36 37 39 41 42 43 45 48 49 50 51 52 53 55 57 58 62 63 64 65 66 68 69 70 71 72 73 75 77 80 82 83 84 86 88 90 92 94 95 96 97 98 Objectives: 0.0 0.0 0.0 Constraints: 	AlgorithmAttributes: {}

Variables: -1 -1 -1 -1 -1 -1 -1 -1 -1 -1 -1 -1 -1 -1 -1 -1 -1 -1 -1 -1 -1 -1 -1 -1 -1 -1 -1 -1 -1 -1 -1 -1 -1 -1 -1 -1 -1 -1 -1 -1 -1 -1 -1 -1 -1 -1 -1 -1 -1 -1 -1 -1 -1 -1 -1 -1 -1 2 3 5 9 10 11 12 13 14 18 21 23 24 31 32 33 35 37 41 42 44 48 55 59 61 62 65 66 67 68 69 71 75 77 79 81 85 86 90 93 95 97 98 Objectives: 0.0 0.0 0.0 Constraints: 	AlgorithmAttributes: {}
,Variables: -1 -1 -1 -1 -1 -1 -1 -1 -1 -1 -1 -1 -1 -1 -1 -1 -1 -1 -1 -1 -1 -1 -1 -1 -1 -1 -1 -1 -1 -1 -1 -1 -1 -1 -1 -1 -1 -1 -1 -1 -1 -1 -1 -1 -1 -1 -1 -1 -1 -1 -1 -1 -1 -1 -1 -1 -1 -1 -1 -1 -1 -1 -1 -1 -1 -1 -1 -1 -1 -1 -1 -1 -1 -1 -1 -1 -1 -1 -1 -1 -1 -1 -1 -1 -1 -1 -1 -1 -1 -1 -1 -1 -1 -1 82 84 88 90 96 97 Objectives: 0.0 0.0 0.0 Constraints: 	AlgorithmAttributes: {}

Variables: -1 -1 -1 -1 -1 -1 -1 -1 -1 -1 -1 -1 -1 -1 -1 -1 -1 -1 -1 -1 -1 -1 -1 -1 -1 -1 -1 -1 -1 -1 -1 -1 -1 -1 -1 -1 -1 -1 -1 -1 -1 -1 -1 -1 -1 -1 -1 -1 -1 -1 -1 -1 -1 -1 -1 -1 -1 -1 -1 3 5 6 7 14 15 18 23 25 26 27 30 31 36 37 40 44 47 50 51 54 56 58 61 62 63 67 68 72 77 79 80 81 84 86 88 91 92 93 97 98 Objectives: 0.0 0.0 0.0 Constraints: 	AlgorithmAttributes: {}
,Variables: -1 -1 -1 -1 -1 -1 -1 -1 -1 -1 -1 -1 -1 -1 -1 -1 -1 -1 -1 -1 -1 -1 -1 -1 -1 -1 -1 -1 -1 -1 -1 -1 -1 -1 -1 -1 -1 -1 -1 -1 -1 -1 -1 -1 -1 -1 -1 -1 -1 -1 -1 -1 -1 -1 -1 -1 -1 -1 -1 -1 -1 -1 -1 -1 -1 -1 -1 -1 -1 -1 -1 -1 -1 -1 -1 -1 -1 -1 -1 -1 -1 -1 -1 -1 -1 -1 42 44 50 55 59 60 65 66 67 69 70 77 97 98 Objectives: 0.0 0.0 0.0 Constraints: 	AlgorithmAttributes: {}

Variables: -1 -1 -1 -1 -1 -1 -1 -1 -1 -1 -1 -1 -1 -1 -1 -1 -1 -1 -1 -1 -1 -1 -1 -1 -1 -1 -1 -1 -1 -1 -1 -1 -1 -1 -1 -1 -1 -1 -1 -1 -1 -1 -1 -1 -1 -1 -1 -1 -1 -1 -1 -1 -1 -1 -1 -1 -1 2 3 5 6 7 9 11 12 13 21 27 28 32 33 36 37 40 42 45 46 48 50 52 53 57 58 59 60 61 62 65 67 70 73 73 75 80 80 81 82 83 83 85 Objectives: 0.0 0.0 0.0 Constraints: 	AlgorithmAttributes: {}
,Variables: -1 -1 -1 -1 -1 -1 -1 -1 -1 -1 -1 -1 -1 -1 -1 -1 -1 -1 -1 -1 -1 -1 -1 -1 -1 -1 -1 -1 -1 -1 -1 -1 -1 -1 -1 -1 -1 -1 -1 -1 -1 -1 -1 -1 -1 -1 -1 -1 -1 -1 -1 -1 -1 -1 -1 -1 -1 -1 -1 -1 -1 -1 -1 -1 -1 -1 -1 -1 -1 -1 -1 -1 -1 -1 -1 -1 -1 -1 -1 -1 -1 -1 1 2 8 9 10 13 16 17 18 19 20 22 24 25 26 31 34 41 Objectives: 0.0 0.0 0.0 Constraints: 	AlgorithmAttributes: {}

Variables: -1 -1 -1 -1 -1 -1 -1 -1 -1 -1 -1 -1 -1 -1 -1 -1 -1 -1 -1 -1 -1 -1 -1 -1 -1 -1 -1 -1 -1 -1 -1 -1 -1 -1 -1 -1 -1 -1 -1 -1 -1 -1 -1 -1 -1 -1 -1 -1 -1 -1 -1 -1 -1 -1 -1 -1 0 2 3 4 6 7 9 10 12 13 14 19 21 27 28 31 32 35 37 42 48 52 53 55 57 58 59 60 61 64 70 73 74 78 80 81 82 84 87 88 90 94 95 99 Objectives: 0.0 0.0 0.0 Constraints: 	AlgorithmAttributes: {}
,Variables: -1 -1 -1 -1 -1 -1 -1 -1 -1 -1 -1 -1 -1 -1 -1 -1 -1 -1 -1 -1 -1 -1 -1 -1 -1 -1 -1 -1 -1 -1 -1 -1 -1 -1 -1 -1 -1 -1 -1 -1 -1 -1 -1 -1 -1 -1 -1 -1 -1 -1 -1 -1 -1 -1 -1 -1 -1 -1 -1 -1 -1 -1 -1 -1 -1 -1 -1 -1 -1 -1 -1 -1 -1 -1 -1 -1 -1 -1 -1 -1 -1 -1 -1 -1 -1 -1 -1 -1 -1 -1 -1 -1 -1 -1 71 80 81 88 90 92 Objectives: 0.0 0.0 0.0 Constraints: 	AlgorithmAttributes: {}

Variables: -1 -1 -1 -1 -1 -1 -1 -1 -1 -1 -1 -1 -1 -1 -1 -1 -1 -1 -1 -1 -1 -1 -1 -1 -1 -1 -1 -1 -1 -1 -1 -1 -1 -1 -1 -1 -1 -1 -1 -1 -1 -1 -1 -1 -1 -1 -1 -1 -1 -1 -1 -1 -1 -1 -1 -1 -1 -1 -1 1 3 4 5 10 14 21 23 24 30 31 32 33 40 43 44 45 46 52 58 60 62 64 65 66 67 68 69 70 73 79 80 81 82 85 86 87 92 94 95 97 Objectives: 0.0 0.0 0.0 Constraints: 	AlgorithmAttributes: {}
,Variables: -1 -1 -1 -1 -1 -1 -1 -1 -1 -1 -1 -1 -1 -1 -1 -1 -1 -1 -1 -1 -1 -1 -1 -1 -1 -1 -1 -1 -1 -1 -1 -1 -1 -1 -1 -1 -1 -1 -1 -1 -1 -1 -1 -1 -1 -1 -1 -1 -1 -1 -1 -1 -1 -1 -1 -1 -1 -1 -1 -1 -1 -1 -1 -1 -1 -1 -1 -1 -1 -1 -1 -1 -1 -1 -1 20 21 22 23 27 30 31 33 39 55 57 59 60 64 65 66 71 73 78 82 83 87 93 94 96 Objectives: 0.0 0.0 0.0 Constraints: 	AlgorithmAttributes: {}

Variables: -1 -1 -1 -1 -1 -1 -1 -1 -1 -1 -1 -1 -1 -1 -1 -1 -1 -1 -1 -1 -1 -1 -1 -1 -1 -1 -1 -1 -1 -1 -1 -1 -1 -1 -1 -1 -1 -1 -1 -1 -1 -1 -1 -1 -1 -1 -1 -1 -1 -1 -1 -1 -1 -1 -1 -1 -1 -1 -1 0 1 2 3 4 5 11 12 13 19 22 26 27 28 31 35 36 42 46 48 51 52 53 54 55 57 58 61 62 63 65 67 68 70 74 76 81 93 94 95 97 Objectives: 0.0 0.0 0.0 Constraints: 	AlgorithmAttributes: {}
,Variables: -1 -1 -1 -1 -1 -1 -1 -1 -1 -1 -1 -1 -1 -1 -1 -1 -1 -1 -1 -1 -1 -1 -1 -1 -1 -1 -1 -1 -1 -1 -1 -1 -1 -1 -1 -1 -1 -1 -1 -1 -1 -1 -1 -1 -1 -1 -1 -1 -1 -1 -1 -1 -1 -1 -1 -1 -1 -1 -1 -1 -1 -1 -1 -1 -1 -1 -1 -1 -1 -1 -1 -1 -1 -1 -1 -1 -1 -1 -1 -1 -1 -1 -1 -1 -1 -1 -1 -1 -1 -1 -1 -1 -1 -1 -1 69 79 87 97 99 Objectives: 0.0 0.0 0.0 Constraints: 	AlgorithmAttributes: {}

Variables: -1 -1 -1 -1 -1 -1 -1 -1 -1 -1 -1 -1 -1 -1 -1 -1 -1 -1 -1 -1 -1 -1 -1 -1 -1 -1 -1 -1 -1 -1 -1 -1 -1 -1 -1 -1 -1 -1 -1 -1 -1 -1 -1 -1 -1 -1 -1 -1 -1 -1 -1 -1 -1 -1 -1 -1 -1 -1 -1 3 5 6 6 7 7 8 9 9 10 15 16 17 18 19 20 21 22 22 23 24 26 26 27 28 29 31 38 39 44 48 49 58 66 75 84 85 86 92 93 96 Objectives: 0.0 0.0 0.0 Constraints: 	AlgorithmAttributes: {}
,Variables: -1 -1 -1 -1 -1 -1 -1 -1 -1 -1 -1 -1 -1 -1 -1 -1 -1 -1 -1 -1 -1 -1 -1 -1 -1 -1 -1 -1 -1 -1 -1 -1 -1 -1 -1 -1 -1 -1 -1 -1 -1 -1 -1 -1 -1 -1 -1 -1 -1 -1 -1 -1 -1 -1 -1 -1 -1 -1 -1 -1 -1 -1 -1 -1 -1 -1 -1 -1 -1 -1 -1 -1 -1 -1 -1 -1 -1 -1 -1 -1 -1 -1 -1 -1 -1 -1 -1 -1 -1 2 22 26 50 63 64 71 83 84 90 98 Objectives: 0.0 0.0 0.0 Constraints: 	AlgorithmAttributes: {}

Variables: -1 -1 -1 -1 -1 -1 -1 -1 -1 -1 -1 -1 -1 -1 -1 -1 -1 -1 -1 -1 -1 -1 -1 -1 -1 -1 -1 -1 -1 -1 -1 -1 -1 -1 -1 -1 -1 -1 -1 -1 -1 -1 -1 -1 -1 -1 -1 -1 -1 -1 -1 -1 -1 -1 -1 -1 -1 0 1 3 4 5 9 13 14 15 16 19 22 24 29 31 34 35 37 38 39 42 43 44 48 58 62 63 66 67 68 72 74 77 78 80 83 85 86 88 90 91 95 99 Objectives: 0.0 0.0 0.0 Constraints: 	AlgorithmAttributes: {}
,Variables: -1 -1 -1 -1 -1 -1 -1 -1 -1 -1 -1 -1 -1 -1 -1 -1 -1 -1 -1 -1 -1 -1 -1 -1 -1 -1 -1 -1 -1 -1 -1 -1 -1 -1 -1 -1 -1 -1 -1 -1 -1 -1 -1 -1 -1 -1 -1 -1 -1 -1 -1 -1 -1 -1 -1 -1 -1 -1 -1 -1 -1 -1 4 9 10 14 16 17 19 26 33 36 37 39 40 41 43 44 45 46 47 49 52 54 61 64 67 70 74 75 77 78 79 80 81 89 90 93 94 97 Objectives: 0.0 0.0 0.0 Constraints: 	AlgorithmAttributes: {}

Variables: -1 -1 -1 -1 -1 -1 -1 -1 -1 -1 -1 -1 -1 -1 -1 -1 -1 -1 -1 -1 -1 -1 -1 -1 -1 -1 -1 -1 -1 -1 -1 -1 -1 -1 -1 -1 -1 -1 -1 -1 -1 -1 -1 -1 -1 -1 -1 -1 -1 -1 -1 -1 -1 -1 -1 -1 -1 -1 5 9 14 15 16 18 19 23 28 34 36 37 40 42 50 51 53 54 55 58 60 61 62 63 64 67 68 70 72 76 77 78 79 80 83 84 88 89 91 94 95 97 Objectives: 0.0 0.0 0.0 Constraints: 	AlgorithmAttributes: {}
,Variables: -1 -1 -1 -1 -1 -1 -1 -1 -1 -1 -1 -1 -1 -1 -1 -1 -1 -1 -1 -1 -1 -1 -1 -1 -1 -1 -1 -1 -1 -1 -1 -1 -1 -1 -1 -1 -1 -1 -1 -1 -1 -1 -1 -1 -1 -1 -1 -1 -1 -1 -1 -1 -1 -1 -1 -1 -1 -1 -1 -1 -1 -1 -1 -1 -1 -1 -1 -1 -1 -1 -1 -1 -1 17 22 25 26 27 30 31 32 34 37 40 41 48 50 52 58 59 60 63 68 69 72 76 79 97 98 99 Objectives: 0.0 0.0 0.0 Constraints: 	AlgorithmAttributes: {}

Variables: -1 -1 -1 -1 -1 -1 -1 -1 -1 -1 -1 -1 -1 -1 -1 -1 -1 -1 -1 -1 -1 -1 -1 -1 -1 -1 -1 -1 -1 -1 -1 -1 -1 0 1 2 4 5 6 7 9 12 13 14 15 16 18 19 21 22 24 25 26 27 28 29 30 32 34 35 36 37 39 41 42 43 44 48 49 50 51 52 53 56 58 59 60 61 62 63 65 66 67 70 74 76 77 78 80 81 82 83 84 85 86 87 90 92 93 95 Objectives: 0.0 0.0 0.0 Constraints: 	AlgorithmAttributes: {}
,Variables: -1 -1 -1 -1 -1 -1 -1 -1 -1 -1 -1 -1 -1 -1 -1 -1 -1 -1 -1 -1 -1 -1 -1 -1 -1 -1 -1 -1 -1 -1 -1 -1 -1 -1 -1 -1 -1 -1 0 4 5 6 8 10 12 13 14 18 21 28 29 30 31 33 34 36 37 38 40 41 43 45 46 47 50 51 54 55 56 58 59 61 62 63 64 66 67 68 69 71 73 74 76 77 78 79 81 82 83 84 85 86 87 89 92 95 96 97 98 99 Objectives: 0.0 0.0 0.0 Constraints: 	AlgorithmAttributes: {}

Variables: -1 -1 -1 -1 -1 -1 -1 -1 -1 -1 -1 -1 -1 -1 -1 -1 -1 -1 -1 -1 -1 -1 -1 -1 -1 -1 -1 -1 -1 -1 -1 -1 -1 -1 -1 -1 -1 -1 -1 -1 -1 -1 -1 -1 -1 -1 -1 -1 -1 -1 -1 -1 -1 -1 -1 -1 -1 -1 -1 -1 -1 -1 -1 -1 -1 -1 -1 -1 -1 -1 -1 -1 -1 -1 -1 -1 36 38 40 41 48 50 54 55 59 60 61 62 63 66 67 70 71 76 77 80 81 84 91 94 Objectives: 0.0 0.0 0.0 Constraints: 	AlgorithmAttributes: {}
,Variables: -1 -1 -1 -1 -1 -1 -1 -1 -1 -1 -1 -1 -1 -1 -1 -1 -1 -1 -1 -1 -1 -1 -1 -1 -1 -1 -1 -1 -1 -1 -1 -1 -1 -1 -1 -1 -1 -1 -1 -1 -1 -1 -1 -1 -1 -1 -1 -1 -1 -1 -1 -1 -1 -1 -1 -1 0 2 3 8 9 11 12 14 15 18 21 24 26 28 30 32 33 34 35 38 41 42 45 46 50 51 52 53 54 57 58 61 63 64 69 76 79 83 84 86 93 95 98 99 Objectives: 0.0 0.0 0.0 Constraints: 	AlgorithmAttributes: {}

Variables: -1 -1 -1 -1 -1 -1 -1 -1 -1 -1 -1 -1 -1 -1 -1 -1 -1 -1 -1 -1 -1 -1 -1 -1 -1 -1 -1 -1 -1 -1 -1 -1 -1 -1 -1 -1 -1 -1 -1 -1 -1 -1 -1 -1 -1 -1 -1 -1 -1 -1 -1 -1 -1 -1 -1 -1 -1 0 3 4 5 6 7 8 9 10 11 12 14 18 19 21 23 28 30 31 34 35 36 37 40 42 44 48 51 52 53 55 56 60 61 67 78 79 85 86 87 90 92 95 Objectives: 0.0 0.0 0.0 Constraints: 	AlgorithmAttributes: {}
,Variables: -1 -1 -1 -1 -1 -1 -1 -1 -1 -1 -1 -1 -1 -1 -1 -1 -1 -1 -1 -1 -1 -1 -1 -1 -1 -1 -1 -1 -1 -1 -1 -1 -1 -1 -1 -1 -1 -1 -1 -1 -1 -1 -1 -1 -1 -1 -1 -1 -1 -1 -1 -1 -1 -1 -1 -1 -1 -1 -1 -1 -1 -1 -1 -1 -1 -1 -1 -1 -1 -1 -1 -1 -1 -1 -1 -1 -1 -1 -1 -1 -1 -1 -1 -1 -1 -1 -1 -1 -1 -1 -1 -1 -1 -1 -1 12 18 21 95 96 Objectives: 0.0 0.0 0.0 Constraints: 	AlgorithmAttributes: {}

Variables: -1 -1 -1 -1 -1 -1 -1 -1 -1 -1 -1 -1 -1 -1 -1 -1 -1 -1 -1 -1 -1 -1 -1 -1 -1 -1 -1 -1 -1 -1 -1 -1 -1 -1 -1 -1 -1 -1 -1 -1 -1 -1 -1 -1 -1 -1 -1 -1 -1 -1 -1 -1 -1 1 2 3 5 7 9 10 13 19 21 22 23 25 26 28 30 31 32 33 35 36 39 41 42 45 51 53 54 56 57 58 59 63 67 68 69 70 74 75 77 85 91 92 94 97 98 99 Objectives: 0.0 0.0 0.0 Constraints: 	AlgorithmAttributes: {}
,Variables: -1 -1 -1 -1 -1 -1 -1 -1 -1 -1 -1 -1 -1 -1 -1 -1 -1 -1 -1 -1 -1 -1 -1 -1 -1 -1 -1 -1 -1 -1 -1 -1 -1 -1 -1 -1 -1 -1 -1 -1 -1 -1 -1 -1 -1 -1 -1 -1 -1 -1 -1 -1 -1 -1 -1 -1 -1 -1 -1 -1 -1 -1 -1 -1 -1 -1 -1 -1 -1 -1 -1 1 2 8 10 12 18 22 28 29 31 32 33 38 41 44 46 48 52 53 56 59 66 72 74 80 82 88 92 95 Objectives: 0.0 0.0 0.0 Constraints: 	AlgorithmAttributes: {}

Variables: -1 -1 -1 -1 -1 -1 -1 -1 -1 -1 -1 -1 -1 -1 -1 -1 -1 -1 -1 -1 -1 -1 -1 -1 -1 -1 -1 -1 -1 -1 -1 -1 -1 -1 -1 -1 -1 0 2 3 4 5 6 8 9 10 12 13 14 17 18 19 20 21 23 25 27 28 29 31 32 33 36 37 38 41 42 43 44 46 47 50 51 53 54 57 59 60 62 63 64 66 67 70 72 73 75 76 77 79 81 83 85 86 88 89 90 91 95 99 Objectives: 0.0 0.0 0.0 Constraints: 	AlgorithmAttributes: {}
,Variables: -1 -1 -1 -1 -1 -1 -1 -1 -1 -1 -1 -1 -1 -1 -1 -1 -1 -1 -1 -1 -1 -1 -1 -1 -1 -1 -1 -1 -1 -1 -1 -1 -1 -1 -1 -1 -1 -1 -1 -1 -1 2 3 4 5 6 9 10 11 12 14 16 17 19 26 27 30 31 32 33 34 36 37 39 40 41 43 44 45 46 47 48 49 52 53 54 61 63 64 65 66 67 69 70 73 74 75 76 77 78 79 80 81 85 89 90 93 94 97 98 Objectives: 0.0 0.0 0.0 Constraints: 	AlgorithmAttributes: {}

Variables: -1 -1 -1 -1 -1 -1 -1 -1 -1 -1 -1 -1 -1 -1 -1 -1 -1 -1 -1 -1 -1 -1 -1 -1 -1 -1 -1 -1 -1 -1 -1 -1 -1 -1 -1 -1 -1 -1 -1 -1 -1 -1 -1 -1 -1 -1 -1 -1 -1 -1 -1 -1 -1 -1 0 2 3 5 8 10 11 12 13 14 17 18 20 21 22 24 30 37 41 42 44 45 46 48 51 52 53 54 56 59 61 65 66 68 69 70 71 75 77 80 81 84 90 94 95 96 Objectives: 0.0 0.0 0.0 Constraints: 	AlgorithmAttributes: {}
,Variables: -1 -1 -1 -1 -1 -1 -1 -1 -1 -1 -1 -1 -1 -1 -1 -1 -1 -1 -1 -1 -1 -1 -1 -1 -1 -1 -1 -1 -1 -1 -1 -1 -1 -1 -1 -1 -1 -1 -1 -1 -1 -1 -1 -1 -1 -1 -1 -1 -1 -1 -1 -1 -1 -1 -1 -1 -1 -1 -1 -1 -1 -1 -1 -1 -1 -1 -1 1 2 3 9 10 11 14 16 21 27 29 31 36 37 44 45 54 55 56 60 68 69 71 72 78 79 84 86 88 90 91 95 96 Objectives: 0.0 0.0 0.0 Constraints: 	AlgorithmAttributes: {}

Variables: -1 -1 -1 -1 -1 -1 -1 -1 -1 -1 -1 -1 -1 -1 -1 -1 -1 -1 -1 -1 -1 -1 -1 -1 -1 -1 -1 -1 -1 -1 -1 -1 -1 -1 -1 -1 -1 -1 -1 -1 -1 -1 -1 -1 -1 -1 -1 -1 -1 -1 -1 -1 -1 -1 -1 -1 -1 -1 -1 -1 1 3 4 8 10 11 14 16 17 20 23 24 27 29 31 32 35 37 39 40 43 44 45 47 48 51 56 62 65 67 68 68 70 70 73 73 75 80 82 83 Objectives: 0.0 0.0 0.0 Constraints: 	AlgorithmAttributes: {}
,Variables: -1 -1 -1 -1 -1 -1 -1 -1 -1 -1 -1 -1 -1 -1 -1 -1 -1 -1 -1 -1 -1 -1 -1 -1 -1 -1 -1 -1 -1 -1 -1 -1 -1 -1 -1 -1 -1 -1 -1 -1 -1 -1 -1 -1 -1 -1 -1 -1 -1 -1 -1 -1 -1 -1 -1 -1 -1 -1 -1 -1 -1 -1 -1 -1 -1 -1 -1 -1 -1 -1 -1 -1 -1 -1 -1 -1 -1 -1 -1 -1 -1 -1 -1 -1 -1 -1 -1 -1 -1 -1 -1 -1 -1 -1 -1 -1 -1 2 3 72 Objectives: 0.0 0.0 0.0 Constraints: 	AlgorithmAttributes: {}

Variables: -1 -1 -1 -1 -1 -1 -1 -1 -1 -1 -1 -1 -1 -1 -1 -1 -1 -1 -1 -1 -1 -1 -1 -1 -1 -1 -1 -1 -1 -1 -1 -1 0 1 2 3 4 7 9 10 12 14 15 16 17 18 22 23 25 28 30 31 33 34 38 39 40 41 42 43 44 45 46 47 48 49 50 53 55 56 57 59 60 62 63 66 67 69 70 71 72 74 75 78 79 80 81 82 86 87 88 89 90 91 93 94 95 96 97 99 Objectives: 0.0 0.0 0.0 Constraints: 	AlgorithmAttributes: {}
,Variables: -1 -1 -1 -1 -1 -1 -1 -1 -1 -1 -1 -1 -1 -1 -1 -1 -1 -1 -1 -1 -1 -1 -1 -1 -1 -1 -1 -1 -1 -1 -1 -1 -1 -1 0 1 2 3 4 5 6 7 8 9 12 13 15 16 18 21 22 23 24 25 27 28 29 30 31 34 35 38 39 40 42 43 44 45 47 49 50 52 53 54 56 59 60 61 62 63 64 67 68 69 71 72 74 75 76 78 80 81 83 84 86 88 90 95 96 97 Objectives: 0.0 0.0 0.0 Constraints: 	AlgorithmAttributes: {}

Variables: -1 -1 -1 -1 -1 -1 -1 -1 -1 -1 -1 -1 -1 -1 -1 -1 -1 -1 -1 -1 -1 -1 -1 -1 -1 -1 -1 -1 -1 -1 -1 -1 -1 -1 -1 -1 -1 -1 -1 -1 -1 -1 -1 -1 -1 -1 -1 -1 -1 -1 -1 -1 -1 -1 0 2 3 6 8 9 9 12 13 14 15 16 17 18 18 20 22 23 23 24 27 28 30 32 34 34 35 39 43 44 49 50 56 59 63 69 70 74 78 79 82 89 90 91 94 95 Objectives: 0.0 0.0 0.0 Constraints: 	AlgorithmAttributes: {}
,Variables: -1 -1 -1 -1 -1 -1 -1 -1 -1 -1 -1 -1 -1 -1 -1 -1 -1 -1 -1 -1 -1 -1 -1 -1 -1 -1 -1 -1 -1 -1 -1 -1 -1 -1 -1 -1 -1 -1 -1 -1 -1 -1 -1 -1 -1 -1 -1 -1 -1 -1 -1 -1 -1 -1 -1 -1 -1 -1 -1 -1 -1 -1 -1 -1 -1 -1 -1 -1 -1 -1 -1 -1 -1 -1 -1 -1 -1 -1 -1 -1 -1 -1 -1 -1 -1 -1 -1 -1 -1 -1 -1 -1 -1 -1 -1 -1 -1 -1 84 96 Objectives: 0.0 0.0 0.0 Constraints: 	AlgorithmAttributes: {}

Variables: -1 -1 -1 -1 -1 -1 -1 -1 -1 -1 -1 -1 -1 -1 -1 -1 -1 -1 -1 -1 -1 -1 -1 -1 -1 -1 -1 -1 -1 -1 -1 -1 -1 -1 -1 -1 -1 -1 -1 -1 -1 -1 -1 -1 -1 -1 -1 -1 -1 -1 -1 -1 -1 -1 -1 2 3 8 11 12 14 16 17 20 21 22 23 24 27 30 31 32 33 34 35 37 41 42 44 45 46 48 53 55 56 61 64 68 71 78 79 80 81 85 86 91 93 94 96 98 Objectives: 0.0 0.0 0.0 Constraints: 	AlgorithmAttributes: {}
,Variables: -1 -1 -1 -1 -1 -1 -1 -1 -1 -1 -1 -1 -1 -1 -1 -1 -1 -1 -1 -1 -1 -1 -1 -1 -1 -1 -1 -1 -1 -1 -1 -1 -1 -1 -1 -1 -1 -1 -1 -1 -1 -1 -1 -1 -1 -1 -1 -1 -1 -1 -1 -1 -1 -1 -1 -1 -1 -1 -1 -1 -1 -1 -1 -1 -1 -1 -1 -1 -1 -1 1 13 16 19 23 24 25 27 30 33 34 36 37 39 46 48 49 51 60 63 75 77 78 82 84 86 88 96 97 99 Objectives: 0.0 0.0 0.0 Constraints: 	AlgorithmAttributes: {}

Variables: -1 -1 -1 -1 -1 -1 -1 -1 -1 -1 -1 -1 -1 -1 -1 -1 -1 -1 -1 -1 -1 -1 -1 -1 -1 -1 -1 -1 -1 -1 -1 -1 -1 -1 -1 -1 -1 -1 -1 -1 -1 -1 -1 -1 -1 -1 -1 -1 -1 -1 -1 -1 -1 -1 -1 -1 -1 -1 -1 -1 -1 -1 -1 -1 -1 -1 5 6 7 11 13 14 18 19 21 22 36 37 42 45 46 48 50 51 52 57 58 59 65 68 78 80 82 84 88 90 94 95 96 99 Objectives: 0.0 0.0 0.0 Constraints: 	AlgorithmAttributes: {}
,Variables: -1 -1 -1 -1 -1 -1 -1 -1 -1 -1 -1 -1 -1 -1 -1 -1 -1 -1 -1 -1 -1 -1 -1 -1 -1 -1 -1 -1 -1 -1 -1 -1 -1 -1 -1 -1 -1 -1 -1 -1 -1 -1 -1 -1 -1 -1 -1 -1 -1 -1 -1 -1 -1 -1 -1 -1 -1 -1 -1 -1 -1 -1 -1 -1 -1 -1 -1 -1 -1 -1 -1 -1 -1 -1 -1 -1 -1 -1 -1 -1 -1 -1 -1 -1 -1 -1 -1 -1 -1 -1 -1 -1 -1 -1 -1 -1 -1 -1 93 96 Objectives: 0.0 0.0 0.0 Constraints: 	AlgorithmAttributes: {}

Variables: -1 -1 -1 -1 -1 -1 -1 -1 -1 -1 -1 -1 -1 -1 -1 -1 -1 -1 -1 -1 -1 -1 -1 -1 -1 -1 -1 -1 -1 -1 -1 -1 -1 -1 -1 -1 -1 -1 -1 -1 -1 -1 -1 -1 -1 -1 -1 -1 -1 -1 -1 -1 -1 -1 -1 -1 -1 -1 -1 -1 -1 -1 -1 -1 -1 -1 -1 -1 -1 -1 -1 -1 -1 -1 -1 -1 -1 -1 -1 -1 -1 -1 -1 -1 -1 0 1 3 7 9 10 11 12 19 22 32 37 42 51 57 Objectives: 0.0 0.0 0.0 Constraints: 	AlgorithmAttributes: {}
,Variables: -1 -1 -1 -1 -1 -1 -1 -1 -1 -1 -1 -1 -1 -1 -1 -1 -1 -1 -1 -1 -1 -1 -1 -1 -1 -1 -1 -1 -1 -1 -1 -1 -1 -1 -1 -1 -1 -1 -1 -1 -1 -1 -1 -1 -1 -1 -1 -1 -1 -1 -1 -1 -1 -1 -1 -1 -1 -1 -1 -1 -1 -1 -1 -1 -1 -1 -1 -1 -1 -1 -1 -1 -1 -1 -1 -1 -1 -1 -1 -1 -1 -1 -1 -1 -1 -1 -1 -1 -1 -1 -1 -1 -1 -1 -1 -1 -1 -1 -1 60 Objectives: 0.0 0.0 0.0 Constraints: 	AlgorithmAttributes: {}

Variables: -1 -1 -1 -1 -1 -1 -1 -1 -1 -1 -1 -1 -1 -1 -1 -1 -1 -1 -1 -1 -1 -1 -1 -1 -1 -1 -1 -1 -1 -1 -1 -1 -1 -1 -1 -1 -1 -1 3 5 6 7 8 11 12 14 16 17 18 19 20 21 22 23 25 27 28 29 30 31 32 35 36 37 38 39 41 42 43 44 46 47 48 49 55 56 57 58 61 62 65 67 70 73 74 75 79 80 82 83 85 86 87 89 91 92 94 97 98 99 Objectives: 0.0 0.0 0.0 Constraints: 	AlgorithmAttributes: {}
,Variables: -1 -1 -1 -1 -1 -1 -1 -1 -1 -1 -1 -1 -1 -1 -1 -1 -1 -1 -1 -1 -1 -1 -1 -1 -1 -1 -1 -1 -1 -1 -1 -1 -1 -1 -1 -1 -1 -1 -1 -1 -1 -1 0 1 2 8 9 10 11 17 18 19 21 22 23 24 25 26 27 28 29 31 33 35 36 37 38 40 41 44 45 46 50 52 53 55 56 57 60 65 67 68 70 71 72 73 74 77 78 81 82 83 85 86 88 89 90 91 95 96 Objectives: 0.0 0.0 0.0 Constraints: 	AlgorithmAttributes: {}

Variables: -1 -1 -1 -1 -1 -1 -1 -1 -1 -1 -1 -1 -1 -1 -1 -1 -1 -1 -1 -1 -1 -1 -1 -1 -1 -1 -1 -1 -1 -1 -1 -1 -1 -1 -1 -1 -1 -1 -1 -1 -1 -1 -1 -1 -1 -1 -1 -1 -1 -1 -1 -1 -1 -1 -1 2 3 4 5 6 7 9 10 14 19 21 26 28 31 33 36 37 40 42 45 46 48 51 57 58 59 62 65 68 70 73 74 79 80 81 82 85 87 88 90 92 93 94 96 99 Objectives: 0.0 0.0 0.0 Constraints: 	AlgorithmAttributes: {}
,Variables: -1 -1 -1 -1 -1 -1 -1 -1 -1 -1 -1 -1 -1 -1 -1 -1 -1 -1 -1 -1 -1 -1 -1 -1 -1 -1 -1 -1 -1 -1 -1 -1 -1 -1 -1 -1 -1 -1 -1 -1 -1 -1 -1 -1 -1 -1 -1 -1 -1 -1 -1 -1 -1 -1 -1 -1 -1 -1 -1 -1 -1 -1 -1 -1 -1 -1 -1 -1 -1 -1 -1 -1 -1 -1 -1 -1 -1 -1 33 35 36 44 47 48 53 54 56 60 63 64 65 68 71 77 78 79 80 81 93 95 Objectives: 0.0 0.0 0.0 Constraints: 	AlgorithmAttributes: {}

Variables: -1 -1 -1 -1 -1 -1 -1 -1 -1 -1 -1 -1 -1 -1 -1 -1 -1 -1 -1 -1 -1 -1 -1 -1 -1 -1 -1 -1 -1 -1 -1 -1 -1 -1 -1 -1 -1 -1 -1 -1 -1 -1 -1 -1 -1 -1 -1 -1 -1 -1 -1 -1 -1 -1 -1 -1 -1 -1 -1 -1 -1 -1 -1 -1 -1 -1 -1 -1 -1 -1 -1 -1 -1 -1 -1 -1 -1 -1 -1 -1 -1 -1 -1 -1 -1 -1 -1 -1 2 3 3 6 7 9 10 16 55 64 73 80 Objectives: 0.0 0.0 0.0 Constraints: 	AlgorithmAttributes: {}
,Variables: -1 -1 -1 -1 -1 -1 -1 -1 -1 -1 -1 -1 -1 -1 -1 -1 -1 -1 -1 -1 -1 -1 -1 -1 -1 -1 -1 -1 -1 -1 -1 -1 -1 -1 -1 -1 -1 -1 -1 -1 -1 -1 -1 -1 -1 -1 -1 -1 -1 -1 -1 -1 -1 -1 -1 -1 -1 -1 -1 -1 -1 -1 -1 -1 -1 -1 -1 -1 -1 -1 -1 -1 -1 -1 -1 -1 -1 -1 -1 -1 -1 -1 -1 -1 -1 -1 -1 -1 -1 -1 -1 -1 -1 -1 -1 -1 -1 -1 -1 48 Objectives: 0.0 0.0 0.0 Constraints: 	AlgorithmAttributes: {}

Variables: -1 -1 -1 -1 -1 -1 -1 -1 -1 -1 -1 -1 -1 -1 -1 -1 -1 -1 -1 -1 -1 -1 -1 -1 -1 -1 -1 -1 -1 -1 -1 -1 -1 -1 -1 -1 -1 -1 -1 -1 -1 -1 -1 -1 -1 -1 -1 -1 -1 -1 -1 -1 -1 0 3 5 6 9 11 14 17 18 21 22 24 27 30 31 32 33 34 35 37 37 39 40 44 45 46 48 49 51 51 52 52 53 54 56 56 58 66 73 75 80 81 84 90 92 94 95 Objectives: 0.0 0.0 0.0 Constraints: 	AlgorithmAttributes: {}
,Variables: -1 -1 -1 -1 -1 -1 -1 -1 -1 -1 -1 -1 -1 -1 -1 -1 -1 -1 -1 -1 -1 -1 -1 -1 -1 -1 -1 -1 -1 -1 -1 -1 -1 -1 -1 -1 -1 -1 -1 -1 -1 -1 -1 -1 -1 -1 -1 -1 -1 -1 -1 -1 -1 -1 -1 -1 -1 -1 -1 -1 -1 -1 -1 -1 -1 -1 -1 0 1 2 3 13 15 16 18 19 21 25 27 30 32 34 39 41 42 44 45 50 57 60 62 68 70 71 72 74 75 79 93 95 Objectives: 0.0 0.0 0.0 Constraints: 	AlgorithmAttributes: {}

Variables: -1 -1 -1 -1 -1 -1 -1 -1 -1 -1 -1 -1 -1 -1 -1 -1 -1 -1 -1 -1 -1 -1 -1 -1 -1 -1 -1 -1 -1 -1 -1 -1 -1 -1 -1 -1 -1 -1 -1 -1 -1 -1 -1 -1 -1 -1 -1 -1 -1 -1 -1 -1 -1 -1 -1 -1 -1 -1 -1 -1 -1 -1 -1 -1 -1 -1 -1 -1 -1 -1 -1 -1 -1 -1 -1 -1 -1 -1 -1 -1 -1 -1 -1 -1 -1 -1 -1 -1 -1 -1 -1 3 4 19 25 44 55 64 73 80 Objectives: 0.0 0.0 0.0 Constraints: 	AlgorithmAttributes: {}
,Variables: -1 -1 -1 -1 -1 -1 -1 -1 -1 -1 -1 -1 -1 -1 -1 -1 -1 -1 -1 -1 -1 -1 -1 -1 -1 -1 -1 -1 -1 -1 -1 -1 -1 -1 -1 -1 -1 -1 -1 -1 -1 -1 -1 -1 -1 -1 -1 -1 -1 -1 -1 -1 -1 -1 -1 -1 -1 -1 -1 -1 -1 -1 -1 -1 -1 -1 -1 -1 -1 -1 -1 -1 -1 -1 -1 -1 -1 -1 -1 -1 -1 -1 -1 -1 -1 -1 -1 -1 -1 -1 -1 -1 -1 -1 -1 -1 -1 -1 -1 48 Objectives: 0.0 0.0 0.0 Constraints: 	AlgorithmAttributes: {}

Variables: -1 -1 -1 -1 -1 -1 -1 -1 -1 -1 -1 -1 -1 -1 -1 -1 -1 -1 -1 -1 -1 -1 -1 -1 -1 -1 -1 -1 -1 -1 -1 -1 -1 -1 3 5 6 7 8 9 12 13 16 17 18 19 20 21 22 24 26 27 28 29 31 32 35 36 37 39 41 43 44 45 49 50 51 52 55 56 58 59 60 61 63 65 67 70 71 72 73 74 75 76 77 78 79 81 82 83 86 88 89 91 92 93 96 97 98 99 Objectives: 0.0 0.0 0.0 Constraints: 	AlgorithmAttributes: {}
,Variables: -1 -1 -1 -1 -1 -1 -1 -1 -1 -1 -1 -1 -1 -1 -1 -1 -1 -1 -1 -1 -1 -1 -1 -1 -1 -1 -1 -1 -1 -1 -1 -1 -1 -1 -1 -1 -1 -1 -1 -1 0 1 2 5 7 9 11 12 13 15 17 18 19 20 21 23 24 25 27 29 31 32 33 36 37 39 40 41 42 44 45 46 47 48 50 51 52 53 55 57 59 63 65 66 68 70 71 73 74 76 80 84 85 87 89 90 95 96 97 99 Objectives: 0.0 0.0 0.0 Constraints: 	AlgorithmAttributes: {}

Variables: -1 -1 -1 -1 -1 -1 -1 -1 -1 -1 -1 -1 -1 -1 -1 -1 -1 -1 -1 -1 -1 -1 -1 -1 -1 -1 -1 -1 -1 -1 -1 -1 -1 -1 -1 -1 1 3 4 7 8 11 14 20 21 22 23 24 25 26 27 28 29 30 31 34 36 37 38 39 40 41 42 44 45 47 48 50 54 55 57 59 60 61 62 63 64 65 66 67 68 69 70 71 72 76 77 79 80 81 82 84 85 88 90 91 92 94 97 99 Objectives: 0.0 0.0 0.0 Constraints: 	AlgorithmAttributes: {}
,Variables: -1 -1 -1 -1 -1 -1 -1 -1 -1 -1 -1 -1 -1 -1 -1 -1 -1 -1 -1 -1 -1 -1 -1 -1 -1 -1 -1 -1 -1 -1 -1 0 1 2 3 7 8 9 10 11 12 14 15 16 18 19 21 22 24 25 26 28 29 30 31 32 33 34 35 36 38 40 41 42 45 46 47 48 49 50 51 52 53 54 57 58 61 62 63 64 67 69 70 74 75 76 77 79 80 83 84 86 87 89 93 95 96 97 98 99 Objectives: 0.0 0.0 0.0 Constraints: 	AlgorithmAttributes: {}

Variables: -1 -1 -1 -1 -1 -1 -1 -1 -1 -1 -1 -1 -1 -1 -1 -1 -1 -1 -1 -1 -1 -1 -1 -1 -1 -1 -1 -1 -1 -1 -1 -1 -1 -1 -1 -1 -1 -1 -1 -1 -1 -1 -1 -1 -1 -1 -1 -1 -1 -1 -1 -1 -1 -1 -1 -1 0 2 3 5 10 12 13 17 18 22 23 27 28 30 31 32 33 34 35 37 41 42 45 46 51 53 54 55 57 59 61 62 64 65 67 71 75 80 81 84 85 91 93 95 Objectives: 0.0 0.0 0.0 Constraints: 	AlgorithmAttributes: {}
,Variables: -1 -1 -1 -1 -1 -1 -1 -1 -1 -1 -1 -1 -1 -1 -1 -1 -1 -1 -1 -1 -1 -1 -1 -1 -1 -1 -1 -1 -1 -1 -1 -1 -1 -1 -1 -1 -1 -1 -1 -1 -1 -1 -1 -1 -1 -1 -1 -1 -1 -1 -1 -1 -1 -1 -1 -1 -1 -1 -1 -1 -1 -1 -1 -1 -1 -1 -1 -1 -1 -1 -1 -1 -1 -1 -1 -1 -1 -1 -1 -1 0 3 7 8 9 14 15 16 26 33 37 44 45 52 74 75 78 79 89 94 Objectives: 0.0 0.0 0.0 Constraints: 	AlgorithmAttributes: {}

Variables: -1 -1 -1 -1 -1 -1 -1 -1 -1 -1 -1 -1 -1 -1 -1 -1 -1 -1 -1 -1 -1 -1 -1 -1 -1 -1 -1 -1 -1 -1 -1 -1 -1 -1 -1 0 1 2 3 4 6 8 9 12 13 16 17 18 20 21 25 26 27 28 29 30 31 33 34 37 38 40 41 43 44 45 46 47 48 49 51 53 54 55 56 57 59 60 62 64 66 69 70 71 73 74 75 76 77 78 79 80 81 82 85 88 89 90 97 98 Objectives: 0.0 0.0 0.0 Constraints: 	AlgorithmAttributes: {}
,Variables: -1 -1 -1 -1 -1 -1 -1 -1 -1 -1 -1 -1 -1 -1 -1 -1 -1 -1 -1 -1 -1 -1 -1 -1 -1 -1 -1 -1 -1 -1 -1 -1 -1 -1 -1 -1 -1 -1 -1 -1 1 2 3 4 5 6 8 9 11 12 13 17 20 26 29 30 31 35 36 38 39 40 42 43 45 47 48 49 50 51 52 56 58 60 62 63 65 67 68 71 72 73 74 76 77 78 79 80 81 82 83 84 88 90 92 93 94 96 97 98 Objectives: 0.0 0.0 0.0 Constraints: 	AlgorithmAttributes: {}

Variables: -1 -1 -1 -1 -1 -1 -1 -1 -1 -1 -1 -1 -1 -1 -1 -1 -1 -1 -1 -1 -1 -1 -1 -1 -1 -1 -1 -1 -1 -1 -1 -1 -1 -1 -1 -1 -1 -1 -1 -1 -1 -1 -1 -1 -1 -1 -1 -1 -1 -1 -1 -1 -1 -1 -1 -1 -1 -1 -1 -1 -1 -1 -1 -1 -1 -1 -1 -1 -1 -1 -1 -1 -1 -1 -1 -1 -1 -1 -1 -1 -1 -1 2 3 4 8 10 11 16 21 29 31 37 39 40 44 45 62 79 83 Objectives: 0.0 0.0 0.0 Constraints: 	AlgorithmAttributes: {}
,Variables: -1 -1 -1 -1 -1 -1 -1 -1 -1 -1 -1 -1 -1 -1 -1 -1 -1 -1 -1 -1 -1 -1 -1 -1 -1 -1 -1 -1 -1 -1 -1 -1 -1 -1 -1 -1 -1 -1 -1 -1 -1 -1 -1 -1 -1 -1 -1 -1 -1 -1 -1 -1 -1 -1 -1 -1 -1 -1 -1 -1 -1 -1 -1 -1 -1 -1 -1 -1 -1 -1 -1 -1 -1 -1 -1 -1 -1 -1 -1 -1 -1 -1 -1 -1 -1 -1 -1 -1 -1 -1 -1 -1 -1 -1 -1 -1 -1 -1 -1 48 Objectives: 0.0 0.0 0.0 Constraints: 	AlgorithmAttributes: {}

Variables: -1 -1 -1 -1 -1 -1 -1 -1 -1 -1 -1 -1 -1 -1 -1 -1 -1 -1 -1 -1 -1 -1 -1 -1 -1 -1 -1 -1 -1 -1 -1 -1 -1 -1 -1 -1 -1 -1 -1 -1 -1 -1 -1 -1 -1 -1 -1 -1 -1 -1 -1 -1 -1 -1 -1 -1 -1 -1 -1 -1 -1 -1 -1 -1 -1 -1 -1 -1 -1 -1 -1 -1 3 4 6 9 11 12 15 16 16 17 17 21 23 23 28 31 31 36 37 37 38 41 43 44 46 47 56 69 Objectives: 0.0 0.0 0.0 Constraints: 	AlgorithmAttributes: {}
,Variables: -1 -1 -1 -1 -1 -1 -1 -1 -1 -1 -1 -1 -1 -1 -1 -1 -1 -1 -1 -1 -1 -1 -1 -1 -1 -1 -1 -1 -1 -1 -1 -1 -1 -1 -1 -1 -1 -1 -1 -1 -1 -1 -1 -1 -1 -1 -1 -1 -1 -1 -1 -1 -1 -1 -1 -1 -1 -1 -1 -1 -1 -1 -1 -1 -1 -1 -1 -1 -1 -1 -1 -1 -1 -1 -1 -1 -1 -1 -1 -1 -1 -1 -1 -1 -1 -1 -1 -1 -1 -1 -1 -1 -1 -1 -1 -1 -1 -1 -1 2 Objectives: 0.0 0.0 0.0 Constraints: 	AlgorithmAttributes: {}

Variables: -1 -1 -1 -1 -1 -1 -1 -1 -1 -1 -1 -1 -1 -1 -1 -1 -1 -1 -1 -1 -1 -1 -1 -1 -1 -1 -1 -1 -1 -1 -1 -1 -1 -1 -1 -1 -1 -1 -1 -1 -1 -1 -1 -1 -1 -1 -1 -1 -1 -1 -1 -1 -1 -1 -1 -1 -1 -1 -1 -1 -1 -1 -1 -1 -1 -1 -1 -1 -1 0 3 5 6 11 12 18 19 21 23 28 30 31 34 36 37 40 42 44 48 51 52 53 55 56 78 79 85 86 90 92 Objectives: 0.0 0.0 0.0 Constraints: 	AlgorithmAttributes: {}
,Variables: -1 -1 -1 -1 -1 -1 -1 -1 -1 -1 -1 -1 -1 -1 -1 -1 -1 -1 -1 -1 -1 -1 -1 -1 -1 -1 -1 -1 -1 -1 -1 -1 -1 -1 -1 -1 -1 -1 -1 -1 -1 -1 -1 -1 -1 -1 -1 -1 -1 -1 -1 -1 -1 -1 -1 -1 -1 -1 -1 -1 -1 -1 -1 -1 -1 -1 -1 -1 -1 -1 -1 -1 -1 -1 -1 -1 -1 -1 -1 -1 -1 -1 -1 -1 -1 -1 -1 -1 -1 -1 -1 -1 -1 -1 -1 -1 -1 -1 12 21 Objectives: 0.0 0.0 0.0 Constraints: 	AlgorithmAttributes: {}

Variables: -1 -1 -1 -1 -1 -1 -1 -1 -1 -1 -1 -1 -1 -1 -1 -1 -1 -1 -1 -1 -1 -1 -1 -1 -1 -1 -1 -1 -1 -1 -1 -1 -1 -1 -1 -1 -1 -1 -1 -1 -1 -1 -1 -1 -1 -1 -1 -1 -1 -1 -1 -1 -1 -1 -1 -1 -1 -1 -1 -1 -1 -1 -1 -1 -1 -1 -1 -1 -1 -1 -1 -1 -1 -1 -1 -1 -1 -1 -1 -1 6 7 12 13 21 33 36 37 48 53 58 67 73 73 75 80 80 81 83 85 Objectives: 0.0 0.0 0.0 Constraints: 	AlgorithmAttributes: {}
,Variables: -1 -1 -1 -1 -1 -1 -1 -1 -1 -1 -1 -1 -1 -1 -1 -1 -1 -1 -1 -1 -1 -1 -1 -1 -1 -1 -1 -1 -1 -1 -1 -1 -1 -1 -1 -1 -1 -1 -1 -1 -1 -1 -1 -1 -1 -1 -1 -1 -1 -1 -1 -1 -1 -1 -1 -1 -1 -1 -1 -1 -1 -1 -1 -1 -1 -1 -1 -1 -1 -1 -1 -1 -1 -1 -1 -1 -1 -1 -1 -1 -1 -1 -1 -1 -1 -1 -1 -1 -1 -1 -1 -1 -1 -1 -1 -1 -1 -1 -1 34 Objectives: 0.0 0.0 0.0 Constraints: 	AlgorithmAttributes: {}

Variables: -1 -1 -1 -1 -1 -1 -1 -1 -1 -1 -1 -1 -1 -1 -1 -1 -1 -1 -1 -1 -1 -1 -1 -1 -1 -1 -1 -1 -1 -1 -1 -1 -1 -1 -1 -1 -1 -1 -1 -1 -1 -1 -1 -1 -1 -1 -1 -1 -1 -1 -1 -1 -1 -1 -1 -1 -1 -1 1 3 5 6 7 8 9 10 11 12 12 16 17 17 18 18 23 27 29 30 31 34 35 36 37 38 39 40 45 46 52 56 57 58 64 65 68 77 79 80 90 94 Objectives: 0.0 0.0 0.0 Constraints: 	AlgorithmAttributes: {}
,Variables: -1 -1 -1 -1 -1 -1 -1 -1 -1 -1 -1 -1 -1 -1 -1 -1 -1 -1 -1 -1 -1 -1 -1 -1 -1 -1 -1 -1 -1 -1 -1 -1 -1 -1 -1 -1 -1 -1 -1 -1 -1 -1 -1 -1 -1 -1 -1 -1 -1 -1 -1 -1 -1 -1 -1 -1 -1 -1 -1 -1 -1 -1 -1 -1 -1 -1 -1 -1 -1 -1 -1 -1 -1 -1 -1 -1 -1 -1 -1 -1 -1 -1 -1 -1 -1 -1 -1 -1 -1 -1 -1 -1 52 57 65 69 70 71 78 94 Objectives: 0.0 0.0 0.0 Constraints: 	AlgorithmAttributes: {}

Variables: -1 -1 -1 -1 -1 -1 -1 -1 -1 -1 -1 -1 -1 -1 -1 -1 -1 -1 -1 -1 -1 -1 -1 -1 -1 -1 -1 -1 -1 -1 -1 -1 -1 -1 -1 -1 -1 -1 -1 -1 -1 -1 -1 -1 -1 -1 -1 -1 -1 -1 -1 -1 -1 -1 -1 -1 -1 -1 -1 0 2 6 7 9 10 11 12 12 14 14 16 16 17 18 19 20 21 21 23 24 27 30 31 31 32 33 35 36 41 43 44 47 48 53 54 56 61 64 69 91 Objectives: 0.0 0.0 0.0 Constraints: 	AlgorithmAttributes: {}
,Variables: -1 -1 -1 -1 -1 -1 -1 -1 -1 -1 -1 -1 -1 -1 -1 -1 -1 -1 -1 -1 -1 -1 -1 -1 -1 -1 -1 -1 -1 -1 -1 -1 -1 -1 -1 -1 -1 -1 -1 -1 -1 -1 -1 -1 -1 -1 -1 -1 -1 -1 -1 -1 -1 -1 -1 -1 -1 -1 -1 -1 -1 -1 -1 -1 -1 -1 -1 -1 -1 -1 -1 -1 -1 -1 -1 -1 -1 -1 -1 -1 -1 -1 -1 -1 -1 -1 -1 -1 -1 -1 -1 -1 -1 -1 -1 -1 -1 1 2 6 Objectives: 0.0 0.0 0.0 Constraints: 	AlgorithmAttributes: {}

Variables: -1 -1 -1 -1 -1 -1 -1 -1 -1 -1 -1 -1 -1 -1 -1 -1 -1 -1 -1 -1 -1 -1 -1 -1 -1 -1 -1 -1 -1 -1 -1 -1 -1 -1 0 1 2 3 4 5 6 7 8 9 10 11 12 14 16 17 18 23 25 28 29 31 32 33 36 38 39 40 41 42 43 45 47 49 50 51 53 54 56 57 58 59 61 62 63 64 65 66 67 69 70 71 73 74 75 78 80 84 86 87 89 91 93 94 97 99 Objectives: 0.0 0.0 0.0 Constraints: 	AlgorithmAttributes: {}
,Variables: -1 -1 -1 -1 -1 -1 -1 -1 -1 -1 -1 -1 -1 -1 -1 -1 -1 -1 -1 -1 -1 -1 -1 -1 -1 -1 -1 -1 -1 -1 -1 -1 -1 -1 -1 1 2 3 4 6 7 8 9 10 13 16 17 18 19 21 22 23 24 25 26 27 28 30 31 33 40 41 42 43 44 45 47 48 49 50 52 53 54 56 60 62 63 64 66 68 69 70 72 73 75 76 78 81 83 84 85 86 88 90 91 94 95 96 97 98 Objectives: 0.0 0.0 0.0 Constraints: 	AlgorithmAttributes: {}

Variables: -1 -1 -1 -1 -1 -1 -1 -1 -1 -1 -1 -1 -1 -1 -1 -1 -1 -1 -1 -1 -1 -1 -1 -1 -1 -1 -1 -1 -1 -1 -1 -1 -1 -1 -1 -1 -1 -1 -1 -1 -1 -1 -1 -1 -1 -1 -1 -1 -1 -1 -1 -1 -1 -1 -1 -1 -1 -1 -1 -1 -1 -1 0 3 5 6 8 9 11 12 14 16 17 18 22 23 28 32 33 34 45 52 53 54 55 56 57 59 60 61 62 63 68 69 76 81 93 94 95 97 Objectives: 0.0 0.0 0.0 Constraints: 	AlgorithmAttributes: {}
,Variables: -1 -1 -1 -1 -1 -1 -1 -1 -1 -1 -1 -1 -1 -1 -1 -1 -1 -1 -1 -1 -1 -1 -1 -1 -1 -1 -1 -1 -1 -1 -1 -1 -1 -1 -1 -1 -1 -1 -1 -1 -1 -1 -1 -1 -1 -1 -1 -1 -1 -1 -1 -1 -1 -1 -1 -1 -1 -1 -1 -1 -1 -1 -1 -1 -1 -1 -1 -1 -1 -1 -1 -1 -1 -1 -1 -1 -1 -1 -1 -1 -1 -1 -1 -1 -1 -1 -1 -1 -1 -1 -1 -1 -1 -1 -1 -1 -1 -1 79 97 Objectives: 0.0 0.0 0.0 Constraints: 	AlgorithmAttributes: {}

Variables: -1 -1 -1 -1 -1 -1 -1 -1 -1 -1 -1 -1 -1 -1 -1 -1 -1 -1 -1 -1 -1 -1 -1 -1 -1 -1 -1 -1 -1 -1 -1 -1 -1 -1 -1 -1 2 3 6 7 9 10 11 12 13 15 17 18 19 20 22 23 25 26 28 30 31 32 33 34 35 36 37 39 41 42 44 45 47 51 53 54 56 57 58 59 61 63 64 67 68 69 70 71 74 75 77 78 84 85 86 87 91 92 93 94 95 97 98 99 Objectives: 0.0 0.0 0.0 Constraints: 	AlgorithmAttributes: {}
,Variables: -1 -1 -1 -1 -1 -1 -1 -1 -1 -1 -1 -1 -1 -1 -1 -1 -1 -1 -1 -1 -1 -1 -1 -1 -1 -1 -1 -1 -1 -1 -1 -1 -1 -1 -1 -1 -1 -1 -1 -1 -1 -1 -1 0 1 2 7 8 10 12 14 15 16 18 19 20 22 23 24 28 29 31 32 33 35 38 39 40 41 43 44 45 46 48 51 52 53 54 56 59 60 61 63 64 66 68 72 73 74 76 80 82 84 86 88 89 92 95 97 99 Objectives: 0.0 0.0 0.0 Constraints: 	AlgorithmAttributes: {}

Variables: -1 -1 -1 -1 -1 -1 -1 -1 -1 -1 -1 -1 -1 -1 -1 -1 -1 -1 -1 -1 -1 -1 -1 -1 -1 -1 -1 -1 -1 -1 -1 -1 -1 -1 -1 -1 -1 -1 -1 -1 -1 -1 -1 -1 -1 -1 -1 -1 -1 -1 -1 -1 -1 -1 -1 -1 -1 2 3 4 5 8 11 14 20 24 27 29 30 31 32 39 43 44 45 46 47 48 56 58 60 61 62 64 65 66 67 68 69 70 73 79 80 82 84 86 90 92 94 97 Objectives: 0.0 0.0 0.0 Constraints: 	AlgorithmAttributes: {}
,Variables: -1 -1 -1 -1 -1 -1 -1 -1 -1 -1 -1 -1 -1 -1 -1 -1 -1 -1 -1 -1 -1 -1 -1 -1 -1 -1 -1 -1 -1 -1 -1 -1 -1 -1 -1 -1 -1 -1 -1 -1 -1 -1 -1 -1 -1 -1 -1 -1 -1 -1 -1 -1 -1 -1 -1 -1 -1 -1 -1 -1 -1 -1 -1 -1 -1 -1 -1 -1 -1 -1 -1 -1 -1 -1 -1 -1 -1 -1 -1 -1 -1 -1 -1 -1 -1 -1 -1 -1 -1 -1 0 1 6 8 12 14 93 94 95 96 Objectives: 0.0 0.0 0.0 Constraints: 	AlgorithmAttributes: {}

Variables: -1 -1 -1 -1 -1 -1 -1 -1 -1 -1 -1 -1 -1 -1 -1 -1 -1 -1 -1 -1 -1 -1 -1 -1 -1 -1 -1 -1 -1 -1 -1 -1 -1 -1 -1 -1 2 5 8 9 14 16 18 20 23 26 27 28 29 30 31 33 34 35 36 37 40 41 43 44 47 49 51 53 55 57 58 59 60 61 62 64 65 66 68 69 70 72 73 74 75 76 77 80 82 83 84 85 86 87 88 89 90 91 93 94 95 96 98 99 Objectives: 0.0 0.0 0.0 Constraints: 	AlgorithmAttributes: {}
,Variables: -1 -1 -1 -1 -1 -1 -1 -1 -1 -1 -1 -1 -1 -1 -1 -1 -1 -1 -1 -1 -1 -1 -1 -1 -1 -1 -1 -1 -1 -1 -1 -1 -1 -1 0 1 2 6 7 8 9 10 12 13 15 17 18 20 21 22 23 24 25 26 28 29 31 32 33 36 38 40 41 42 43 45 47 48 49 53 54 55 57 58 59 60 61 63 64 65 66 67 71 72 73 78 79 82 83 84 85 87 88 89 90 91 95 96 97 99 Objectives: 0.0 0.0 0.0 Constraints: 	AlgorithmAttributes: {}

Variables: -1 -1 -1 -1 -1 -1 -1 -1 -1 -1 -1 -1 -1 -1 -1 -1 -1 -1 -1 -1 -1 -1 -1 -1 -1 -1 -1 -1 -1 -1 -1 -1 -1 -1 -1 -1 -1 -1 -1 -1 -1 -1 -1 -1 -1 -1 -1 -1 -1 -1 -1 -1 -1 -1 -1 -1 -1 -1 -1 -1 -1 0 1 3 4 5 6 7 9 13 14 21 26 28 31 32 33 37 42 45 48 50 58 59 61 62 64 65 67 68 74 78 81 87 88 90 92 93 94 95 Objectives: 0.0 0.0 0.0 Constraints: 	AlgorithmAttributes: {}
,Variables: -1 -1 -1 -1 -1 -1 -1 -1 -1 -1 -1 -1 -1 -1 -1 -1 -1 -1 -1 -1 -1 -1 -1 -1 -1 -1 -1 -1 -1 -1 -1 -1 -1 -1 -1 -1 -1 -1 -1 -1 -1 -1 -1 -1 -1 -1 -1 -1 -1 -1 -1 -1 -1 -1 -1 -1 -1 -1 -1 -1 -1 -1 -1 -1 -1 -1 -1 -1 -1 -1 -1 -1 -1 -1 -1 -1 -1 -1 -1 -1 -1 -1 -1 -1 -1 -1 -1 -1 -1 -1 -1 -1 -1 -1 -1 -1 -1 88 90 97 Objectives: 0.0 0.0 0.0 Constraints: 	AlgorithmAttributes: {}

Variables: -1 -1 -1 -1 -1 -1 -1 -1 -1 -1 -1 -1 -1 -1 -1 -1 -1 -1 -1 -1 -1 -1 -1 -1 -1 -1 -1 -1 -1 -1 -1 -1 -1 -1 -1 -1 -1 -1 -1 -1 -1 -1 -1 -1 -1 -1 -1 -1 -1 -1 -1 -1 -1 -1 -1 -1 -1 -1 -1 0 2 5 6 6 8 9 11 11 12 14 16 17 17 21 23 23 24 27 28 30 31 31 32 32 35 37 41 42 43 44 45 46 47 48 51 54 56 64 69 91 Objectives: 0.0 0.0 0.0 Constraints: 	AlgorithmAttributes: {}
,Variables: -1 -1 -1 -1 -1 -1 -1 -1 -1 -1 -1 -1 -1 -1 -1 -1 -1 -1 -1 -1 -1 -1 -1 -1 -1 -1 -1 -1 -1 -1 -1 -1 -1 -1 -1 -1 -1 -1 -1 -1 -1 -1 -1 -1 -1 -1 -1 -1 -1 -1 -1 -1 -1 -1 -1 -1 -1 -1 -1 -1 -1 -1 -1 -1 -1 -1 -1 -1 -1 -1 -1 -1 -1 -1 -1 -1 -1 -1 -1 -1 -1 -1 -1 -1 -1 -1 -1 -1 -1 -1 -1 -1 -1 -1 -1 -1 -1 -1 -1 1 Objectives: 0.0 0.0 0.0 Constraints: 	AlgorithmAttributes: {}

Variables: -1 -1 -1 -1 -1 -1 -1 -1 -1 -1 -1 -1 -1 -1 -1 -1 -1 -1 -1 -1 -1 -1 -1 -1 -1 -1 -1 -1 -1 -1 -1 -1 -1 -1 -1 -1 -1 -1 -1 -1 -1 -1 -1 -1 -1 -1 -1 -1 -1 -1 -1 -1 -1 -1 -1 -1 -1 3 4 5 7 10 11 17 18 23 25 30 31 32 33 34 37 42 43 44 46 52 54 56 57 58 61 63 64 66 70 73 74 75 76 77 79 80 81 82 83 84 93 94 Objectives: 0.0 0.0 0.0 Constraints: 	AlgorithmAttributes: {}
,Variables: -1 -1 -1 -1 -1 -1 -1 -1 -1 -1 -1 -1 -1 -1 -1 -1 -1 -1 -1 -1 -1 -1 -1 -1 -1 -1 -1 -1 -1 -1 -1 -1 -1 -1 -1 -1 -1 -1 -1 -1 -1 -1 -1 -1 -1 -1 -1 -1 -1 -1 -1 -1 -1 -1 -1 -1 -1 -1 -1 -1 -1 -1 -1 -1 -1 -1 -1 -1 -1 -1 -1 -1 -1 -1 -1 -1 -1 -1 -1 -1 -1 -1 -1 -1 -1 -1 -1 -1 -1 -1 -1 -1 -1 -1 -1 -1 69 79 97 99 Objectives: 0.0 0.0 0.0 Constraints: 	AlgorithmAttributes: {}

Variables: -1 -1 -1 -1 -1 -1 -1 -1 -1 -1 -1 -1 -1 -1 -1 -1 -1 -1 -1 -1 -1 -1 -1 -1 -1 -1 -1 -1 -1 -1 -1 -1 -1 -1 -1 -1 -1 -1 -1 -1 -1 -1 -1 -1 -1 -1 -1 -1 -1 -1 -1 -1 -1 -1 -1 -1 -1 -1 -1 -1 -1 -1 -1 -1 -1 -1 -1 -1 -1 2 5 7 12 22 23 27 28 34 35 40 42 43 44 46 48 59 61 64 70 73 74 78 80 81 82 87 88 90 94 95 Objectives: 0.0 0.0 0.0 Constraints: 	AlgorithmAttributes: {}
,Variables: -1 -1 -1 -1 -1 -1 -1 -1 -1 -1 -1 -1 -1 -1 -1 -1 -1 -1 -1 -1 -1 -1 -1 -1 -1 -1 -1 -1 -1 -1 -1 -1 -1 -1 -1 -1 -1 -1 -1 -1 -1 -1 -1 -1 -1 -1 -1 -1 -1 -1 -1 -1 -1 -1 -1 -1 -1 -1 -1 -1 -1 -1 -1 -1 -1 -1 -1 -1 -1 -1 -1 -1 -1 -1 -1 -1 -1 -1 -1 -1 -1 -1 -1 -1 -1 -1 -1 -1 -1 -1 -1 -1 -1 -1 -1 -1 -1 -1 -1 71 Objectives: 0.0 0.0 0.0 Constraints: 	AlgorithmAttributes: {}

Variables: -1 -1 -1 -1 -1 -1 -1 -1 -1 -1 -1 -1 -1 -1 -1 -1 -1 -1 -1 -1 -1 -1 -1 -1 -1 -1 -1 -1 -1 -1 -1 -1 -1 -1 -1 -1 -1 -1 -1 -1 -1 -1 -1 -1 -1 -1 -1 -1 -1 -1 -1 -1 -1 -1 -1 -1 -1 -1 -1 -1 -1 -1 -1 2 3 9 12 16 18 20 23 23 24 25 28 28 29 30 30 31 31 31 32 32 33 34 40 43 44 46 47 47 51 51 53 54 54 64 69 91 Objectives: 0.0 0.0 0.0 Constraints: 	AlgorithmAttributes: {}
,Variables: -1 -1 -1 -1 -1 -1 -1 -1 -1 -1 -1 -1 -1 -1 -1 -1 -1 -1 -1 -1 -1 -1 -1 -1 -1 -1 -1 -1 -1 -1 -1 -1 -1 -1 -1 -1 -1 -1 -1 -1 -1 -1 -1 -1 -1 -1 -1 -1 -1 -1 -1 -1 -1 -1 -1 -1 -1 -1 -1 -1 -1 -1 -1 -1 -1 -1 -1 -1 -1 -1 -1 -1 -1 -1 -1 -1 -1 -1 -1 -1 -1 -1 -1 -1 -1 -1 -1 -1 -1 -1 -1 -1 -1 -1 -1 -1 -1 -1 -1 1 Objectives: 0.0 0.0 0.0 Constraints: 	AlgorithmAttributes: {}

Variables: -1 -1 -1 -1 -1 -1 -1 -1 -1 -1 -1 -1 -1 -1 -1 -1 -1 -1 -1 -1 -1 -1 -1 -1 -1 -1 -1 -1 -1 -1 -1 -1 -1 -1 0 1 2 3 4 5 8 9 11 12 13 14 15 18 19 22 23 25 28 29 32 33 35 36 40 41 42 43 45 46 47 49 50 51 53 55 56 57 58 60 61 62 66 68 70 72 73 74 75 76 77 79 80 81 82 84 85 86 87 89 90 92 94 95 98 99 Objectives: 0.0 0.0 0.0 Constraints: 	AlgorithmAttributes: {}
,Variables: -1 -1 -1 -1 -1 -1 -1 -1 -1 -1 -1 -1 -1 -1 -1 -1 -1 -1 -1 -1 -1 -1 -1 -1 -1 -1 -1 -1 -1 -1 -1 -1 -1 -1 -1 -1 -1 -1 -1 -1 -1 0 1 2 3 5 7 8 10 13 14 15 16 17 18 19 21 22 23 24 27 29 33 34 36 40 41 42 43 44 46 47 49 50 52 53 59 61 62 63 65 66 68 72 73 75 76 77 78 79 81 83 86 87 88 89 91 94 95 99 Objectives: 0.0 0.0 0.0 Constraints: 	AlgorithmAttributes: {}

Variables: -1 -1 -1 -1 -1 -1 -1 -1 -1 -1 -1 -1 -1 -1 -1 -1 -1 -1 -1 -1 -1 -1 -1 -1 -1 -1 -1 -1 -1 -1 -1 -1 -1 -1 -1 -1 -1 -1 -1 -1 -1 -1 -1 -1 -1 -1 -1 -1 -1 -1 -1 -1 -1 -1 -1 -1 -1 -1 -1 -1 -1 -1 -1 -1 -1 -1 -1 -1 -1 -1 -1 3 4 13 14 17 18 19 20 23 24 27 28 29 38 42 45 50 52 53 54 55 57 59 62 63 64 66 68 76 Objectives: 0.0 0.0 0.0 Constraints: 	AlgorithmAttributes: {}
,Variables: -1 -1 -1 -1 -1 -1 -1 -1 -1 -1 -1 -1 -1 -1 -1 -1 -1 -1 -1 -1 -1 -1 -1 -1 -1 -1 -1 -1 -1 -1 -1 -1 -1 -1 -1 -1 -1 -1 -1 -1 -1 -1 -1 -1 -1 -1 -1 -1 -1 -1 -1 -1 -1 -1 -1 -1 -1 -1 -1 -1 -1 -1 -1 -1 -1 -1 -1 -1 -1 -1 -1 -1 -1 -1 -1 -1 -1 -1 -1 -1 -1 -1 -1 -1 -1 -1 -1 -1 -1 -1 -1 -1 -1 -1 -1 -1 -1 -1 -1 97 Objectives: 0.0 0.0 0.0 Constraints: 	AlgorithmAttributes: {}

Variables: -1 -1 -1 -1 -1 -1 -1 -1 -1 -1 -1 -1 -1 -1 -1 -1 -1 -1 -1 -1 -1 -1 -1 -1 -1 -1 -1 -1 -1 -1 -1 0 1 2 3 5 6 7 8 9 10 15 18 19 20 21 23 24 25 26 27 28 29 30 32 33 35 36 37 38 39 40 41 43 44 45 46 48 50 52 53 54 57 58 60 63 64 65 68 69 70 71 73 75 78 79 80 82 84 85 87 88 89 90 91 92 93 96 97 98 Objectives: 0.0 0.0 0.0 Constraints: 	AlgorithmAttributes: {}
,Variables: -1 -1 -1 -1 -1 -1 -1 -1 -1 -1 -1 -1 -1 -1 -1 -1 -1 -1 -1 -1 -1 -1 -1 -1 -1 -1 -1 -1 -1 -1 -1 -1 -1 -1 -1 -1 -1 -1 -1 0 1 2 3 4 5 6 7 10 11 12 17 18 19 20 22 24 25 28 31 34 39 40 41 42 43 44 46 48 49 50 52 53 54 56 57 58 59 60 61 66 69 70 72 74 75 80 82 84 85 86 87 89 90 92 93 94 96 97 98 99 Objectives: 0.0 0.0 0.0 Constraints: 	AlgorithmAttributes: {}

Variables: -1 -1 -1 -1 -1 -1 -1 -1 -1 -1 -1 -1 -1 -1 -1 -1 -1 -1 -1 -1 -1 -1 -1 -1 -1 -1 -1 -1 -1 -1 -1 -1 -1 -1 -1 -1 -1 -1 -1 -1 -1 -1 -1 -1 -1 -1 -1 -1 -1 -1 -1 -1 -1 -1 -1 -1 -1 -1 -1 -1 -1 3 6 7 9 14 15 16 17 21 22 23 24 24 25 26 27 30 30 31 33 34 37 38 38 39 39 44 47 48 49 53 53 54 55 57 60 70 72 84 Objectives: 0.0 0.0 0.0 Constraints: 	AlgorithmAttributes: {}
,Variables: -1 -1 -1 -1 -1 -1 -1 -1 -1 -1 -1 -1 -1 -1 -1 -1 -1 -1 -1 -1 -1 -1 -1 -1 -1 -1 -1 -1 -1 -1 -1 -1 -1 -1 -1 -1 -1 -1 -1 -1 -1 -1 -1 -1 -1 -1 -1 -1 -1 -1 -1 -1 -1 -1 -1 -1 -1 -1 -1 -1 -1 -1 -1 -1 -1 -1 -1 -1 -1 -1 -1 -1 -1 -1 -1 -1 -1 -1 -1 -1 -1 -1 -1 -1 -1 -1 -1 -1 -1 -1 -1 -1 -1 -1 -1 -1 -1 -1 -1 2 Objectives: 0.0 0.0 0.0 Constraints: 	AlgorithmAttributes: {}

Variables: -1 -1 -1 -1 -1 -1 -1 -1 -1 -1 -1 -1 -1 -1 -1 -1 -1 -1 -1 -1 -1 -1 -1 -1 -1 -1 -1 -1 -1 -1 -1 -1 -1 -1 -1 -1 -1 -1 -1 -1 -1 -1 -1 -1 -1 -1 -1 -1 -1 -1 -1 -1 -1 -1 -1 -1 -1 -1 0 3 4 6 9 14 15 17 19 21 24 26 27 28 30 34 38 40 44 47 49 50 51 55 58 60 61 62 63 64 67 70 72 73 76 76 78 79 80 82 91 99 Objectives: 0.0 0.0 0.0 Constraints: 	AlgorithmAttributes: {}
,Variables: -1 -1 -1 -1 -1 -1 -1 -1 -1 -1 -1 -1 -1 -1 -1 -1 -1 -1 -1 -1 -1 -1 -1 -1 -1 -1 -1 -1 -1 -1 -1 -1 -1 -1 -1 -1 -1 -1 -1 -1 -1 -1 -1 -1 -1 -1 -1 -1 -1 -1 -1 -1 -1 -1 -1 -1 -1 -1 -1 -1 -1 -1 -1 -1 -1 -1 -1 -1 -1 -1 -1 -1 -1 -1 -1 -1 -1 -1 -1 -1 -1 -1 -1 -1 -1 -1 -1 -1 -1 68 69 71 73 78 79 81 87 96 98 99 Objectives: 0.0 0.0 0.0 Constraints: 	AlgorithmAttributes: {}

Variables: -1 -1 -1 -1 -1 -1 -1 -1 -1 -1 -1 -1 -1 -1 -1 -1 -1 -1 -1 -1 -1 -1 -1 -1 -1 -1 -1 -1 -1 -1 -1 -1 -1 2 3 4 5 7 10 11 12 17 18 19 20 22 23 25 27 28 29 30 31 32 33 34 35 37 38 39 40 41 42 43 44 45 46 52 53 54 55 56 57 58 59 60 61 63 64 65 66 68 70 73 74 75 76 77 79 80 82 83 84 89 90 91 93 94 95 99 Objectives: 0.0 0.0 0.0 Constraints: 	AlgorithmAttributes: {}
,Variables: -1 -1 -1 -1 -1 -1 -1 -1 -1 -1 -1 -1 -1 -1 -1 -1 -1 -1 -1 -1 -1 -1 -1 -1 -1 -1 -1 -1 -1 -1 -1 -1 -1 1 2 3 4 7 8 9 10 11 12 14 16 21 22 25 27 28 29 31 34 35 36 37 38 40 41 43 44 45 46 50 52 53 54 55 56 57 58 59 60 62 63 65 66 67 68 69 70 71 72 73 75 78 79 81 84 86 87 88 89 92 93 94 96 97 98 99 Objectives: 0.0 0.0 0.0 Constraints: 	AlgorithmAttributes: {}

Variables: -1 -1 -1 -1 -1 -1 -1 -1 -1 -1 -1 -1 -1 -1 -1 -1 -1 -1 -1 -1 -1 -1 -1 -1 -1 -1 -1 -1 -1 -1 -1 -1 -1 -1 -1 -1 -1 -1 -1 -1 -1 -1 -1 -1 -1 -1 -1 -1 -1 -1 -1 -1 -1 -1 -1 -1 -1 0 1 2 3 5 6 9 18 19 20 21 23 24 25 27 29 30 33 36 37 38 41 45 50 52 57 64 68 69 70 75 79 80 82 85 87 90 91 92 93 96 97 98 Objectives: 0.0 0.0 0.0 Constraints: 	AlgorithmAttributes: {}
,Variables: -1 -1 -1 -1 -1 -1 -1 -1 -1 -1 -1 -1 -1 -1 -1 -1 -1 -1 -1 -1 -1 -1 -1 -1 -1 -1 -1 -1 -1 -1 -1 -1 -1 -1 -1 -1 -1 -1 -1 -1 -1 -1 -1 -1 -1 -1 -1 -1 -1 -1 -1 -1 -1 -1 -1 -1 -1 -1 -1 -1 -1 -1 -1 -1 -1 -1 -1 -1 -1 -1 -1 -1 -1 -1 -1 -1 -1 -1 40 41 42 43 44 48 52 53 56 58 60 72 75 80 85 87 89 90 92 93 98 99 Objectives: 0.0 0.0 0.0 Constraints: 	AlgorithmAttributes: {}

Variables: -1 -1 -1 -1 -1 -1 -1 -1 -1 -1 -1 -1 -1 -1 -1 -1 -1 -1 -1 -1 -1 -1 -1 -1 -1 -1 -1 -1 -1 -1 -1 -1 -1 -1 -1 -1 -1 -1 -1 -1 -1 -1 -1 -1 -1 -1 -1 -1 -1 -1 -1 -1 -1 -1 -1 -1 -1 -1 2 5 8 14 16 20 27 28 29 31 33 34 35 36 41 43 44 48 51 51 53 55 57 57 58 60 61 62 63 65 65 66 67 68 69 70 70 76 93 94 95 97 Objectives: 0.0 0.0 0.0 Constraints: 	AlgorithmAttributes: {}
,Variables: -1 -1 -1 -1 -1 -1 -1 -1 -1 -1 -1 -1 -1 -1 -1 -1 -1 -1 -1 -1 -1 -1 -1 -1 -1 -1 -1 -1 -1 -1 -1 -1 -1 -1 -1 -1 -1 -1 -1 -1 -1 -1 -1 -1 -1 -1 -1 -1 -1 -1 -1 -1 -1 -1 -1 -1 -1 -1 -1 -1 -1 -1 -1 -1 -1 -1 -1 -1 -1 -1 -1 -1 -1 -1 -1 -1 -1 -1 -1 -1 -1 -1 -1 -1 -1 -1 -1 -1 -1 -1 -1 -1 -1 -1 -1 -1 69 79 87 97 Objectives: 0.0 0.0 0.0 Constraints: 	AlgorithmAttributes: {}

Variables: -1 -1 -1 -1 -1 -1 -1 -1 -1 -1 -1 -1 -1 -1 -1 -1 -1 -1 -1 -1 -1 -1 -1 -1 -1 -1 -1 -1 -1 -1 -1 -1 -1 -1 -1 -1 -1 -1 -1 -1 -1 -1 -1 -1 -1 -1 -1 -1 -1 -1 -1 -1 -1 -1 -1 -1 -1 -1 -1 -1 0 2 4 6 8 9 13 17 18 20 26 27 28 29 31 34 37 38 44 46 47 57 59 60 62 64 68 69 70 70 73 74 75 77 80 83 86 92 95 98 Objectives: 0.0 0.0 0.0 Constraints: 	AlgorithmAttributes: {}
,Variables: -1 -1 -1 -1 -1 -1 -1 -1 -1 -1 -1 -1 -1 -1 -1 -1 -1 -1 -1 -1 -1 -1 -1 -1 -1 -1 -1 -1 -1 -1 -1 -1 -1 -1 -1 -1 -1 -1 -1 -1 -1 -1 -1 -1 -1 -1 -1 -1 -1 -1 -1 -1 -1 -1 -1 -1 -1 -1 -1 -1 -1 -1 -1 -1 -1 -1 -1 -1 -1 -1 -1 -1 -1 -1 -1 -1 -1 -1 -1 -1 -1 -1 -1 -1 -1 -1 -1 -1 -1 -1 -1 -1 -1 -1 -1 -1 -1 -1 77 88 Objectives: 0.0 0.0 0.0 Constraints: 	AlgorithmAttributes: {}

Variables: -1 -1 -1 -1 -1 -1 -1 -1 -1 -1 -1 -1 -1 -1 -1 -1 -1 -1 -1 -1 -1 -1 -1 -1 -1 -1 -1 -1 -1 -1 -1 -1 -1 -1 -1 -1 -1 -1 -1 -1 -1 -1 -1 -1 -1 -1 -1 -1 -1 -1 -1 -1 -1 -1 -1 -1 -1 -1 -1 2 3 5 6 7 9 9 10 11 12 16 17 17 20 21 23 24 32 33 34 35 37 38 41 42 43 45 46 47 50 53 59 60 62 64 66 76 79 88 89 91 Objectives: 0.0 0.0 0.0 Constraints: 	AlgorithmAttributes: {}
,Variables: -1 -1 -1 -1 -1 -1 -1 -1 -1 -1 -1 -1 -1 -1 -1 -1 -1 -1 -1 -1 -1 -1 -1 -1 -1 -1 -1 -1 -1 -1 -1 -1 -1 -1 -1 -1 -1 -1 -1 -1 -1 -1 -1 -1 -1 -1 -1 -1 -1 -1 -1 -1 -1 -1 -1 -1 -1 -1 -1 -1 -1 -1 -1 -1 -1 -1 -1 -1 -1 -1 -1 -1 -1 -1 -1 -1 -1 -1 -1 -1 -1 -1 -1 -1 -1 -1 -1 -1 -1 0 1 2 3 37 50 58 60 68 79 98 Objectives: 0.0 0.0 0.0 Constraints: 	AlgorithmAttributes: {}

Variables: -1 -1 -1 -1 -1 -1 -1 -1 -1 -1 -1 -1 -1 -1 -1 -1 -1 -1 -1 -1 -1 -1 -1 -1 -1 -1 -1 -1 -1 -1 -1 -1 -1 -1 -1 -1 -1 -1 -1 -1 -1 -1 -1 -1 -1 -1 -1 -1 -1 -1 -1 -1 -1 -1 -1 -1 -1 -1 -1 -1 -1 -1 0 2 3 6 9 10 15 19 20 21 25 28 30 32 36 37 38 41 46 48 52 53 54 57 60 61 64 67 68 69 70 75 78 79 80 86 92 95 Objectives: 0.0 0.0 0.0 Constraints: 	AlgorithmAttributes: {}
,Variables: -1 -1 -1 -1 -1 -1 -1 -1 -1 -1 -1 -1 -1 -1 -1 -1 -1 -1 -1 -1 -1 -1 -1 -1 -1 -1 -1 -1 -1 -1 -1 -1 -1 -1 -1 -1 -1 -1 -1 -1 -1 -1 -1 -1 -1 -1 -1 -1 -1 -1 -1 -1 -1 -1 -1 -1 -1 -1 -1 -1 -1 -1 -1 -1 -1 -1 -1 -1 -1 -1 -1 -1 -1 -1 -1 -1 -1 -1 -1 -1 -1 -1 -1 -1 -1 -1 -1 -1 -1 -1 -1 -1 -1 -1 -1 -1 -1 -1 -1 96 Objectives: 0.0 0.0 0.0 Constraints: 	AlgorithmAttributes: {}

Variables: -1 -1 -1 -1 -1 -1 -1 -1 -1 -1 -1 -1 -1 -1 -1 -1 -1 -1 -1 -1 -1 -1 -1 -1 -1 -1 -1 -1 -1 -1 -1 -1 -1 -1 -1 -1 -1 -1 -1 -1 -1 -1 -1 -1 -1 -1 -1 -1 -1 -1 -1 -1 -1 -1 -1 -1 -1 0 4 5 7 14 15 16 19 21 23 24 25 26 27 28 30 31 34 36 37 38 44 49 51 53 58 60 61 63 64 67 68 70 76 77 80 83 84 86 89 92 95 98 Objectives: 0.0 0.0 0.0 Constraints: 	AlgorithmAttributes: {}
,Variables: -1 -1 -1 -1 -1 -1 -1 -1 -1 -1 -1 -1 -1 -1 -1 -1 -1 -1 -1 -1 -1 -1 -1 -1 -1 -1 -1 -1 -1 -1 -1 -1 -1 -1 -1 -1 -1 -1 -1 -1 -1 -1 -1 -1 -1 -1 -1 -1 -1 -1 -1 -1 -1 -1 -1 -1 -1 -1 -1 -1 -1 -1 -1 -1 -1 -1 -1 -1 -1 -1 -1 -1 -1 -1 -1 -1 -1 -1 -1 -1 -1 -1 -1 -1 -1 -1 -1 -1 -1 -1 -1 -1 -1 76 77 79 88 94 97 98 Objectives: 0.0 0.0 0.0 Constraints: 	AlgorithmAttributes: {}

Variables: -1 -1 -1 -1 -1 -1 -1 -1 -1 -1 -1 -1 -1 -1 -1 -1 -1 -1 -1 -1 -1 -1 -1 -1 -1 -1 -1 -1 -1 -1 -1 -1 -1 -1 -1 -1 -1 -1 -1 -1 -1 -1 -1 -1 -1 -1 -1 -1 -1 -1 -1 -1 -1 -1 -1 -1 -1 -1 2 3 4 5 20 22 23 24 25 27 29 30 30 31 33 33 34 35 37 38 39 40 41 43 44 46 58 62 64 67 68 69 70 73 79 80 81 85 86 92 94 95 Objectives: 0.0 0.0 0.0 Constraints: 	AlgorithmAttributes: {}
,Variables: -1 -1 -1 -1 -1 -1 -1 -1 -1 -1 -1 -1 -1 -1 -1 -1 -1 -1 -1 -1 -1 -1 -1 -1 -1 -1 -1 -1 -1 -1 -1 -1 -1 -1 -1 -1 -1 -1 -1 -1 -1 -1 -1 -1 -1 -1 -1 -1 -1 -1 -1 -1 -1 -1 -1 -1 -1 -1 -1 -1 -1 -1 -1 -1 -1 -1 -1 -1 -1 -1 -1 -1 -1 -1 -1 -1 -1 -1 -1 -1 -1 -1 -1 -1 -1 -1 -1 -1 20 33 55 57 64 66 71 78 82 87 93 94 Objectives: 0.0 0.0 0.0 Constraints: 	AlgorithmAttributes: {}

Variables: -1 -1 -1 -1 -1 -1 -1 -1 -1 -1 -1 -1 -1 -1 -1 -1 -1 -1 -1 -1 -1 -1 -1 -1 -1 -1 -1 -1 -1 -1 -1 -1 -1 -1 0 1 2 3 5 7 9 10 11 12 13 16 17 21 22 23 24 25 26 27 28 29 30 31 34 35 36 37 40 42 45 46 49 51 52 54 55 56 57 58 60 61 62 63 64 66 68 70 71 72 74 76 79 81 82 83 84 85 86 87 88 93 94 95 96 98 Objectives: 0.0 0.0 0.0 Constraints: 	AlgorithmAttributes: {}
,Variables: -1 -1 -1 -1 -1 -1 -1 -1 -1 -1 -1 -1 -1 -1 -1 -1 -1 -1 -1 -1 -1 -1 -1 -1 -1 -1 -1 -1 -1 -1 -1 -1 -1 -1 -1 -1 0 1 2 6 8 9 10 11 13 14 15 16 17 18 19 23 25 26 28 29 30 32 33 34 35 36 38 40 41 42 43 47 49 50 51 54 56 59 60 61 62 64 65 66 68 69 72 73 75 76 78 79 80 81 83 84 86 87 88 89 91 92 94 98 Objectives: 0.0 0.0 0.0 Constraints: 	AlgorithmAttributes: {}

Variables: -1 -1 -1 -1 -1 -1 -1 -1 -1 -1 -1 -1 -1 -1 -1 -1 -1 -1 -1 -1 -1 -1 -1 -1 -1 -1 -1 -1 -1 -1 -1 -1 -1 -1 0 1 2 5 13 14 15 16 17 18 19 22 24 26 28 29 30 31 32 33 34 36 37 40 41 43 45 46 47 48 53 55 56 57 58 59 60 61 62 63 64 65 68 69 70 73 74 75 76 77 78 79 80 82 85 86 87 88 89 90 91 93 94 95 97 99 Objectives: 0.0 0.0 0.0 Constraints: 	AlgorithmAttributes: {}
,Variables: -1 -1 -1 -1 -1 -1 -1 -1 -1 -1 -1 -1 -1 -1 -1 -1 -1 -1 -1 -1 -1 -1 -1 -1 -1 -1 -1 -1 -1 -1 -1 -1 -1 -1 -1 -1 -1 1 4 8 9 11 12 14 15 16 17 18 20 23 24 26 27 30 33 35 36 38 39 41 42 43 45 47 48 49 50 51 52 53 54 55 56 57 58 59 60 63 65 66 69 71 72 73 74 76 79 81 82 83 87 88 89 90 91 92 93 96 98 99 Objectives: 0.0 0.0 0.0 Constraints: 	AlgorithmAttributes: {}

Variables: -1 -1 -1 -1 -1 -1 -1 -1 -1 -1 -1 -1 -1 -1 -1 -1 -1 -1 -1 -1 -1 -1 -1 -1 -1 -1 -1 -1 -1 -1 -1 -1 -1 -1 -1 -1 -1 -1 -1 -1 -1 -1 -1 -1 -1 -1 -1 -1 -1 -1 -1 -1 -1 1 3 9 12 14 15 16 18 23 25 28 30 31 33 38 39 41 43 44 45 46 47 49 50 55 59 60 62 63 66 67 70 71 72 74 76 77 78 80 82 83 84 85 87 88 91 95 Objectives: 0.0 0.0 0.0 Constraints: 	AlgorithmAttributes: {}
,Variables: -1 -1 -1 -1 -1 -1 -1 -1 -1 -1 -1 -1 -1 -1 -1 -1 -1 -1 -1 -1 -1 -1 -1 -1 -1 -1 -1 -1 -1 -1 -1 -1 -1 -1 -1 -1 -1 -1 -1 -1 -1 -1 -1 -1 -1 -1 -1 -1 -1 -1 -1 -1 -1 -1 -1 -1 -1 -1 -1 -1 -1 -1 -1 -1 -1 -1 -1 -1 -1 -1 -1 -1 -1 -1 -1 -1 -1 -1 -1 -1 -1 -1 -1 -1 4 6 7 8 13 16 18 22 23 24 28 29 31 34 79 88 Objectives: 0.0 0.0 0.0 Constraints: 	AlgorithmAttributes: {}

Variables: -1 -1 -1 -1 -1 -1 -1 -1 -1 -1 -1 -1 -1 -1 -1 -1 -1 -1 -1 -1 -1 -1 -1 -1 -1 -1 -1 -1 -1 -1 -1 -1 -1 -1 -1 -1 -1 -1 -1 -1 -1 -1 -1 -1 -1 -1 -1 -1 -1 -1 -1 -1 -1 -1 -1 -1 -1 -1 2 3 4 5 5 7 10 11 14 18 22 24 25 27 31 31 32 33 34 35 37 38 39 40 44 45 52 58 60 64 67 68 69 70 79 80 86 87 92 94 95 97 Objectives: 0.0 0.0 0.0 Constraints: 	AlgorithmAttributes: {}
,Variables: -1 -1 -1 -1 -1 -1 -1 -1 -1 -1 -1 -1 -1 -1 -1 -1 -1 -1 -1 -1 -1 -1 -1 -1 -1 -1 -1 -1 -1 -1 -1 -1 -1 -1 -1 -1 -1 -1 -1 -1 -1 -1 -1 -1 -1 -1 -1 -1 -1 -1 -1 -1 -1 -1 -1 -1 -1 -1 -1 -1 -1 -1 -1 -1 -1 -1 -1 -1 -1 -1 -1 -1 -1 -1 -1 -1 -1 -1 -1 -1 -1 -1 -1 -1 -1 -1 -1 -1 31 33 57 60 64 65 66 71 78 83 87 96 Objectives: 0.0 0.0 0.0 Constraints: 	AlgorithmAttributes: {}

Variables: -1 -1 -1 -1 -1 -1 -1 -1 -1 -1 -1 -1 -1 -1 -1 -1 -1 -1 -1 -1 -1 -1 -1 -1 -1 -1 -1 -1 -1 -1 -1 -1 -1 -1 -1 -1 -1 -1 -1 -1 -1 -1 -1 -1 -1 -1 -1 -1 -1 -1 -1 -1 -1 -1 -1 -1 1 3 5 6 7 8 9 15 18 26 27 28 30 33 35 36 38 39 43 44 46 48 50 52 53 57 58 63 64 65 66 68 70 70 71 73 75 76 84 85 86 87 88 98 Objectives: 0.0 0.0 0.0 Constraints: 	AlgorithmAttributes: {}
,Variables: -1 -1 -1 -1 -1 -1 -1 -1 -1 -1 -1 -1 -1 -1 -1 -1 -1 -1 -1 -1 -1 -1 -1 -1 -1 -1 -1 -1 -1 -1 -1 -1 -1 -1 -1 -1 -1 -1 -1 -1 -1 -1 -1 -1 -1 -1 -1 -1 -1 -1 -1 -1 -1 -1 -1 -1 -1 -1 -1 -1 -1 -1 -1 -1 -1 -1 -1 -1 -1 1 2 4 5 6 7 12 25 29 33 37 41 44 51 56 59 60 66 70 73 75 76 77 80 84 85 87 88 92 93 97 Objectives: 0.0 0.0 0.0 Constraints: 	AlgorithmAttributes: {}

Variables: -1 -1 -1 -1 -1 -1 -1 -1 -1 -1 -1 -1 -1 -1 -1 -1 -1 -1 -1 -1 -1 -1 -1 -1 -1 -1 -1 -1 -1 -1 -1 -1 -1 -1 -1 -1 -1 -1 -1 -1 -1 -1 -1 -1 -1 -1 -1 -1 -1 -1 -1 -1 -1 -1 -1 -1 -1 -1 -1 -1 -1 -1 -1 -1 -1 -1 -1 -1 -1 -1 -1 -1 -1 -1 -1 -1 -1 -1 -1 -1 -1 -1 -1 -1 -1 -1 -1 -1 -1 -1 -1 -1 -1 -1 -1 -1 -1 19 55 80 Objectives: 0.0 0.0 0.0 Constraints: 	AlgorithmAttributes: {}
,Variables: -1 -1 -1 -1 -1 -1 -1 -1 -1 -1 -1 -1 -1 -1 -1 -1 -1 -1 -1 -1 -1 -1 -1 -1 -1 -1 -1 -1 -1 -1 -1 -1 -1 -1 -1 -1 -1 -1 -1 -1 -1 -1 -1 -1 -1 -1 -1 -1 -1 -1 -1 -1 -1 -1 -1 -1 -1 -1 -1 -1 -1 -1 -1 -1 -1 -1 -1 -1 -1 -1 -1 -1 -1 -1 -1 -1 -1 -1 -1 -1 -1 -1 -1 -1 -1 -1 -1 -1 -1 -1 -1 -1 -1 -1 -1 -1 -1 -1 -1 48 Objectives: 0.0 0.0 0.0 Constraints: 	AlgorithmAttributes: {}

Variables: -1 -1 -1 -1 -1 -1 -1 -1 -1 -1 -1 -1 -1 -1 -1 -1 -1 -1 -1 -1 -1 -1 -1 -1 -1 -1 -1 -1 -1 -1 -1 -1 -1 -1 -1 -1 -1 -1 -1 -1 -1 -1 -1 -1 -1 -1 -1 -1 -1 -1 -1 -1 -1 -1 -1 -1 -1 -1 -1 1 2 3 4 5 8 11 14 16 20 29 31 32 33 37 39 40 44 46 47 49 56 58 59 60 61 62 65 69 70 76 77 81 85 86 87 90 92 94 95 97 Objectives: 0.0 0.0 0.0 Constraints: 	AlgorithmAttributes: {}
,Variables: -1 -1 -1 -1 -1 -1 -1 -1 -1 -1 -1 -1 -1 -1 -1 -1 -1 -1 -1 -1 -1 -1 -1 -1 -1 -1 -1 -1 -1 -1 -1 -1 -1 -1 -1 -1 -1 -1 -1 -1 -1 -1 -1 -1 -1 -1 -1 -1 -1 -1 -1 -1 -1 -1 -1 -1 -1 -1 -1 -1 -1 -1 -1 -1 -1 -1 -1 -1 -1 -1 -1 -1 -1 -1 0 1 4 6 8 15 24 29 32 36 40 47 49 51 54 55 57 69 76 78 81 82 83 85 87 90 Objectives: 0.0 0.0 0.0 Constraints: 	AlgorithmAttributes: {}

Variables: -1 -1 -1 -1 -1 -1 -1 -1 -1 -1 -1 -1 -1 -1 -1 -1 -1 -1 -1 -1 -1 -1 -1 -1 -1 -1 -1 -1 -1 -1 -1 -1 -1 -1 -1 -1 -1 -1 -1 -1 -1 -1 -1 -1 -1 -1 -1 -1 -1 -1 -1 -1 -1 -1 -1 -1 -1 0 1 3 4 7 8 9 10 12 12 15 16 17 18 22 22 25 27 30 31 33 33 34 38 42 43 44 45 46 46 48 48 49 50 53 57 60 62 67 76 78 85 86 Objectives: 0.0 0.0 0.0 Constraints: 	AlgorithmAttributes: {}
,Variables: -1 -1 -1 -1 -1 -1 -1 -1 -1 -1 -1 -1 -1 -1 -1 -1 -1 -1 -1 -1 -1 -1 -1 -1 -1 -1 -1 -1 -1 -1 -1 -1 -1 -1 -1 -1 -1 -1 -1 -1 -1 -1 -1 -1 -1 -1 -1 -1 -1 -1 -1 -1 -1 -1 -1 -1 -1 -1 -1 -1 -1 -1 -1 -1 -1 -1 -1 -1 -1 -1 -1 -1 -1 -1 -1 -1 -1 -1 -1 -1 3 4 6 9 16 24 27 28 29 30 31 35 39 40 42 53 54 60 61 86 Objectives: 0.0 0.0 0.0 Constraints: 	AlgorithmAttributes: {}

Variables: -1 -1 -1 -1 -1 -1 -1 -1 -1 -1 -1 -1 -1 -1 -1 -1 -1 -1 -1 -1 -1 -1 -1 -1 -1 -1 -1 -1 -1 -1 -1 -1 -1 -1 -1 -1 -1 -1 -1 -1 -1 -1 -1 -1 -1 -1 -1 -1 -1 -1 -1 -1 -1 -1 -1 -1 -1 -1 -1 -1 -1 2 3 5 7 10 11 12 14 18 19 22 27 31 33 35 36 37 42 45 46 48 50 52 57 59 60 68 70 73 78 80 81 82 83 84 88 94 96 99 Objectives: 0.0 0.0 0.0 Constraints: 	AlgorithmAttributes: {}
,Variables: -1 -1 -1 -1 -1 -1 -1 -1 -1 -1 -1 -1 -1 -1 -1 -1 -1 -1 -1 -1 -1 -1 -1 -1 -1 -1 -1 -1 -1 -1 -1 -1 -1 -1 -1 -1 -1 -1 -1 -1 -1 -1 -1 -1 -1 -1 -1 -1 -1 -1 -1 -1 -1 -1 -1 -1 -1 -1 -1 -1 -1 -1 -1 -1 -1 -1 -1 -1 -1 -1 -1 -1 -1 -1 -1 -1 -1 -1 -1 -1 -1 -1 -1 -1 -1 -1 -1 -1 -1 60 63 66 68 87 89 90 91 92 95 96 Objectives: 0.0 0.0 0.0 Constraints: 	AlgorithmAttributes: {}

Variables: -1 -1 -1 -1 -1 -1 -1 -1 -1 -1 -1 -1 -1 -1 -1 -1 -1 -1 -1 -1 -1 -1 -1 -1 -1 -1 -1 -1 -1 -1 -1 -1 -1 -1 -1 -1 -1 -1 -1 -1 -1 -1 -1 -1 -1 -1 -1 -1 -1 -1 -1 -1 -1 -1 -1 -1 -1 -1 -1 -1 -1 -1 -1 -1 -1 -1 -1 -1 -1 -1 -1 -1 -1 -1 -1 -1 -1 -1 -1 -1 4 10 22 28 30 31 35 39 42 52 54 60 70 75 76 79 80 82 91 94 Objectives: 0.0 0.0 0.0 Constraints: 	AlgorithmAttributes: {}
,Variables: -1 -1 -1 -1 -1 -1 -1 -1 -1 -1 -1 -1 -1 -1 -1 -1 -1 -1 -1 -1 -1 -1 -1 -1 -1 -1 -1 -1 -1 -1 -1 -1 -1 -1 -1 -1 -1 -1 -1 -1 -1 -1 -1 -1 -1 -1 -1 -1 -1 -1 -1 -1 -1 -1 -1 -1 -1 -1 -1 -1 -1 -1 -1 -1 -1 -1 -1 -1 -1 -1 -1 -1 -1 -1 -1 -1 -1 -1 -1 -1 -1 -1 -1 -1 -1 -1 -1 -1 -1 -1 -1 -1 -1 -1 -1 -1 -1 -1 -1 2 Objectives: 0.0 0.0 0.0 Constraints: 	AlgorithmAttributes: {}

Variables: -1 -1 -1 -1 -1 -1 -1 -1 -1 -1 -1 -1 -1 -1 -1 -1 -1 -1 -1 -1 -1 -1 -1 -1 -1 -1 -1 -1 -1 -1 -1 -1 -1 -1 -1 -1 -1 -1 -1 -1 -1 -1 -1 -1 -1 -1 -1 -1 -1 -1 -1 -1 -1 -1 -1 -1 -1 -1 -1 -1 -1 -1 -1 -1 -1 -1 -1 -1 -1 -1 -1 -1 -1 -1 -1 -1 -1 -1 -1 -1 -1 -1 -1 -1 -1 -1 -1 -1 -1 -1 -1 -1 -1 -1 2 7 9 16 55 80 Objectives: 0.0 0.0 0.0 Constraints: 	AlgorithmAttributes: {}
,Variables: -1 -1 -1 -1 -1 -1 -1 -1 -1 -1 -1 -1 -1 -1 -1 -1 -1 -1 -1 -1 -1 -1 -1 -1 -1 -1 -1 -1 -1 -1 -1 -1 -1 -1 -1 -1 -1 -1 -1 -1 -1 -1 -1 -1 -1 -1 -1 -1 -1 -1 -1 -1 -1 -1 -1 -1 -1 -1 -1 -1 -1 -1 -1 -1 -1 -1 -1 -1 -1 -1 -1 -1 -1 -1 -1 -1 -1 -1 -1 -1 -1 -1 -1 -1 -1 -1 -1 -1 -1 -1 -1 -1 -1 -1 -1 -1 -1 -1 -1 48 Objectives: 0.0 0.0 0.0 Constraints: 	AlgorithmAttributes: {}

