Variables: -1 -1 -1 -1 -1 -1 -1 -1 -1 -1 -1 -1 -1 -1 -1 -1 -1 -1 -1 -1 -1 -1 -1 -1 -1 -1 -1 -1 -1 -1 -1 -1 -1 -1 0 4 5 6 7 8 9 11 13 14 15 17 19 20 23 24 25 26 27 28 29 30 31 32 33 35 37 38 40 41 42 43 44 45 46 48 50 53 54 55 56 57 59 60 61 63 64 69 70 72 73 74 76 77 79 80 81 82 86 88 89 90 92 93 95 96 Objectives: 0.0 0.0 0.0 Constraints: 	AlgorithmAttributes: {}
,Variables: -1 -1 -1 -1 -1 -1 -1 -1 -1 -1 -1 -1 -1 -1 -1 -1 -1 -1 -1 -1 -1 -1 -1 -1 -1 -1 -1 -1 -1 -1 -1 -1 -1 -1 -1 -1 -1 -1 -1 -1 -1 -1 1 5 6 8 9 11 14 16 17 18 21 22 23 24 27 28 29 32 35 37 38 39 40 41 42 43 45 46 48 49 50 52 57 58 59 62 63 65 66 71 72 73 76 77 78 80 81 84 85 88 89 90 92 93 94 97 98 99 Objectives: 0.0 0.0 0.0 Constraints: 	AlgorithmAttributes: {}

Variables: -1 -1 -1 -1 -1 -1 -1 -1 -1 -1 -1 -1 -1 -1 -1 -1 -1 -1 -1 -1 -1 -1 -1 -1 -1 -1 -1 -1 -1 -1 -1 -1 0 1 2 3 6 8 9 10 11 14 16 17 18 19 21 23 24 25 26 27 28 29 30 31 32 33 35 36 39 40 41 44 46 47 48 49 50 51 52 54 55 56 58 61 63 64 65 69 70 71 72 73 77 79 80 81 83 84 85 86 87 89 90 91 94 95 96 97 Objectives: 0.0 0.0 0.0 Constraints: 	AlgorithmAttributes: {}
,Variables: -1 -1 -1 -1 -1 -1 -1 -1 -1 -1 -1 -1 -1 -1 -1 -1 -1 -1 -1 -1 -1 -1 -1 -1 -1 -1 -1 -1 -1 -1 -1 0 4 5 6 7 9 10 11 12 13 15 16 17 18 19 21 23 24 25 27 29 30 31 33 34 35 36 37 42 43 44 46 49 50 51 52 53 54 56 58 60 65 66 67 68 69 70 71 72 73 74 75 76 77 80 81 82 83 84 85 86 87 88 91 92 93 94 95 96 Objectives: 0.0 0.0 0.0 Constraints: 	AlgorithmAttributes: {}

Variables: -1 -1 -1 -1 -1 -1 -1 -1 -1 -1 -1 -1 -1 -1 -1 -1 -1 -1 -1 -1 -1 -1 -1 -1 -1 -1 -1 -1 -1 -1 -1 -1 -1 -1 -1 -1 -1 -1 -1 -1 -1 -1 -1 -1 -1 -1 -1 -1 -1 -1 -1 -1 -1 -1 -1 -1 -1 -1 -1 -1 0 1 3 8 10 17 20 23 24 25 27 34 36 38 39 40 43 48 49 51 54 56 61 61 63 65 69 70 72 73 74 75 79 82 83 86 87 89 91 96 Objectives: 0.0 0.0 0.0 Constraints: 	AlgorithmAttributes: {}
,Variables: -1 -1 -1 -1 -1 -1 -1 -1 -1 -1 -1 -1 -1 -1 -1 -1 -1 -1 -1 -1 -1 -1 -1 -1 -1 -1 -1 -1 -1 -1 -1 -1 -1 -1 -1 -1 -1 -1 -1 -1 -1 -1 -1 -1 -1 -1 -1 -1 -1 -1 -1 -1 -1 -1 -1 -1 -1 -1 -1 -1 -1 -1 -1 -1 -1 -1 -1 -1 -1 -1 -1 -1 -1 -1 -1 -1 -1 -1 -1 -1 -1 -1 -1 -1 -1 -1 -1 -1 -1 -1 -1 -1 -1 -1 -1 -1 -1 -1 -1 -1 Objectives: 0.0 0.0 0.0 Constraints: 	AlgorithmAttributes: {}

Variables: -1 -1 -1 -1 -1 -1 -1 -1 -1 -1 -1 -1 -1 -1 -1 -1 -1 -1 -1 -1 -1 -1 -1 -1 -1 -1 -1 -1 -1 -1 -1 -1 -1 -1 -1 -1 -1 -1 -1 -1 -1 -1 -1 -1 -1 -1 -1 -1 -1 -1 -1 -1 -1 -1 -1 -1 -1 -1 -1 -1 -1 -1 -1 -1 -1 -1 -1 -1 -1 -1 -1 -1 -1 -1 -1 -1 -1 -1 -1 -1 -1 -1 -1 -1 -1 -1 -1 -1 -1 -1 -1 -1 -1 -1 -1 -1 -1 -1 -1 35 Objectives: 0.0 0.0 0.0 Constraints: 	AlgorithmAttributes: {}
,Variables: -1 -1 -1 -1 -1 -1 -1 -1 -1 -1 -1 -1 -1 -1 -1 -1 -1 -1 -1 -1 -1 -1 -1 -1 -1 -1 -1 -1 -1 -1 -1 -1 -1 -1 -1 -1 -1 -1 -1 -1 -1 -1 -1 -1 -1 -1 -1 -1 -1 -1 -1 -1 -1 -1 -1 -1 -1 -1 -1 -1 -1 -1 -1 -1 -1 -1 -1 -1 -1 -1 -1 -1 -1 -1 -1 -1 -1 -1 -1 -1 -1 -1 -1 -1 -1 -1 -1 -1 -1 -1 -1 -1 -1 -1 -1 -1 -1 -1 -1 38 Objectives: 0.0 0.0 0.0 Constraints: 	AlgorithmAttributes: {}

Variables: -1 -1 -1 -1 -1 -1 -1 -1 -1 -1 -1 -1 -1 -1 -1 -1 -1 -1 -1 -1 -1 -1 -1 -1 -1 -1 -1 -1 -1 -1 -1 -1 -1 -1 -1 -1 -1 -1 -1 -1 -1 -1 -1 -1 -1 -1 -1 -1 -1 -1 -1 -1 -1 -1 -1 -1 -1 -1 0 1 3 6 7 8 9 11 14 15 17 19 26 28 33 36 39 42 43 44 47 50 52 53 54 56 59 60 61 63 65 70 75 79 83 84 85 87 89 90 92 97 Objectives: 0.0 0.0 0.0 Constraints: 	AlgorithmAttributes: {}
,Variables: -1 -1 -1 -1 -1 -1 -1 -1 -1 -1 -1 -1 -1 -1 -1 -1 -1 -1 -1 -1 -1 -1 -1 -1 -1 -1 -1 -1 -1 -1 -1 -1 -1 -1 -1 -1 -1 -1 -1 -1 -1 -1 -1 -1 -1 -1 -1 -1 -1 -1 -1 -1 -1 -1 -1 -1 -1 -1 0 6 7 8 9 13 14 17 18 20 23 25 26 27 31 34 38 39 40 43 47 49 54 55 57 58 59 61 62 64 69 73 74 77 78 79 82 89 90 94 97 98 Objectives: 0.0 0.0 0.0 Constraints: 	AlgorithmAttributes: {}

Variables: -1 -1 -1 -1 -1 -1 -1 -1 -1 -1 -1 -1 -1 -1 -1 -1 -1 -1 -1 -1 -1 -1 -1 -1 -1 -1 -1 -1 -1 -1 -1 -1 -1 -1 -1 -1 -1 -1 -1 2 4 5 8 9 12 13 14 15 18 20 22 23 25 26 27 28 30 32 33 35 37 38 40 42 43 46 48 49 50 51 53 57 58 60 61 62 64 65 67 70 71 73 79 80 81 82 83 84 85 87 88 89 90 91 92 93 94 95 98 99 Objectives: 0.0 0.0 0.0 Constraints: 	AlgorithmAttributes: {}
,Variables: -1 -1 -1 -1 -1 -1 -1 -1 -1 -1 -1 -1 -1 -1 -1 -1 -1 -1 -1 -1 -1 -1 -1 -1 -1 -1 -1 -1 -1 -1 -1 -1 -1 -1 -1 -1 -1 -1 -1 -1 -1 -1 -1 -1 0 1 2 4 8 9 12 13 14 15 17 20 21 23 24 25 26 27 29 33 34 35 36 37 39 41 42 43 48 49 51 55 56 57 58 62 63 64 66 67 69 71 73 76 77 78 80 81 82 84 85 86 89 91 93 94 Objectives: 0.0 0.0 0.0 Constraints: 	AlgorithmAttributes: {}

Variables: -1 -1 -1 -1 -1 -1 -1 -1 -1 -1 -1 -1 -1 -1 -1 -1 -1 -1 -1 -1 -1 -1 -1 -1 -1 -1 -1 -1 -1 -1 -1 -1 -1 -1 -1 -1 -1 -1 -1 1 2 5 7 8 10 11 14 15 16 17 21 22 23 24 25 27 28 29 31 32 39 41 42 44 45 46 47 49 51 52 53 54 57 58 59 61 62 64 65 66 67 68 71 72 73 74 77 78 79 80 81 84 85 87 88 91 92 94 96 99 Objectives: 0.0 0.0 0.0 Constraints: 	AlgorithmAttributes: {}
,Variables: -1 -1 -1 -1 -1 -1 -1 -1 -1 -1 -1 -1 -1 -1 -1 -1 -1 -1 -1 -1 -1 -1 -1 -1 -1 -1 -1 -1 -1 -1 -1 -1 -1 -1 -1 -1 -1 -1 -1 -1 -1 -1 -1 0 1 2 3 4 5 6 9 14 15 16 17 20 22 23 25 26 29 30 31 33 34 35 38 40 41 42 46 47 48 49 50 51 54 55 57 58 60 61 62 63 65 68 71 72 77 78 80 83 85 88 89 92 94 95 96 97 Objectives: 0.0 0.0 0.0 Constraints: 	AlgorithmAttributes: {}

Variables: -1 -1 -1 -1 -1 -1 -1 -1 -1 -1 -1 -1 -1 -1 -1 -1 -1 -1 -1 -1 -1 -1 -1 -1 -1 -1 -1 -1 -1 -1 -1 -1 -1 -1 -1 -1 -1 -1 -1 -1 -1 -1 -1 -1 -1 -1 -1 -1 -1 -1 -1 -1 -1 0 4 8 9 13 15 21 22 23 24 25 26 28 31 32 33 34 35 40 41 43 44 45 46 47 49 53 58 59 60 61 67 68 69 71 73 76 77 82 83 84 87 88 95 96 97 98 Objectives: 0.0 0.0 0.0 Constraints: 	AlgorithmAttributes: {}
,Variables: -1 -1 -1 -1 -1 -1 -1 -1 -1 -1 -1 -1 -1 -1 -1 -1 -1 -1 -1 -1 -1 -1 -1 -1 -1 -1 -1 -1 -1 -1 -1 -1 -1 -1 -1 -1 -1 -1 -1 -1 -1 -1 -1 -1 -1 -1 -1 -1 -1 -1 -1 -1 -1 -1 -1 -1 -1 -1 -1 -1 -1 -1 -1 -1 -1 -1 -1 -1 -1 -1 -1 -1 -1 -1 -1 -1 -1 17 20 26 30 35 36 38 44 45 49 57 58 59 62 65 69 72 74 76 79 88 93 98 Objectives: 0.0 0.0 0.0 Constraints: 	AlgorithmAttributes: {}

Variables: -1 -1 -1 -1 -1 -1 -1 -1 -1 -1 -1 -1 -1 -1 -1 -1 -1 -1 -1 -1 -1 -1 -1 -1 -1 -1 -1 -1 -1 -1 -1 -1 -1 -1 -1 -1 -1 -1 -1 -1 -1 -1 -1 -1 -1 -1 -1 -1 -1 -1 -1 -1 -1 -1 -1 -1 -1 -1 -1 -1 2 6 7 9 12 13 14 15 16 19 25 26 33 35 37 39 44 47 49 52 57 65 66 67 68 69 72 73 76 78 82 84 85 87 90 91 92 93 97 99 Objectives: 0.0 0.0 0.0 Constraints: 	AlgorithmAttributes: {}
,Variables: -1 -1 -1 -1 -1 -1 -1 -1 -1 -1 -1 -1 -1 -1 -1 -1 -1 -1 -1 -1 -1 -1 -1 -1 -1 -1 -1 -1 -1 -1 -1 -1 -1 -1 -1 -1 -1 -1 -1 -1 -1 -1 -1 -1 -1 -1 -1 -1 -1 -1 -1 -1 -1 -1 -1 -1 -1 -1 -1 -1 -1 -1 -1 -1 -1 -1 -1 -1 -1 -1 -1 -1 -1 -1 -1 -1 -1 -1 -1 -1 -1 -1 -1 -1 -1 -1 40 48 51 58 70 73 76 78 81 82 96 97 98 99 Objectives: 0.0 0.0 0.0 Constraints: 	AlgorithmAttributes: {}

Variables: -1 -1 -1 -1 -1 -1 -1 -1 -1 -1 -1 -1 -1 -1 -1 -1 -1 -1 -1 -1 -1 -1 -1 -1 -1 -1 -1 -1 -1 -1 -1 -1 -1 -1 -1 -1 -1 -1 -1 -1 -1 -1 -1 -1 -1 -1 -1 -1 -1 -1 -1 -1 -1 -1 -1 0 5 6 8 13 15 17 19 20 23 24 25 26 28 30 33 35 37 38 40 42 44 50 54 55 56 57 61 63 64 69 70 73 74 76 77 79 80 82 86 88 89 90 93 96 Objectives: 0.0 0.0 0.0 Constraints: 	AlgorithmAttributes: {}
,Variables: -1 -1 -1 -1 -1 -1 -1 -1 -1 -1 -1 -1 -1 -1 -1 -1 -1 -1 -1 -1 -1 -1 -1 -1 -1 -1 -1 -1 -1 -1 -1 -1 -1 -1 -1 -1 -1 -1 -1 -1 -1 -1 -1 -1 -1 -1 -1 -1 -1 -1 -1 -1 -1 -1 -1 -1 -1 -1 -1 -1 -1 -1 -1 -1 -1 -1 -1 -1 -1 -1 -1 -1 -1 -1 -1 -1 -1 -1 -1 -1 -1 50 52 58 59 63 66 71 72 73 76 77 78 80 81 85 88 92 93 97 Objectives: 0.0 0.0 0.0 Constraints: 	AlgorithmAttributes: {}

Variables: -1 -1 -1 -1 -1 -1 -1 -1 -1 -1 -1 -1 -1 -1 -1 -1 -1 -1 -1 -1 -1 -1 -1 -1 -1 -1 -1 -1 -1 -1 -1 -1 -1 -1 -1 -1 -1 -1 -1 -1 -1 -1 -1 -1 -1 -1 -1 -1 -1 -1 -1 -1 -1 -1 -1 -1 -1 -1 -1 -1 -1 -1 -1 -1 -1 -1 -1 -1 1 6 8 9 17 19 24 25 27 28 29 30 32 36 41 44 47 50 54 55 56 63 69 71 72 73 79 81 87 94 95 97 Objectives: 0.0 0.0 0.0 Constraints: 	AlgorithmAttributes: {}
,Variables: -1 -1 -1 -1 -1 -1 -1 -1 -1 -1 -1 -1 -1 -1 -1 -1 -1 -1 -1 -1 -1 -1 -1 -1 -1 -1 -1 -1 -1 -1 -1 -1 -1 -1 -1 -1 -1 -1 -1 -1 -1 -1 -1 -1 -1 -1 -1 -1 -1 -1 0 4 5 6 9 10 11 12 13 15 16 17 18 21 23 25 27 29 30 31 33 35 42 43 44 46 50 52 54 56 58 66 67 69 70 71 73 74 75 76 77 81 82 83 84 86 87 88 92 93 Objectives: 0.0 0.0 0.0 Constraints: 	AlgorithmAttributes: {}

Variables: -1 -1 -1 -1 -1 -1 -1 -1 -1 -1 -1 -1 -1 -1 -1 -1 -1 -1 -1 -1 -1 -1 -1 -1 -1 -1 -1 -1 -1 -1 -1 -1 -1 -1 -1 -1 -1 -1 -1 -1 -1 0 1 4 5 6 7 8 9 11 12 13 14 15 19 20 21 22 23 27 29 31 32 33 36 38 40 43 44 45 48 52 56 57 58 59 61 65 66 67 68 70 72 73 75 76 79 80 81 82 83 85 86 87 88 90 91 95 98 99 Objectives: 0.0 0.0 0.0 Constraints: 	AlgorithmAttributes: {}
,Variables: -1 -1 -1 -1 -1 -1 -1 -1 -1 -1 -1 -1 -1 -1 -1 -1 -1 -1 -1 -1 -1 -1 -1 -1 -1 -1 -1 -1 -1 -1 -1 -1 -1 -1 -1 -1 -1 2 4 5 6 7 9 14 16 17 18 21 26 27 28 29 30 32 33 34 35 38 39 40 42 43 45 47 48 51 52 53 54 55 56 57 58 59 60 61 62 64 65 66 69 70 71 73 75 78 80 81 82 84 85 87 89 91 92 93 94 96 98 99 Objectives: 0.0 0.0 0.0 Constraints: 	AlgorithmAttributes: {}

Variables: -1 -1 -1 -1 -1 -1 -1 -1 -1 -1 -1 -1 -1 -1 -1 -1 -1 -1 -1 -1 -1 -1 -1 -1 -1 -1 -1 -1 -1 -1 -1 -1 -1 -1 -1 -1 -1 -1 -1 -1 -1 -1 -1 -1 -1 -1 -1 -1 -1 -1 -1 -1 -1 -1 3 6 7 8 9 12 13 14 16 17 19 23 25 26 27 32 35 37 39 41 44 46 47 52 54 57 64 65 66 67 68 69 71 73 78 81 82 84 85 87 90 91 92 93 95 97 Objectives: 0.0 0.0 0.0 Constraints: 	AlgorithmAttributes: {}
,Variables: -1 -1 -1 -1 -1 -1 -1 -1 -1 -1 -1 -1 -1 -1 -1 -1 -1 -1 -1 -1 -1 -1 -1 -1 -1 -1 -1 -1 -1 -1 -1 -1 -1 -1 -1 -1 -1 -1 -1 -1 -1 -1 -1 -1 -1 -1 -1 -1 -1 -1 -1 -1 -1 -1 -1 -1 -1 -1 -1 -1 -1 -1 -1 -1 -1 -1 -1 -1 -1 -1 -1 -1 -1 -1 -1 18 22 24 26 27 28 37 39 41 44 45 49 54 66 70 71 73 76 78 80 82 84 93 97 98 Objectives: 0.0 0.0 0.0 Constraints: 	AlgorithmAttributes: {}

Variables: -1 -1 -1 -1 -1 -1 -1 -1 -1 -1 -1 -1 -1 -1 -1 -1 -1 -1 -1 -1 -1 -1 -1 -1 -1 -1 -1 -1 -1 -1 -1 -1 -1 -1 -1 -1 -1 -1 -1 -1 -1 -1 -1 -1 -1 -1 -1 -1 -1 -1 -1 -1 -1 -1 -1 -1 5 7 14 17 18 21 22 25 26 27 28 32 33 34 39 40 41 42 48 49 53 54 56 61 62 63 64 66 67 69 71 72 73 75 80 81 83 85 86 89 90 94 95 98 Objectives: 0.0 0.0 0.0 Constraints: 	AlgorithmAttributes: {}
,Variables: -1 -1 -1 -1 -1 -1 -1 -1 -1 -1 -1 -1 -1 -1 -1 -1 -1 -1 -1 -1 -1 -1 -1 -1 -1 -1 -1 -1 -1 -1 -1 -1 -1 -1 -1 -1 -1 -1 -1 -1 -1 -1 -1 -1 -1 -1 -1 -1 -1 -1 -1 -1 -1 -1 -1 -1 -1 -1 -1 -1 -1 -1 -1 -1 -1 -1 -1 -1 -1 -1 -1 -1 -1 -1 -1 -1 -1 -1 -1 -1 -1 -1 -1 -1 -1 -1 -1 -1 -1 -1 -1 -1 80 82 83 91 93 94 96 97 Objectives: 0.0 0.0 0.0 Constraints: 	AlgorithmAttributes: {}

Variables: -1 -1 -1 -1 -1 -1 -1 -1 -1 -1 -1 -1 -1 -1 -1 -1 -1 -1 -1 -1 -1 -1 -1 -1 -1 -1 -1 -1 -1 -1 -1 -1 -1 -1 -1 -1 -1 -1 -1 -1 -1 -1 -1 -1 -1 -1 -1 -1 -1 -1 -1 -1 -1 -1 -1 -1 0 1 2 5 6 8 13 16 18 22 26 28 29 33 35 38 39 40 41 43 46 48 49 52 55 57 62 65 66 67 68 70 71 72 73 76 79 84 91 92 95 96 97 98 Objectives: 0.0 0.0 0.0 Constraints: 	AlgorithmAttributes: {}
,Variables: -1 -1 -1 -1 -1 -1 -1 -1 -1 -1 -1 -1 -1 -1 -1 -1 -1 -1 -1 -1 -1 -1 -1 -1 -1 -1 -1 -1 -1 -1 -1 -1 -1 -1 -1 -1 -1 -1 -1 -1 -1 -1 -1 -1 -1 -1 -1 -1 -1 -1 -1 -1 -1 -1 -1 -1 -1 -1 -1 -1 -1 -1 -1 -1 -1 -1 -1 -1 -1 -1 -1 -1 -1 -1 -1 -1 -1 -1 -1 -1 -1 9 17 23 29 38 41 43 60 61 71 73 77 82 84 86 88 90 91 95 Objectives: 0.0 0.0 0.0 Constraints: 	AlgorithmAttributes: {}

Variables: -1 -1 -1 -1 -1 -1 -1 -1 -1 -1 -1 -1 -1 -1 -1 -1 -1 -1 -1 -1 -1 -1 -1 -1 -1 -1 -1 -1 -1 -1 -1 -1 -1 -1 -1 -1 -1 -1 -1 -1 -1 -1 -1 -1 -1 -1 -1 -1 -1 -1 -1 -1 -1 -1 -1 -1 -1 -1 -1 2 4 7 8 10 14 17 18 21 22 23 25 28 33 34 39 40 42 43 44 45 48 49 50 53 54 56 58 60 61 62 62 66 70 74 79 80 85 90 92 99 Objectives: 0.0 0.0 0.0 Constraints: 	AlgorithmAttributes: {}
,Variables: -1 -1 -1 -1 -1 -1 -1 -1 -1 -1 -1 -1 -1 -1 -1 -1 -1 -1 -1 -1 -1 -1 -1 -1 -1 -1 -1 -1 -1 -1 -1 -1 -1 -1 -1 -1 -1 -1 -1 -1 -1 -1 -1 -1 -1 -1 -1 -1 -1 -1 -1 -1 -1 -1 -1 -1 -1 -1 -1 -1 -1 -1 -1 -1 -1 -1 -1 -1 -1 -1 -1 -1 -1 -1 -1 -1 -1 -1 -1 -1 -1 -1 -1 -1 -1 -1 -1 -1 -1 -1 -1 -1 -1 -1 1 2 4 8 11 97 Objectives: 0.0 0.0 0.0 Constraints: 	AlgorithmAttributes: {}

Variables: -1 -1 -1 -1 -1 -1 -1 -1 -1 -1 -1 -1 -1 -1 -1 -1 -1 -1 -1 -1 -1 -1 -1 -1 -1 -1 -1 -1 -1 0 1 2 4 5 6 8 9 10 11 13 14 16 17 18 19 21 22 23 24 25 26 27 28 29 30 32 33 35 36 37 39 41 42 43 45 47 48 49 51 52 53 55 56 57 58 59 62 63 64 65 67 68 69 70 71 72 75 79 80 81 82 83 86 87 89 90 92 93 97 98 Objectives: 0.0 0.0 0.0 Constraints: 	AlgorithmAttributes: {}
,Variables: -1 -1 -1 -1 -1 -1 -1 -1 -1 -1 -1 -1 -1 -1 -1 -1 -1 -1 -1 -1 -1 -1 -1 -1 -1 -1 -1 -1 -1 -1 -1 -1 -1 -1 -1 -1 1 2 3 5 6 8 10 11 12 13 14 15 17 18 19 21 23 24 31 32 33 34 35 36 37 38 39 40 42 44 45 46 48 49 50 52 53 55 56 58 59 60 61 64 65 67 69 70 72 75 77 79 81 85 86 89 91 92 93 94 95 96 97 98 Objectives: 0.0 0.0 0.0 Constraints: 	AlgorithmAttributes: {}

Variables: -1 -1 -1 -1 -1 -1 -1 -1 -1 -1 -1 -1 -1 -1 -1 -1 -1 -1 -1 -1 -1 -1 -1 -1 -1 -1 -1 -1 -1 -1 -1 -1 -1 -1 -1 -1 -1 -1 -1 -1 -1 -1 -1 -1 -1 -1 -1 -1 -1 -1 -1 -1 -1 -1 -1 -1 -1 -1 -1 -1 -1 -1 -1 -1 2 5 6 7 8 10 13 16 17 18 20 21 26 28 29 34 36 38 39 40 46 50 51 54 55 56 57 58 62 65 67 69 70 71 73 79 Objectives: 0.0 0.0 0.0 Constraints: 	AlgorithmAttributes: {}
,Variables: -1 -1 -1 -1 -1 -1 -1 -1 -1 -1 -1 -1 -1 -1 -1 -1 -1 -1 -1 -1 -1 -1 -1 -1 -1 -1 -1 -1 -1 -1 -1 -1 -1 -1 -1 -1 -1 -1 -1 -1 -1 -1 -1 -1 -1 -1 -1 -1 -1 -1 -1 -1 -1 -1 -1 -1 -1 -1 -1 0 3 5 7 9 13 15 21 25 26 29 32 34 39 40 41 43 45 47 48 49 50 52 53 54 55 63 65 66 67 69 70 76 80 81 82 85 88 90 92 96 Objectives: 0.0 0.0 0.0 Constraints: 	AlgorithmAttributes: {}

Variables: -1 -1 -1 -1 -1 -1 -1 -1 -1 -1 -1 -1 -1 -1 -1 -1 -1 -1 -1 -1 -1 -1 -1 -1 -1 -1 -1 -1 -1 -1 -1 -1 -1 -1 -1 -1 -1 -1 -1 -1 -1 -1 -1 -1 -1 -1 -1 -1 -1 -1 -1 -1 -1 -1 0 1 2 6 7 8 9 10 12 17 18 19 21 22 25 27 29 31 35 38 39 47 48 49 50 51 55 60 61 65 68 69 70 73 79 80 83 87 91 92 93 94 95 96 98 99 Objectives: 0.0 0.0 0.0 Constraints: 	AlgorithmAttributes: {}
,Variables: -1 -1 -1 -1 -1 -1 -1 -1 -1 -1 -1 -1 -1 -1 -1 -1 -1 -1 -1 -1 -1 -1 -1 -1 -1 -1 -1 -1 -1 -1 -1 -1 -1 -1 -1 -1 -1 -1 -1 -1 -1 -1 -1 -1 -1 -1 -1 -1 -1 -1 -1 -1 -1 -1 -1 -1 -1 -1 -1 -1 -1 -1 -1 -1 -1 -1 -1 -1 -1 -1 -1 -1 -1 -1 0 2 3 4 9 12 18 21 27 28 31 35 42 50 51 54 70 71 72 73 82 84 86 90 98 99 Objectives: 0.0 0.0 0.0 Constraints: 	AlgorithmAttributes: {}

Variables: -1 -1 -1 -1 -1 -1 -1 -1 -1 -1 -1 -1 -1 -1 -1 -1 -1 -1 -1 -1 -1 -1 -1 -1 -1 -1 -1 -1 -1 -1 -1 -1 -1 -1 -1 -1 -1 -1 -1 -1 -1 -1 -1 -1 -1 -1 -1 -1 -1 -1 -1 -1 -1 -1 1 4 6 8 10 11 13 14 17 18 23 24 26 27 28 29 32 33 35 39 42 43 45 47 48 49 51 53 55 58 63 64 65 67 68 71 72 79 80 81 86 87 89 90 92 98 Objectives: 0.0 0.0 0.0 Constraints: 	AlgorithmAttributes: {}
,Variables: -1 -1 -1 -1 -1 -1 -1 -1 -1 -1 -1 -1 -1 -1 -1 -1 -1 -1 -1 -1 -1 -1 -1 -1 -1 -1 -1 -1 -1 -1 -1 -1 -1 -1 -1 -1 -1 -1 -1 -1 -1 -1 -1 -1 -1 -1 -1 -1 -1 -1 -1 -1 -1 -1 -1 -1 -1 -1 -1 -1 -1 -1 -1 -1 1 2 3 5 6 8 11 14 17 18 19 21 23 24 32 33 35 39 42 45 46 49 53 56 58 59 64 65 69 72 77 89 94 96 97 98 Objectives: 0.0 0.0 0.0 Constraints: 	AlgorithmAttributes: {}

Variables: -1 -1 -1 -1 -1 -1 -1 -1 -1 -1 -1 -1 -1 -1 -1 -1 -1 -1 -1 -1 -1 -1 -1 -1 -1 -1 -1 -1 -1 -1 -1 -1 -1 -1 -1 -1 -1 -1 -1 0 1 2 3 4 6 7 9 10 11 13 15 18 21 22 23 24 26 28 29 31 32 33 35 36 38 39 40 47 49 50 51 52 53 54 55 56 59 61 62 64 66 70 71 73 77 79 80 81 84 86 87 88 90 92 93 94 95 96 97 99 Objectives: 0.0 0.0 0.0 Constraints: 	AlgorithmAttributes: {}
,Variables: -1 -1 -1 -1 -1 -1 -1 -1 -1 -1 -1 -1 -1 -1 -1 -1 -1 -1 -1 -1 -1 -1 -1 -1 -1 -1 -1 -1 -1 -1 -1 -1 -1 -1 -1 -1 -1 -1 -1 0 2 3 4 6 7 8 9 12 13 14 15 17 18 21 23 25 26 27 28 29 33 37 38 39 40 42 43 44 47 49 50 53 54 56 58 59 61 63 64 66 67 70 71 73 76 77 78 80 82 83 85 88 89 91 92 93 95 96 97 99 Objectives: 0.0 0.0 0.0 Constraints: 	AlgorithmAttributes: {}

Variables: -1 -1 -1 -1 -1 -1 -1 -1 -1 -1 -1 -1 -1 -1 -1 -1 -1 -1 -1 -1 -1 -1 -1 -1 -1 -1 -1 -1 -1 -1 -1 -1 -1 -1 -1 -1 -1 -1 -1 -1 -1 -1 -1 -1 -1 -1 -1 -1 -1 -1 -1 -1 -1 -1 -1 -1 -1 -1 -1 -1 -1 -1 -1 -1 -1 -1 -1 -1 -1 -1 -1 -1 -1 -1 -1 -1 -1 -1 -1 -1 -1 -1 -1 -1 -1 -1 -1 60 61 64 67 71 79 81 82 84 87 94 97 99 Objectives: 0.0 0.0 0.0 Constraints: 	AlgorithmAttributes: {}
,Variables: -1 -1 -1 -1 -1 -1 -1 -1 -1 -1 -1 -1 -1 -1 -1 -1 -1 -1 -1 -1 -1 -1 -1 -1 -1 -1 -1 -1 -1 -1 -1 -1 -1 -1 -1 -1 -1 -1 -1 -1 -1 -1 -1 -1 -1 -1 -1 -1 -1 -1 -1 -1 -1 -1 -1 -1 0 2 4 8 12 13 15 18 20 21 27 28 29 32 35 39 41 44 45 46 49 50 52 56 59 61 62 66 67 75 77 79 80 81 83 84 85 86 87 90 91 96 98 99 Objectives: 0.0 0.0 0.0 Constraints: 	AlgorithmAttributes: {}

Variables: -1 -1 -1 -1 -1 -1 -1 -1 -1 -1 -1 -1 -1 -1 -1 -1 -1 -1 -1 -1 -1 -1 -1 -1 -1 -1 -1 -1 -1 -1 -1 -1 -1 -1 -1 -1 -1 -1 -1 -1 -1 -1 -1 -1 -1 -1 -1 -1 -1 -1 -1 -1 5 7 8 10 12 13 18 19 22 23 26 28 30 32 33 34 35 38 39 41 43 44 45 48 49 50 52 55 56 60 61 62 63 64 65 66 67 69 69 70 73 87 91 93 94 95 96 99 Objectives: 0.0 0.0 0.0 Constraints: 	AlgorithmAttributes: {}
,Variables: -1 -1 -1 -1 -1 -1 -1 -1 -1 -1 -1 -1 -1 -1 -1 -1 -1 -1 -1 -1 -1 -1 -1 -1 -1 -1 -1 -1 -1 -1 -1 -1 -1 -1 -1 -1 -1 -1 -1 -1 -1 -1 -1 -1 -1 -1 -1 -1 -1 -1 -1 -1 -1 -1 -1 -1 -1 -1 -1 -1 -1 -1 -1 -1 -1 -1 -1 -1 -1 -1 -1 -1 -1 -1 -1 -1 -1 -1 -1 -1 -1 -1 -1 -1 -1 -1 1 2 5 7 18 35 50 51 71 72 73 84 86 90 Objectives: 0.0 0.0 0.0 Constraints: 	AlgorithmAttributes: {}

Variables: -1 -1 -1 -1 -1 -1 -1 -1 -1 -1 -1 -1 -1 -1 -1 -1 -1 -1 -1 -1 -1 -1 -1 -1 -1 -1 -1 -1 -1 -1 -1 -1 -1 -1 -1 -1 -1 -1 -1 -1 -1 -1 -1 -1 -1 -1 -1 -1 -1 -1 -1 -1 -1 -1 -1 0 1 6 11 16 17 18 19 21 23 25 26 28 29 30 36 40 44 46 47 48 50 52 54 55 56 58 61 63 65 69 70 71 72 73 77 79 80 83 86 90 91 94 96 97 Objectives: 0.0 0.0 0.0 Constraints: 	AlgorithmAttributes: {}
,Variables: -1 -1 -1 -1 -1 -1 -1 -1 -1 -1 -1 -1 -1 -1 -1 -1 -1 -1 -1 -1 -1 -1 -1 -1 -1 -1 -1 -1 -1 -1 -1 -1 -1 -1 -1 -1 -1 -1 -1 -1 -1 -1 -1 -1 -1 -1 -1 -1 -1 -1 -1 -1 -1 -1 -1 -1 -1 -1 -1 -1 -1 -1 -1 -1 -1 -1 -1 -1 -1 1 2 5 6 8 10 18 21 34 37 38 40 42 44 45 46 48 49 58 59 60 64 75 76 83 84 85 86 91 92 96 Objectives: 0.0 0.0 0.0 Constraints: 	AlgorithmAttributes: {}

Variables: -1 -1 -1 -1 -1 -1 -1 -1 -1 -1 -1 -1 -1 -1 -1 -1 -1 -1 -1 -1 -1 -1 -1 -1 -1 -1 -1 -1 -1 -1 -1 -1 -1 -1 -1 -1 -1 -1 -1 -1 -1 -1 -1 -1 -1 -1 -1 -1 -1 -1 -1 -1 -1 -1 -1 -1 -1 -1 -1 -1 -1 -1 -1 -1 -1 -1 -1 -1 -1 -1 -1 -1 -1 -1 -1 -1 -1 -1 -1 -1 -1 -1 -1 -1 -1 -1 -1 -1 -1 -1 -1 0 6 16 21 23 25 26 56 58 Objectives: 0.0 0.0 0.0 Constraints: 	AlgorithmAttributes: {}
,Variables: -1 -1 -1 -1 -1 -1 -1 -1 -1 -1 -1 -1 -1 -1 -1 -1 -1 -1 -1 -1 -1 -1 -1 -1 -1 -1 -1 -1 -1 -1 -1 -1 -1 -1 -1 -1 -1 -1 -1 -1 -1 -1 -1 -1 -1 -1 -1 -1 -1 -1 -1 -1 -1 -1 -1 -1 -1 -1 -1 -1 -1 -1 -1 -1 -1 -1 -1 -1 -1 -1 -1 -1 -1 -1 -1 -1 -1 -1 -1 -1 -1 -1 -1 -1 -1 -1 -1 -1 -1 -1 -1 -1 -1 -1 -1 -1 -1 -1 -1 38 Objectives: 0.0 0.0 0.0 Constraints: 	AlgorithmAttributes: {}

Variables: -1 -1 -1 -1 -1 -1 -1 -1 -1 -1 -1 -1 -1 -1 -1 -1 -1 -1 -1 -1 -1 -1 -1 -1 -1 -1 -1 -1 -1 -1 -1 -1 -1 -1 -1 -1 -1 -1 -1 -1 -1 -1 -1 -1 -1 -1 -1 -1 -1 -1 -1 -1 -1 -1 -1 0 8 10 12 14 15 19 21 22 23 25 26 28 30 31 32 33 40 41 43 44 45 46 50 53 59 64 67 69 71 73 75 76 77 80 83 84 87 88 89 95 96 97 98 99 Objectives: 0.0 0.0 0.0 Constraints: 	AlgorithmAttributes: {}
,Variables: -1 -1 -1 -1 -1 -1 -1 -1 -1 -1 -1 -1 -1 -1 -1 -1 -1 -1 -1 -1 -1 -1 -1 -1 -1 -1 -1 -1 -1 -1 -1 -1 -1 -1 -1 -1 -1 -1 -1 -1 -1 -1 -1 -1 -1 -1 -1 -1 -1 -1 -1 -1 -1 -1 -1 -1 -1 -1 -1 -1 -1 -1 0 3 4 5 8 9 11 15 16 17 20 28 31 32 33 35 38 43 46 51 54 55 56 58 59 62 63 65 68 73 74 78 79 80 83 84 87 94 Objectives: 0.0 0.0 0.0 Constraints: 	AlgorithmAttributes: {}

Variables: -1 -1 -1 -1 -1 -1 -1 -1 -1 -1 -1 -1 -1 -1 -1 -1 -1 -1 -1 -1 -1 -1 -1 -1 -1 -1 -1 -1 -1 -1 -1 -1 0 1 2 4 5 6 8 10 13 15 16 18 19 20 21 22 24 25 26 27 28 29 30 31 33 34 35 37 38 39 40 41 43 45 46 47 48 49 50 52 55 56 57 62 64 65 66 67 68 70 71 72 73 75 76 79 80 84 89 90 91 92 93 95 96 97 98 99 Objectives: 0.0 0.0 0.0 Constraints: 	AlgorithmAttributes: {}
,Variables: -1 -1 -1 -1 -1 -1 -1 -1 -1 -1 -1 -1 -1 -1 -1 -1 -1 -1 -1 -1 -1 -1 -1 -1 -1 -1 -1 -1 -1 -1 -1 -1 0 6 7 8 9 10 11 12 13 14 17 18 20 22 23 25 26 27 29 31 32 34 36 38 39 40 41 42 43 44 47 49 50 52 53 54 55 57 58 59 60 61 62 64 65 66 67 68 69 71 73 74 77 78 79 82 84 85 86 88 89 90 91 93 94 95 96 97 Objectives: 0.0 0.0 0.0 Constraints: 	AlgorithmAttributes: {}

Variables: -1 -1 -1 -1 -1 -1 -1 -1 -1 -1 -1 -1 -1 -1 -1 -1 -1 -1 -1 -1 -1 -1 -1 -1 -1 -1 -1 -1 -1 -1 0 4 7 8 9 10 12 13 14 15 17 19 21 22 23 24 25 26 28 30 31 32 33 34 35 36 37 38 40 41 43 44 45 46 47 49 50 53 55 58 59 60 61 64 67 68 69 71 72 73 75 76 77 78 79 80 82 83 84 85 86 87 88 89 91 95 96 97 98 99 Objectives: 0.0 0.0 0.0 Constraints: 	AlgorithmAttributes: {}
,Variables: -1 -1 -1 -1 -1 -1 -1 -1 -1 -1 -1 -1 -1 -1 -1 -1 -1 -1 -1 -1 -1 -1 -1 -1 -1 -1 -1 -1 -1 -1 -1 -1 -1 -1 0 2 3 4 5 7 8 9 11 14 15 16 17 19 20 22 25 26 28 30 31 32 33 34 35 36 38 40 43 44 45 46 48 49 51 54 55 56 57 58 59 62 63 65 68 69 70 71 72 73 74 76 78 79 80 81 82 83 84 87 88 90 93 94 95 98 Objectives: 0.0 0.0 0.0 Constraints: 	AlgorithmAttributes: {}

Variables: -1 -1 -1 -1 -1 -1 -1 -1 -1 -1 -1 -1 -1 -1 -1 -1 -1 -1 -1 -1 -1 -1 -1 -1 -1 -1 -1 -1 -1 -1 -1 -1 -1 -1 -1 -1 -1 -1 -1 -1 -1 -1 -1 -1 -1 -1 -1 -1 -1 -1 -1 -1 -1 -1 -1 -1 -1 -1 9 10 12 13 17 21 22 23 25 28 31 36 37 45 49 53 58 59 60 61 64 67 68 71 72 73 75 76 78 80 82 83 84 85 87 88 89 91 95 96 98 99 Objectives: 0.0 0.0 0.0 Constraints: 	AlgorithmAttributes: {}
,Variables: -1 -1 -1 -1 -1 -1 -1 -1 -1 -1 -1 -1 -1 -1 -1 -1 -1 -1 -1 -1 -1 -1 -1 -1 -1 -1 -1 -1 -1 -1 -1 -1 -1 -1 -1 -1 -1 -1 -1 -1 -1 -1 -1 -1 -1 -1 -1 -1 -1 -1 -1 -1 -1 -1 -1 -1 -1 -1 -1 -1 -1 -1 -1 -1 -1 -1 -1 -1 -1 -1 -1 -1 -1 -1 -1 -1 -1 -1 -1 -1 35 36 40 43 44 49 54 56 58 59 71 73 74 78 79 81 82 83 87 94 Objectives: 0.0 0.0 0.0 Constraints: 	AlgorithmAttributes: {}

Variables: -1 -1 -1 -1 -1 -1 -1 -1 -1 -1 -1 -1 -1 -1 -1 -1 -1 -1 -1 -1 -1 -1 -1 -1 -1 -1 -1 -1 -1 -1 -1 -1 -1 -1 -1 1 3 4 5 6 8 10 11 12 13 15 16 17 19 23 24 25 27 28 29 31 32 34 36 39 40 41 45 46 48 51 53 54 55 56 57 58 59 60 61 62 63 64 67 68 71 72 74 76 77 78 80 83 84 85 86 87 89 90 91 94 95 97 98 99 Objectives: 0.0 0.0 0.0 Constraints: 	AlgorithmAttributes: {}
,Variables: -1 -1 -1 -1 -1 -1 -1 -1 -1 -1 -1 -1 -1 -1 -1 -1 -1 -1 -1 -1 -1 -1 -1 -1 -1 -1 -1 -1 -1 -1 -1 -1 -1 -1 -1 -1 -1 -1 -1 -1 -1 -1 -1 -1 -1 -1 2 4 6 8 12 13 14 15 16 17 18 20 21 22 23 24 26 27 29 30 32 35 36 37 38 40 44 45 46 48 51 52 54 57 58 61 62 63 65 66 68 69 70 71 74 75 87 88 90 91 92 94 95 96 Objectives: 0.0 0.0 0.0 Constraints: 	AlgorithmAttributes: {}

Variables: -1 -1 -1 -1 -1 -1 -1 -1 -1 -1 -1 -1 -1 -1 -1 -1 -1 -1 -1 -1 -1 -1 -1 -1 -1 -1 -1 -1 -1 -1 -1 -1 -1 -1 -1 -1 -1 -1 -1 -1 -1 -1 -1 -1 -1 -1 -1 -1 -1 -1 -1 -1 -1 -1 -1 -1 -1 0 2 6 9 10 13 16 16 17 19 19 21 22 23 24 25 26 26 27 28 29 30 36 36 37 37 42 43 43 45 49 52 55 57 59 67 68 71 75 83 85 88 96 Objectives: 0.0 0.0 0.0 Constraints: 	AlgorithmAttributes: {}
,Variables: -1 -1 -1 -1 -1 -1 -1 -1 -1 -1 -1 -1 -1 -1 -1 -1 -1 -1 -1 -1 -1 -1 -1 -1 -1 -1 -1 -1 -1 -1 -1 -1 -1 -1 -1 -1 -1 -1 -1 -1 -1 -1 -1 -1 -1 -1 -1 -1 -1 -1 -1 -1 -1 -1 -1 -1 -1 -1 -1 -1 -1 -1 -1 -1 -1 -1 -1 -1 -1 -1 -1 -1 -1 -1 -1 -1 -1 -1 -1 -1 -1 -1 -1 -1 -1 -1 -1 -1 -1 8 13 17 25 34 35 38 49 69 90 98 Objectives: 0.0 0.0 0.0 Constraints: 	AlgorithmAttributes: {}

Variables: -1 -1 -1 -1 -1 -1 -1 -1 -1 -1 -1 -1 -1 -1 -1 -1 -1 -1 -1 -1 -1 -1 -1 -1 -1 -1 -1 -1 -1 -1 -1 -1 -1 -1 0 1 3 4 6 7 8 9 11 13 14 15 17 18 19 21 22 25 26 28 29 33 34 36 38 39 41 42 43 44 45 47 49 50 52 53 54 56 57 59 60 61 63 64 65 66 68 69 70 75 77 79 80 83 84 85 86 87 89 90 91 92 96 97 98 99 Objectives: 0.0 0.0 0.0 Constraints: 	AlgorithmAttributes: {}
,Variables: -1 -1 -1 -1 -1 -1 -1 -1 -1 -1 -1 -1 -1 -1 -1 -1 -1 -1 -1 -1 -1 -1 -1 -1 -1 -1 -1 -1 -1 -1 -1 -1 -1 -1 -1 -1 -1 -1 0 2 3 7 8 13 15 16 17 18 19 24 25 27 28 29 30 32 33 34 35 38 40 41 44 45 46 47 49 50 53 54 55 56 57 60 61 62 63 65 69 70 71 72 76 77 79 80 81 83 84 86 87 88 89 91 92 94 96 97 98 99 Objectives: 0.0 0.0 0.0 Constraints: 	AlgorithmAttributes: {}

Variables: -1 -1 -1 -1 -1 -1 -1 -1 -1 -1 -1 -1 -1 -1 -1 -1 -1 -1 -1 -1 -1 -1 -1 -1 -1 -1 -1 -1 -1 -1 -1 -1 -1 -1 0 2 5 6 7 8 9 10 11 12 13 16 17 18 20 21 22 23 24 25 26 27 28 29 30 31 33 34 36 37 38 39 40 41 43 44 46 50 51 53 54 55 56 57 58 60 62 64 65 67 69 70 71 73 79 80 81 83 84 86 87 89 93 94 97 99 Objectives: 0.0 0.0 0.0 Constraints: 	AlgorithmAttributes: {}
,Variables: -1 -1 -1 -1 -1 -1 -1 -1 -1 -1 -1 -1 -1 -1 -1 -1 -1 -1 -1 -1 -1 -1 -1 -1 -1 -1 -1 -1 -1 -1 -1 -1 -1 -1 -1 0 1 2 3 4 5 7 8 9 13 15 17 18 21 24 25 26 27 28 29 32 34 35 39 40 41 43 44 45 47 48 49 50 52 53 54 55 56 60 61 62 63 65 66 67 69 70 71 72 73 76 79 80 81 82 85 86 88 89 90 91 92 93 95 96 Objectives: 0.0 0.0 0.0 Constraints: 	AlgorithmAttributes: {}

Variables: -1 -1 -1 -1 -1 -1 -1 -1 -1 -1 -1 -1 -1 -1 -1 -1 -1 -1 -1 -1 -1 -1 -1 -1 -1 -1 -1 -1 -1 -1 -1 -1 -1 -1 -1 -1 -1 -1 -1 -1 -1 -1 -1 -1 -1 -1 -1 -1 -1 -1 -1 -1 -1 -1 -1 2 4 5 6 8 9 10 11 14 16 17 19 23 24 27 28 29 35 36 37 39 42 45 48 49 51 52 53 56 59 62 63 64 68 71 72 80 82 83 86 89 90 93 97 98 Objectives: 0.0 0.0 0.0 Constraints: 	AlgorithmAttributes: {}
,Variables: -1 -1 -1 -1 -1 -1 -1 -1 -1 -1 -1 -1 -1 -1 -1 -1 -1 -1 -1 -1 -1 -1 -1 -1 -1 -1 -1 -1 -1 -1 -1 -1 -1 -1 -1 -1 -1 -1 -1 -1 -1 -1 -1 -1 -1 -1 -1 -1 -1 -1 -1 -1 -1 -1 -1 -1 -1 -1 -1 -1 -1 -1 -1 -1 -1 -1 -1 -1 -1 -1 -1 -1 -1 -1 -1 -1 -1 -1 -1 -1 -1 -1 -1 -1 -1 -1 -1 -1 -1 -1 -1 -1 -1 -1 -1 -1 -1 94 95 97 Objectives: 0.0 0.0 0.0 Constraints: 	AlgorithmAttributes: {}

Variables: -1 -1 -1 -1 -1 -1 -1 -1 -1 -1 -1 -1 -1 -1 -1 -1 -1 -1 -1 -1 -1 -1 -1 -1 -1 -1 -1 -1 -1 -1 -1 -1 -1 -1 -1 -1 -1 -1 -1 -1 -1 -1 -1 -1 -1 -1 -1 -1 -1 -1 -1 -1 -1 -1 -1 -1 -1 -1 -1 -1 -1 -1 -1 -1 -1 -1 -1 -1 -1 -1 -1 -1 -1 -1 -1 -1 -1 -1 0 4 8 11 14 16 23 28 32 33 35 41 43 59 64 65 75 79 84 86 96 98 Objectives: 0.0 0.0 0.0 Constraints: 	AlgorithmAttributes: {}
,Variables: -1 -1 -1 -1 -1 -1 -1 -1 -1 -1 -1 -1 -1 -1 -1 -1 -1 -1 -1 -1 -1 -1 -1 -1 -1 -1 -1 -1 -1 -1 -1 -1 -1 -1 -1 -1 -1 -1 -1 -1 -1 -1 -1 -1 -1 -1 -1 -1 -1 -1 -1 -1 -1 -1 -1 -1 -1 -1 -1 -1 -1 -1 -1 -1 -1 -1 -1 -1 -1 -1 -1 -1 -1 -1 -1 -1 -1 -1 -1 -1 -1 -1 -1 -1 -1 -1 -1 -1 -1 -1 -1 -1 -1 -1 -1 -1 -1 -1 -1 98 Objectives: 0.0 0.0 0.0 Constraints: 	AlgorithmAttributes: {}

Variables: -1 -1 -1 -1 -1 -1 -1 -1 -1 -1 -1 -1 -1 -1 -1 -1 -1 -1 -1 -1 -1 -1 -1 -1 -1 -1 -1 -1 -1 -1 -1 -1 1 2 3 6 7 8 9 10 11 12 13 14 15 16 17 18 19 22 23 25 26 27 29 32 33 34 35 36 37 38 39 40 41 44 45 46 47 49 51 52 54 57 64 65 66 67 68 69 71 72 73 74 76 78 81 82 83 84 85 87 90 91 92 93 95 96 97 99 Objectives: 0.0 0.0 0.0 Constraints: 	AlgorithmAttributes: {}
,Variables: -1 -1 -1 -1 -1 -1 -1 -1 -1 -1 -1 -1 -1 -1 -1 -1 -1 -1 -1 -1 -1 -1 -1 -1 -1 -1 -1 -1 -1 -1 -1 -1 -1 -1 -1 -1 -1 -1 -1 -1 -1 -1 -1 0 1 2 4 7 9 10 13 15 18 19 22 23 24 26 27 28 29 31 37 39 40 41 42 44 45 46 48 49 51 54 56 60 65 66 69 70 71 73 74 76 78 79 80 81 82 83 84 87 89 90 93 95 96 97 98 99 Objectives: 0.0 0.0 0.0 Constraints: 	AlgorithmAttributes: {}

Variables: -1 -1 -1 -1 -1 -1 -1 -1 -1 -1 -1 -1 -1 -1 -1 -1 -1 -1 -1 -1 -1 -1 -1 -1 -1 -1 -1 -1 -1 -1 -1 2 4 5 7 8 10 12 13 14 17 18 19 21 22 23 24 25 26 27 28 29 30 32 33 34 35 38 39 40 41 42 43 44 45 48 49 50 52 53 54 55 56 60 61 62 63 64 66 67 69 70 71 72 73 75 76 80 81 83 84 85 86 89 90 94 95 96 97 98 Objectives: 0.0 0.0 0.0 Constraints: 	AlgorithmAttributes: {}
,Variables: -1 -1 -1 -1 -1 -1 -1 -1 -1 -1 -1 -1 -1 -1 -1 -1 -1 -1 -1 -1 -1 -1 -1 -1 -1 -1 -1 -1 -1 -1 -1 -1 -1 -1 -1 -1 -1 1 2 3 4 5 7 8 10 11 12 16 17 18 24 25 29 31 32 34 35 36 37 39 40 41 42 44 45 46 47 48 49 53 54 56 57 58 59 62 63 65 66 68 71 72 73 75 78 79 80 82 83 84 85 89 90 91 93 94 95 96 97 98 Objectives: 0.0 0.0 0.0 Constraints: 	AlgorithmAttributes: {}

Variables: -1 -1 -1 -1 -1 -1 -1 -1 -1 -1 -1 -1 -1 -1 -1 -1 -1 -1 -1 -1 -1 -1 -1 -1 -1 -1 -1 -1 -1 -1 -1 -1 -1 -1 -1 -1 -1 -1 -1 -1 -1 -1 -1 -1 -1 -1 -1 -1 -1 -1 -1 -1 -1 -1 -1 -1 -1 -1 -1 -1 -1 -1 -1 -1 -1 -1 -1 -1 -1 -1 -1 -1 -1 -1 -1 -1 -1 -1 -1 -1 -1 -1 -1 -1 -1 -1 0 13 16 18 22 23 24 26 27 28 29 31 32 33 Objectives: 0.0 0.0 0.0 Constraints: 	AlgorithmAttributes: {}
,Variables: -1 -1 -1 -1 -1 -1 -1 -1 -1 -1 -1 -1 -1 -1 -1 -1 -1 -1 -1 -1 -1 -1 -1 -1 -1 -1 -1 -1 -1 -1 -1 -1 -1 -1 -1 -1 -1 -1 -1 -1 -1 -1 -1 -1 -1 -1 -1 -1 -1 -1 -1 -1 -1 -1 -1 -1 -1 -1 -1 -1 -1 -1 -1 -1 -1 -1 -1 -1 -1 -1 -1 -1 -1 -1 -1 -1 -1 -1 -1 -1 -1 -1 -1 -1 -1 -1 -1 -1 -1 -1 -1 -1 -1 -1 -1 -1 -1 -1 -1 38 Objectives: 0.0 0.0 0.0 Constraints: 	AlgorithmAttributes: {}

Variables: -1 -1 -1 -1 -1 -1 -1 -1 -1 -1 -1 -1 -1 -1 -1 -1 -1 -1 -1 -1 -1 -1 -1 -1 -1 -1 -1 -1 -1 -1 -1 -1 -1 -1 -1 -1 -1 -1 -1 -1 -1 -1 -1 -1 -1 -1 -1 -1 -1 -1 -1 -1 -1 -1 0 1 2 4 5 6 8 13 15 18 19 20 21 22 25 26 28 29 30 31 33 34 35 37 40 43 45 46 52 55 57 67 68 70 71 72 73 75 79 80 84 90 93 97 98 99 Objectives: 0.0 0.0 0.0 Constraints: 	AlgorithmAttributes: {}
,Variables: -1 -1 -1 -1 -1 -1 -1 -1 -1 -1 -1 -1 -1 -1 -1 -1 -1 -1 -1 -1 -1 -1 -1 -1 -1 -1 -1 -1 -1 -1 -1 -1 -1 -1 -1 -1 -1 -1 -1 -1 -1 -1 -1 -1 -1 -1 -1 -1 -1 -1 -1 -1 -1 -1 -1 -1 -1 -1 -1 -1 -1 -1 -1 -1 -1 -1 -1 -1 -1 -1 -1 -1 2 3 13 15 18 19 27 29 30 32 33 38 41 45 47 62 63 70 71 72 76 81 83 87 89 92 93 97 Objectives: 0.0 0.0 0.0 Constraints: 	AlgorithmAttributes: {}

Variables: -1 -1 -1 -1 -1 -1 -1 -1 -1 -1 -1 -1 -1 -1 -1 -1 -1 -1 -1 -1 -1 -1 -1 -1 -1 -1 -1 -1 -1 -1 -1 -1 -1 -1 -1 -1 -1 -1 0 1 2 3 4 6 7 10 12 13 14 15 18 19 20 21 22 23 26 27 28 29 34 35 37 40 41 43 45 47 48 49 50 54 58 60 61 63 64 67 69 70 71 72 73 75 76 77 79 81 82 83 84 85 86 87 93 94 95 96 97 99 Objectives: 0.0 0.0 0.0 Constraints: 	AlgorithmAttributes: {}
,Variables: -1 -1 -1 -1 -1 -1 -1 -1 -1 -1 -1 -1 -1 -1 -1 -1 -1 -1 -1 -1 -1 -1 -1 -1 -1 -1 -1 -1 -1 -1 -1 -1 -1 0 1 2 3 4 5 6 7 8 12 13 15 18 20 21 22 23 26 27 28 29 30 31 32 35 37 39 41 44 45 46 48 49 50 51 52 53 56 57 59 60 61 62 65 66 67 69 70 75 77 79 80 81 83 84 85 86 87 90 91 92 93 95 96 97 98 99 Objectives: 0.0 0.0 0.0 Constraints: 	AlgorithmAttributes: {}

Variables: -1 -1 -1 -1 -1 -1 -1 -1 -1 -1 -1 -1 -1 -1 -1 -1 -1 -1 -1 -1 -1 -1 -1 -1 -1 -1 -1 -1 -1 -1 -1 -1 -1 -1 -1 -1 -1 -1 -1 -1 -1 -1 -1 -1 -1 -1 -1 -1 -1 -1 -1 -1 -1 -1 -1 -1 -1 -1 -1 -1 -1 2 9 12 13 14 18 23 25 27 33 35 36 38 39 41 44 47 49 51 52 54 64 65 67 69 71 73 76 82 83 84 85 87 92 93 95 96 97 99 Objectives: 0.0 0.0 0.0 Constraints: 	AlgorithmAttributes: {}
,Variables: -1 -1 -1 -1 -1 -1 -1 -1 -1 -1 -1 -1 -1 -1 -1 -1 -1 -1 -1 -1 -1 -1 -1 -1 -1 -1 -1 -1 -1 -1 -1 -1 -1 -1 -1 -1 -1 -1 -1 -1 -1 -1 -1 -1 -1 -1 -1 -1 -1 -1 -1 -1 -1 -1 -1 -1 -1 -1 -1 -1 -1 -1 -1 -1 -1 -1 -1 -1 -1 -1 -1 -1 -1 -1 -1 -1 -1 -1 -1 -1 -1 -1 -1 -1 -1 -1 -1 -1 -1 76 80 81 82 83 84 87 90 96 97 98 Objectives: 0.0 0.0 0.0 Constraints: 	AlgorithmAttributes: {}

Variables: -1 -1 -1 -1 -1 -1 -1 -1 -1 -1 -1 -1 -1 -1 -1 -1 -1 -1 -1 -1 -1 -1 -1 -1 -1 -1 -1 -1 -1 -1 -1 -1 -1 -1 -1 -1 -1 -1 -1 -1 -1 -1 -1 -1 -1 -1 -1 -1 -1 -1 -1 -1 -1 -1 -1 -1 -1 -1 -1 -1 -1 -1 -1 -1 -1 -1 -1 -1 -1 -1 -1 -1 -1 -1 -1 -1 -1 -1 -1 -1 -1 -1 -1 -1 -1 -1 -1 -1 -1 -1 -1 -1 -1 -1 -1 -1 3 16 25 26 Objectives: 0.0 0.0 0.0 Constraints: 	AlgorithmAttributes: {}
,Variables: -1 -1 -1 -1 -1 -1 -1 -1 -1 -1 -1 -1 -1 -1 -1 -1 -1 -1 -1 -1 -1 -1 -1 -1 -1 -1 -1 -1 -1 -1 -1 -1 -1 -1 -1 -1 -1 -1 -1 -1 -1 -1 -1 -1 -1 -1 -1 -1 -1 -1 -1 -1 -1 -1 -1 -1 -1 -1 -1 -1 -1 -1 -1 -1 -1 -1 -1 -1 -1 -1 -1 -1 -1 -1 -1 -1 -1 -1 -1 -1 -1 -1 -1 -1 -1 -1 -1 -1 -1 -1 -1 -1 -1 -1 -1 -1 -1 -1 -1 38 Objectives: 0.0 0.0 0.0 Constraints: 	AlgorithmAttributes: {}

Variables: -1 -1 -1 -1 -1 -1 -1 -1 -1 -1 -1 -1 -1 -1 -1 -1 -1 -1 -1 -1 -1 -1 -1 -1 -1 -1 -1 -1 -1 -1 -1 -1 -1 0 1 3 4 6 7 8 10 14 15 17 18 19 20 21 23 24 25 26 27 28 31 32 34 36 37 38 39 40 42 43 47 48 49 50 51 54 56 57 58 60 61 62 63 65 69 70 71 72 73 74 77 80 81 83 84 85 87 88 89 92 94 95 96 97 98 99 Objectives: 0.0 0.0 0.0 Constraints: 	AlgorithmAttributes: {}
,Variables: -1 -1 -1 -1 -1 -1 -1 -1 -1 -1 -1 -1 -1 -1 -1 -1 -1 -1 -1 -1 -1 -1 -1 -1 -1 -1 -1 -1 -1 -1 -1 -1 -1 -1 -1 -1 -1 0 1 4 5 6 8 9 10 12 13 15 16 17 19 20 24 26 28 29 34 35 36 37 38 40 41 42 43 45 46 48 50 55 56 58 61 62 64 65 68 70 71 72 73 75 76 77 78 81 82 83 85 86 87 88 89 90 92 93 94 95 96 97 Objectives: 0.0 0.0 0.0 Constraints: 	AlgorithmAttributes: {}

Variables: -1 -1 -1 -1 -1 -1 -1 -1 -1 -1 -1 -1 -1 -1 -1 -1 -1 -1 -1 -1 -1 -1 -1 -1 -1 -1 -1 -1 -1 -1 -1 -1 -1 -1 -1 -1 -1 -1 -1 -1 -1 -1 -1 -1 -1 -1 -1 -1 -1 -1 -1 -1 -1 -1 -1 -1 -1 -1 4 7 9 14 15 21 22 24 25 26 28 32 33 36 40 41 43 44 46 47 49 53 55 58 60 61 63 66 69 71 72 73 75 76 80 81 85 90 94 95 97 98 Objectives: 0.0 0.0 0.0 Constraints: 	AlgorithmAttributes: {}
,Variables: -1 -1 -1 -1 -1 -1 -1 -1 -1 -1 -1 -1 -1 -1 -1 -1 -1 -1 -1 -1 -1 -1 -1 -1 -1 -1 -1 -1 -1 -1 -1 -1 -1 -1 -1 -1 -1 -1 -1 -1 -1 -1 -1 -1 -1 -1 -1 -1 -1 -1 -1 -1 -1 -1 -1 -1 -1 -1 -1 -1 -1 -1 -1 -1 2 4 7 8 9 14 15 16 19 24 29 34 36 41 42 44 45 49 56 59 62 63 66 68 71 73 75 78 80 84 89 90 91 94 97 98 Objectives: 0.0 0.0 0.0 Constraints: 	AlgorithmAttributes: {}

Variables: -1 -1 -1 -1 -1 -1 -1 -1 -1 -1 -1 -1 -1 -1 -1 -1 -1 -1 -1 -1 -1 -1 -1 -1 -1 -1 -1 -1 -1 -1 -1 -1 -1 -1 -1 -1 -1 -1 -1 -1 -1 -1 -1 -1 -1 -1 -1 -1 -1 -1 -1 -1 -1 -1 -1 -1 -1 -1 -1 -1 -1 -1 -1 -1 -1 -1 -1 -1 -1 -1 -1 -1 -1 -1 7 14 17 18 22 30 39 40 41 43 48 49 53 54 56 58 64 67 70 73 74 76 79 82 87 97 Objectives: 0.0 0.0 0.0 Constraints: 	AlgorithmAttributes: {}
,Variables: -1 -1 -1 -1 -1 -1 -1 -1 -1 -1 -1 -1 -1 -1 -1 -1 -1 -1 -1 -1 -1 -1 -1 -1 -1 -1 -1 -1 -1 -1 -1 -1 -1 -1 -1 -1 -1 -1 -1 -1 -1 -1 -1 -1 -1 -1 -1 -1 -1 -1 -1 -1 -1 -1 -1 -1 -1 -1 -1 -1 -1 -1 -1 -1 -1 -1 -1 -1 -1 -1 -1 -1 -1 -1 -1 -1 -1 -1 -1 -1 -1 -1 -1 -1 -1 -1 -1 -1 -1 -1 -1 -1 -1 -1 -1 -1 -1 -1 -1 80 Objectives: 0.0 0.0 0.0 Constraints: 	AlgorithmAttributes: {}

Variables: -1 -1 -1 -1 -1 -1 -1 -1 -1 -1 -1 -1 -1 -1 -1 -1 -1 -1 -1 -1 -1 -1 -1 -1 -1 -1 -1 -1 -1 -1 -1 -1 -1 -1 -1 -1 -1 -1 -1 2 4 6 7 9 10 11 12 15 17 19 21 23 26 28 30 31 33 34 35 36 37 39 43 44 46 47 49 50 52 54 56 57 58 59 60 61 62 63 66 68 70 72 74 75 76 77 78 79 80 81 85 86 90 92 93 94 96 97 98 99 Objectives: 0.0 0.0 0.0 Constraints: 	AlgorithmAttributes: {}
,Variables: -1 -1 -1 -1 -1 -1 -1 -1 -1 -1 -1 -1 -1 -1 -1 -1 -1 -1 -1 -1 -1 -1 -1 -1 -1 -1 -1 -1 -1 -1 -1 -1 0 2 4 6 8 9 10 11 12 15 16 18 19 20 21 22 24 25 26 27 29 30 31 32 33 35 37 38 39 40 41 43 44 45 46 47 48 50 51 52 54 58 59 62 63 64 65 66 67 70 72 73 74 75 76 77 78 79 80 81 83 84 85 87 90 91 97 99 Objectives: 0.0 0.0 0.0 Constraints: 	AlgorithmAttributes: {}

Variables: -1 -1 -1 -1 -1 -1 -1 -1 -1 -1 -1 -1 -1 -1 -1 -1 -1 -1 -1 -1 -1 -1 -1 -1 -1 -1 -1 -1 -1 -1 -1 -1 -1 -1 -1 1 2 5 6 7 8 9 12 13 14 17 20 21 22 23 24 25 27 28 30 32 34 36 37 39 40 41 42 44 46 48 49 52 54 55 57 59 60 61 62 63 64 65 66 67 69 70 71 73 74 75 76 77 78 86 87 88 89 90 91 93 96 97 98 99 Objectives: 0.0 0.0 0.0 Constraints: 	AlgorithmAttributes: {}
,Variables: -1 -1 -1 -1 -1 -1 -1 -1 -1 -1 -1 -1 -1 -1 -1 -1 -1 -1 -1 -1 -1 -1 -1 -1 -1 -1 -1 -1 -1 -1 -1 -1 -1 -1 -1 -1 -1 -1 0 1 4 6 8 11 13 14 15 16 17 19 20 21 22 23 24 26 29 30 33 34 36 37 38 41 42 43 44 47 48 50 51 52 53 54 55 57 58 59 60 61 63 64 65 66 67 70 71 73 74 75 79 81 82 83 87 89 91 94 98 99 Objectives: 0.0 0.0 0.0 Constraints: 	AlgorithmAttributes: {}

Variables: -1 -1 -1 -1 -1 -1 -1 -1 -1 -1 -1 -1 -1 -1 -1 -1 -1 -1 -1 -1 -1 -1 -1 -1 -1 -1 -1 -1 -1 -1 -1 -1 -1 -1 -1 -1 -1 -1 -1 -1 -1 -1 -1 -1 -1 -1 -1 -1 -1 -1 -1 -1 -1 -1 -1 -1 0 1 4 6 8 10 14 15 18 19 28 32 34 36 37 38 39 40 43 49 51 54 56 57 58 62 65 71 72 73 74 77 81 84 85 87 88 89 92 95 96 97 98 99 Objectives: 0.0 0.0 0.0 Constraints: 	AlgorithmAttributes: {}
,Variables: -1 -1 -1 -1 -1 -1 -1 -1 -1 -1 -1 -1 -1 -1 -1 -1 -1 -1 -1 -1 -1 -1 -1 -1 -1 -1 -1 -1 -1 -1 -1 -1 -1 -1 -1 -1 -1 -1 -1 -1 -1 -1 -1 -1 -1 -1 -1 -1 -1 -1 -1 -1 -1 -1 -1 -1 -1 -1 -1 -1 -1 -1 -1 0 1 9 10 12 13 17 19 34 35 37 38 40 41 42 43 45 46 48 50 55 61 64 65 70 71 75 76 83 85 86 87 92 94 95 96 97 Objectives: 0.0 0.0 0.0 Constraints: 	AlgorithmAttributes: {}

Variables: -1 -1 -1 -1 -1 -1 -1 -1 -1 -1 -1 -1 -1 -1 -1 -1 -1 -1 -1 -1 -1 -1 -1 -1 -1 -1 -1 -1 -1 -1 -1 -1 -1 -1 -1 -1 -1 -1 -1 -1 -1 -1 -1 -1 -1 -1 -1 -1 -1 -1 -1 -1 -1 -1 -1 1 3 4 6 7 11 18 22 23 24 25 27 31 32 33 34 35 36 41 42 43 44 45 47 52 53 62 64 65 68 69 72 75 76 77 82 84 87 88 89 92 94 95 96 99 Objectives: 0.0 0.0 0.0 Constraints: 	AlgorithmAttributes: {}
,Variables: -1 -1 -1 -1 -1 -1 -1 -1 -1 -1 -1 -1 -1 -1 -1 -1 -1 -1 -1 -1 -1 -1 -1 -1 -1 -1 -1 -1 -1 -1 -1 -1 -1 -1 -1 -1 -1 -1 -1 -1 -1 -1 -1 -1 -1 -1 -1 -1 -1 -1 -1 -1 -1 -1 -1 -1 -1 -1 -1 -1 -1 -1 -1 -1 -1 -1 -1 -1 -1 -1 -1 -1 -1 -1 -1 -1 -1 -1 -1 -1 -1 -1 -1 -1 -1 -1 -1 -1 -1 -1 -1 74 77 79 80 81 83 89 91 99 Objectives: 0.0 0.0 0.0 Constraints: 	AlgorithmAttributes: {}

Variables: -1 -1 -1 -1 -1 -1 -1 -1 -1 -1 -1 -1 -1 -1 -1 -1 -1 -1 -1 -1 -1 -1 -1 -1 -1 -1 -1 -1 -1 -1 -1 -1 -1 -1 -1 -1 -1 -1 -1 -1 -1 -1 -1 -1 -1 -1 -1 -1 -1 -1 -1 -1 -1 -1 -1 0 1 2 4 5 8 10 11 14 16 17 18 19 22 23 25 26 28 29 30 32 33 35 41 43 47 53 55 56 57 59 64 67 68 70 71 72 79 80 82 83 89 93 97 98 Objectives: 0.0 0.0 0.0 Constraints: 	AlgorithmAttributes: {}
,Variables: -1 -1 -1 -1 -1 -1 -1 -1 -1 -1 -1 -1 -1 -1 -1 -1 -1 -1 -1 -1 -1 -1 -1 -1 -1 -1 -1 -1 -1 -1 -1 -1 -1 -1 -1 -1 -1 -1 -1 -1 -1 -1 -1 -1 -1 -1 -1 -1 -1 -1 -1 -1 -1 -1 -1 -1 -1 -1 -1 -1 -1 -1 -1 -1 -1 -1 -1 -1 -1 -1 5 8 10 11 12 13 14 17 18 19 24 32 33 35 37 38 39 44 46 50 53 56 64 67 69 70 75 86 89 95 Objectives: 0.0 0.0 0.0 Constraints: 	AlgorithmAttributes: {}

Variables: -1 -1 -1 -1 -1 -1 -1 -1 -1 -1 -1 -1 -1 -1 -1 -1 -1 -1 -1 -1 -1 -1 -1 -1 -1 -1 -1 -1 -1 -1 -1 -1 -1 -1 -1 -1 -1 -1 -1 -1 -1 -1 -1 -1 -1 -1 -1 -1 -1 -1 -1 -1 -1 -1 -1 -1 -1 0 1 2 9 11 14 17 18 19 23 24 30 31 32 33 36 39 40 41 44 47 48 49 50 51 54 55 56 58 69 70 71 79 80 81 83 84 85 86 90 91 95 97 Objectives: 0.0 0.0 0.0 Constraints: 	AlgorithmAttributes: {}
,Variables: -1 -1 -1 -1 -1 -1 -1 -1 -1 -1 -1 -1 -1 -1 -1 -1 -1 -1 -1 -1 -1 -1 -1 -1 -1 -1 -1 -1 -1 -1 -1 -1 -1 -1 -1 -1 -1 -1 -1 -1 -1 -1 -1 -1 -1 -1 -1 -1 -1 -1 -1 -1 -1 -1 -1 -1 -1 -1 -1 -1 -1 -1 -1 -1 -1 -1 -1 -1 -1 -1 -1 -1 -1 -1 -1 -1 -1 -1 -1 -1 -1 -1 -1 -1 -1 -1 -1 -1 -1 -1 -1 -1 73 82 83 84 88 92 94 95 Objectives: 0.0 0.0 0.0 Constraints: 	AlgorithmAttributes: {}

Variables: -1 -1 -1 -1 -1 -1 -1 -1 -1 -1 -1 -1 -1 -1 -1 -1 -1 -1 -1 -1 -1 -1 -1 -1 -1 -1 -1 -1 -1 -1 -1 -1 -1 -1 -1 -1 -1 -1 -1 -1 -1 -1 -1 -1 -1 -1 -1 -1 -1 -1 -1 -1 -1 -1 -1 -1 -1 -1 -1 -1 -1 -1 -1 -1 4 5 6 7 15 19 21 23 26 27 28 32 34 35 36 37 39 41 43 44 46 46 47 50 53 54 56 56 59 67 74 78 84 86 90 94 Objectives: 0.0 0.0 0.0 Constraints: 	AlgorithmAttributes: {}
,Variables: -1 -1 -1 -1 -1 -1 -1 -1 -1 -1 -1 -1 -1 -1 -1 -1 -1 -1 -1 -1 -1 -1 -1 -1 -1 -1 -1 -1 -1 -1 -1 -1 -1 -1 -1 -1 -1 -1 -1 -1 -1 -1 -1 -1 -1 -1 -1 -1 -1 -1 -1 -1 -1 -1 -1 -1 -1 -1 -1 -1 -1 -1 -1 -1 -1 -1 -1 -1 -1 -1 -1 -1 -1 -1 -1 -1 -1 -1 -1 -1 -1 -1 -1 -1 -1 -1 -1 -1 -1 -1 -1 -1 -1 -1 -1 -1 -1 -1 2 85 Objectives: 0.0 0.0 0.0 Constraints: 	AlgorithmAttributes: {}

Variables: -1 -1 -1 -1 -1 -1 -1 -1 -1 -1 -1 -1 -1 -1 -1 -1 -1 -1 -1 -1 -1 -1 -1 -1 -1 -1 -1 -1 -1 -1 -1 -1 -1 -1 -1 -1 -1 -1 -1 -1 -1 -1 -1 -1 -1 -1 -1 -1 -1 -1 -1 -1 -1 -1 -1 -1 -1 -1 -1 -1 -1 -1 -1 -1 -1 -1 -1 -1 4 6 11 13 15 20 23 25 26 27 30 35 37 40 41 48 54 55 59 61 63 64 69 70 76 77 79 80 86 89 95 96 Objectives: 0.0 0.0 0.0 Constraints: 	AlgorithmAttributes: {}
,Variables: -1 -1 -1 -1 -1 -1 -1 -1 -1 -1 -1 -1 -1 -1 -1 -1 -1 -1 -1 -1 -1 -1 -1 -1 -1 -1 -1 -1 -1 -1 -1 -1 -1 -1 -1 -1 -1 -1 -1 -1 -1 -1 -1 -1 -1 -1 -1 -1 -1 -1 -1 -1 -1 -1 -1 -1 -1 -1 -1 -1 -1 -1 -1 -1 -1 -1 -1 -1 -1 -1 -1 -1 -1 -1 -1 -1 -1 -1 -1 -1 -1 -1 -1 -1 -1 -1 -1 -1 -1 -1 -1 -1 -1 -1 -1 -1 -1 -1 4 98 Objectives: 0.0 0.0 0.0 Constraints: 	AlgorithmAttributes: {}

Variables: -1 -1 -1 -1 -1 -1 -1 -1 -1 -1 -1 -1 -1 -1 -1 -1 -1 -1 -1 -1 -1 -1 -1 -1 -1 -1 -1 -1 -1 -1 -1 -1 -1 -1 -1 -1 -1 -1 -1 -1 -1 -1 -1 -1 -1 -1 -1 -1 -1 -1 -1 -1 -1 -1 -1 -1 -1 -1 -1 -1 -1 2 4 6 8 10 11 14 17 19 23 24 27 28 29 30 32 33 35 36 37 39 49 51 55 56 57 58 59 62 69 71 72 79 83 87 89 92 93 98 Objectives: 0.0 0.0 0.0 Constraints: 	AlgorithmAttributes: {}
,Variables: -1 -1 -1 -1 -1 -1 -1 -1 -1 -1 -1 -1 -1 -1 -1 -1 -1 -1 -1 -1 -1 -1 -1 -1 -1 -1 -1 -1 -1 -1 -1 -1 -1 -1 -1 -1 -1 -1 -1 -1 -1 -1 -1 -1 -1 -1 -1 -1 -1 -1 -1 -1 -1 -1 -1 -1 -1 -1 -1 -1 -1 -1 -1 -1 -1 -1 -1 -1 -1 -1 -1 -1 -1 -1 -1 -1 -1 -1 -1 -1 -1 -1 -1 -1 -1 -1 -1 -1 -1 -1 -1 -1 -1 7 17 21 34 42 95 98 Objectives: 0.0 0.0 0.0 Constraints: 	AlgorithmAttributes: {}

Variables: -1 -1 -1 -1 -1 -1 -1 -1 -1 -1 -1 -1 -1 -1 -1 -1 -1 -1 -1 -1 -1 -1 -1 -1 -1 -1 -1 -1 -1 -1 -1 -1 -1 -1 -1 -1 -1 -1 -1 -1 -1 -1 -1 -1 -1 -1 -1 -1 -1 -1 -1 -1 -1 -1 -1 -1 -1 4 5 6 7 8 14 15 19 20 23 25 26 28 29 30 31 32 33 38 40 41 43 44 45 46 48 55 56 57 60 61 63 64 70 74 76 77 80 81 86 89 92 97 Objectives: 0.0 0.0 0.0 Constraints: 	AlgorithmAttributes: {}
,Variables: -1 -1 -1 -1 -1 -1 -1 -1 -1 -1 -1 -1 -1 -1 -1 -1 -1 -1 -1 -1 -1 -1 -1 -1 -1 -1 -1 -1 -1 -1 -1 -1 -1 -1 -1 -1 -1 -1 -1 -1 -1 -1 -1 -1 -1 -1 -1 -1 -1 -1 -1 -1 -1 -1 -1 -1 -1 -1 -1 -1 -1 -1 -1 -1 -1 -1 -1 -1 -1 -1 -1 -1 -1 -1 -1 -1 -1 -1 -1 -1 -1 -1 -1 -1 -1 -1 -1 -1 -1 -1 -1 -1 -1 -1 -1 80 81 82 94 96 Objectives: 0.0 0.0 0.0 Constraints: 	AlgorithmAttributes: {}

Variables: -1 -1 -1 -1 -1 -1 -1 -1 -1 -1 -1 -1 -1 -1 -1 -1 -1 -1 -1 -1 -1 -1 -1 -1 -1 -1 -1 -1 -1 -1 -1 -1 -1 -1 -1 -1 -1 -1 -1 -1 -1 -1 -1 -1 -1 -1 -1 -1 -1 -1 -1 -1 -1 -1 -1 -1 -1 -1 -1 -1 -1 1 2 3 4 6 9 10 13 15 18 22 24 26 28 29 29 30 31 33 35 39 40 43 45 46 49 50 50 55 67 68 75 76 79 84 89 90 92 96 Objectives: 0.0 0.0 0.0 Constraints: 	AlgorithmAttributes: {}
,Variables: -1 -1 -1 -1 -1 -1 -1 -1 -1 -1 -1 -1 -1 -1 -1 -1 -1 -1 -1 -1 -1 -1 -1 -1 -1 -1 -1 -1 -1 -1 -1 -1 -1 -1 -1 -1 -1 -1 -1 -1 -1 -1 -1 -1 -1 -1 -1 -1 -1 -1 -1 -1 -1 -1 -1 -1 -1 -1 -1 -1 -1 -1 -1 -1 -1 -1 -1 -1 -1 -1 -1 -1 -1 -1 -1 -1 -1 -1 -1 -1 -1 -1 -1 -1 -1 -1 2 4 14 39 40 44 49 53 55 60 64 66 74 86 Objectives: 0.0 0.0 0.0 Constraints: 	AlgorithmAttributes: {}

Variables: -1 -1 -1 -1 -1 -1 -1 -1 -1 -1 -1 -1 -1 -1 -1 -1 -1 -1 -1 -1 -1 -1 -1 -1 -1 -1 -1 -1 -1 -1 -1 -1 -1 -1 -1 -1 -1 -1 -1 -1 -1 -1 -1 -1 -1 -1 -1 -1 -1 -1 -1 -1 -1 -1 -1 -1 -1 -1 4 5 7 8 10 12 18 23 24 26 27 28 29 30 33 35 39 40 41 43 52 53 55 60 61 61 64 65 70 71 72 73 77 79 81 83 84 85 87 90 91 95 Objectives: 0.0 0.0 0.0 Constraints: 	AlgorithmAttributes: {}
,Variables: -1 -1 -1 -1 -1 -1 -1 -1 -1 -1 -1 -1 -1 -1 -1 -1 -1 -1 -1 -1 -1 -1 -1 -1 -1 -1 -1 -1 -1 -1 -1 -1 -1 -1 -1 -1 -1 -1 -1 -1 -1 -1 -1 -1 -1 -1 -1 -1 -1 -1 -1 -1 -1 -1 -1 -1 -1 -1 -1 -1 -1 -1 -1 1 3 4 5 7 8 11 23 25 30 31 34 36 37 46 49 50 51 52 54 56 66 68 69 70 76 77 81 83 84 85 86 87 91 93 95 96 Objectives: 0.0 0.0 0.0 Constraints: 	AlgorithmAttributes: {}

Variables: -1 -1 -1 -1 -1 -1 -1 -1 -1 -1 -1 -1 -1 -1 -1 -1 -1 -1 -1 -1 -1 -1 -1 -1 -1 -1 -1 -1 -1 -1 -1 -1 -1 -1 -1 -1 -1 -1 -1 -1 -1 -1 -1 -1 -1 -1 -1 -1 -1 -1 -1 -1 -1 -1 -1 -1 -1 -1 1 3 4 5 6 10 16 19 23 25 29 31 34 36 39 40 41 45 46 48 53 54 55 56 58 60 63 68 72 74 76 78 80 83 84 85 87 90 94 95 98 99 Objectives: 0.0 0.0 0.0 Constraints: 	AlgorithmAttributes: {}
,Variables: -1 -1 -1 -1 -1 -1 -1 -1 -1 -1 -1 -1 -1 -1 -1 -1 -1 -1 -1 -1 -1 -1 -1 -1 -1 -1 -1 -1 -1 -1 -1 -1 -1 -1 -1 -1 -1 -1 -1 -1 -1 -1 -1 -1 -1 -1 -1 -1 -1 -1 -1 -1 -1 -1 -1 -1 -1 -1 -1 -1 -1 -1 -1 -1 -1 -1 -1 -1 -1 -1 -1 -1 -1 -1 -1 -1 -1 -1 -1 -1 -1 -1 -1 -1 -1 -1 46 51 52 58 62 63 65 69 70 74 75 88 92 96 Objectives: 0.0 0.0 0.0 Constraints: 	AlgorithmAttributes: {}

Variables: -1 -1 -1 -1 -1 -1 -1 -1 -1 -1 -1 -1 -1 -1 -1 -1 -1 -1 -1 -1 -1 -1 -1 -1 -1 -1 -1 -1 -1 -1 -1 -1 -1 -1 -1 -1 -1 -1 -1 -1 -1 -1 -1 -1 -1 -1 -1 -1 -1 -1 -1 -1 -1 -1 -1 -1 -1 -1 -1 -1 0 2 3 6 8 9 10 14 16 19 21 23 27 28 29 32 35 36 39 46 47 48 49 51 54 56 63 64 65 71 72 73 77 79 80 87 89 91 95 97 Objectives: 0.0 0.0 0.0 Constraints: 	AlgorithmAttributes: {}
,Variables: -1 -1 -1 -1 -1 -1 -1 -1 -1 -1 -1 -1 -1 -1 -1 -1 -1 -1 -1 -1 -1 -1 -1 -1 -1 -1 -1 -1 -1 -1 -1 -1 -1 -1 -1 -1 -1 -1 -1 -1 -1 -1 -1 -1 -1 -1 -1 -1 -1 -1 -1 -1 -1 -1 -1 -1 -1 -1 -1 -1 -1 -1 -1 -1 -1 -1 -1 -1 -1 -1 -1 -1 -1 -1 -1 -1 -1 -1 -1 -1 -1 -1 -1 -1 -1 -1 -1 -1 -1 69 71 76 77 83 84 86 87 94 95 96 Objectives: 0.0 0.0 0.0 Constraints: 	AlgorithmAttributes: {}

Variables: -1 -1 -1 -1 -1 -1 -1 -1 -1 -1 -1 -1 -1 -1 -1 -1 -1 -1 -1 -1 -1 -1 -1 -1 -1 -1 -1 -1 -1 -1 -1 -1 -1 -1 -1 -1 -1 -1 -1 -1 -1 -1 -1 -1 -1 -1 -1 -1 -1 -1 -1 -1 -1 -1 -1 -1 -1 -1 -1 0 3 6 8 9 9 10 10 11 12 13 14 15 19 21 23 26 28 30 35 36 41 43 44 45 47 49 50 58 59 61 68 71 73 76 78 79 82 83 88 98 Objectives: 0.0 0.0 0.0 Constraints: 	AlgorithmAttributes: {}
,Variables: -1 -1 -1 -1 -1 -1 -1 -1 -1 -1 -1 -1 -1 -1 -1 -1 -1 -1 -1 -1 -1 -1 -1 -1 -1 -1 -1 -1 -1 -1 -1 -1 -1 -1 -1 -1 -1 -1 -1 -1 -1 -1 -1 -1 -1 -1 -1 -1 -1 -1 -1 -1 -1 -1 -1 -1 -1 -1 -1 -1 -1 -1 -1 -1 -1 -1 -1 -1 -1 -1 -1 -1 -1 -1 -1 -1 -1 -1 -1 -1 -1 -1 -1 -1 -1 -1 2 13 24 26 28 31 44 45 54 60 79 83 84 87 Objectives: 0.0 0.0 0.0 Constraints: 	AlgorithmAttributes: {}

Variables: -1 -1 -1 -1 -1 -1 -1 -1 -1 -1 -1 -1 -1 -1 -1 -1 -1 -1 -1 -1 -1 -1 -1 -1 -1 -1 -1 -1 -1 -1 -1 -1 -1 -1 -1 -1 -1 -1 -1 -1 -1 -1 -1 -1 -1 -1 -1 -1 -1 -1 -1 -1 -1 -1 -1 -1 -1 -1 -1 -1 1 2 3 7 8 9 13 14 15 16 17 18 22 23 25 27 32 34 35 39 40 45 46 47 49 51 54 57 64 66 71 72 76 78 82 83 84 85 90 94 Objectives: 0.0 0.0 0.0 Constraints: 	AlgorithmAttributes: {}
,Variables: -1 -1 -1 -1 -1 -1 -1 -1 -1 -1 -1 -1 -1 -1 -1 -1 -1 -1 -1 -1 -1 -1 -1 -1 -1 -1 -1 -1 -1 -1 -1 -1 -1 -1 -1 -1 -1 -1 -1 -1 -1 -1 -1 -1 -1 -1 -1 -1 -1 -1 -1 -1 -1 -1 -1 -1 -1 -1 -1 -1 -1 -1 -1 -1 -1 -1 -1 -1 -1 -1 -1 -1 -1 -1 -1 -1 -1 -1 -1 -1 -1 -1 -1 -1 -1 -1 -1 -1 -1 -1 -1 -1 -1 -1 -1 -1 -1 -1 -1 85 Objectives: 0.0 0.0 0.0 Constraints: 	AlgorithmAttributes: {}

Variables: -1 -1 -1 -1 -1 -1 -1 -1 -1 -1 -1 -1 -1 -1 -1 -1 -1 -1 -1 -1 -1 -1 -1 -1 -1 -1 -1 -1 -1 -1 -1 -1 -1 -1 -1 -1 -1 -1 -1 -1 -1 -1 -1 -1 -1 -1 -1 -1 -1 -1 -1 -1 -1 -1 -1 -1 -1 -1 -1 -1 -1 -1 -1 -1 -1 9 11 13 14 19 23 24 25 26 28 29 33 38 40 41 42 43 45 53 54 55 56 57 59 60 63 64 69 72 74 76 79 80 90 95 Objectives: 0.0 0.0 0.0 Constraints: 	AlgorithmAttributes: {}
,Variables: -1 -1 -1 -1 -1 -1 -1 -1 -1 -1 -1 -1 -1 -1 -1 -1 -1 -1 -1 -1 -1 -1 -1 -1 -1 -1 -1 -1 -1 -1 -1 -1 -1 -1 -1 -1 -1 -1 -1 -1 -1 -1 -1 -1 -1 -1 -1 -1 -1 -1 -1 -1 -1 -1 -1 -1 -1 -1 -1 -1 -1 -1 -1 -1 -1 -1 -1 -1 -1 -1 -1 -1 -1 -1 -1 -1 -1 -1 -1 -1 -1 -1 -1 -1 -1 -1 -1 -1 -1 -1 -1 -1 -1 -1 -1 0 4 5 94 98 Objectives: 0.0 0.0 0.0 Constraints: 	AlgorithmAttributes: {}

Variables: -1 -1 -1 -1 -1 -1 -1 -1 -1 -1 -1 -1 -1 -1 -1 -1 -1 -1 -1 -1 -1 -1 -1 -1 -1 -1 -1 -1 -1 -1 -1 -1 1 3 4 5 6 7 8 9 10 11 12 13 18 19 22 23 24 25 27 28 31 32 33 34 35 36 38 41 42 43 44 45 46 47 48 50 52 53 54 55 56 59 62 64 65 68 69 72 74 75 76 77 78 79 81 82 84 85 87 88 89 90 92 93 94 95 96 99 Objectives: 0.0 0.0 0.0 Constraints: 	AlgorithmAttributes: {}
,Variables: -1 -1 -1 -1 -1 -1 -1 -1 -1 -1 -1 -1 -1 -1 -1 -1 -1 -1 -1 -1 -1 -1 -1 -1 -1 -1 -1 -1 -1 -1 -1 -1 -1 -1 -1 -1 -1 -1 -1 0 1 3 4 13 14 16 17 19 21 22 23 24 27 28 29 30 31 32 33 34 35 36 38 39 40 41 45 46 48 49 50 54 55 59 60 61 65 66 67 68 71 72 73 74 76 77 78 79 80 81 83 86 89 90 91 93 95 96 97 99 Objectives: 0.0 0.0 0.0 Constraints: 	AlgorithmAttributes: {}

Variables: -1 -1 -1 -1 -1 -1 -1 -1 -1 -1 -1 -1 -1 -1 -1 -1 -1 -1 -1 -1 -1 -1 -1 -1 -1 -1 -1 -1 -1 -1 -1 -1 -1 -1 -1 -1 -1 -1 -1 -1 -1 -1 -1 -1 -1 -1 -1 -1 -1 -1 -1 -1 -1 -1 -1 -1 -1 -1 -1 -1 1 3 6 7 8 14 17 19 21 23 24 25 26 27 31 36 37 39 42 43 49 57 61 62 65 69 70 71 72 74 77 80 83 84 86 87 88 89 89 90 Objectives: 0.0 0.0 0.0 Constraints: 	AlgorithmAttributes: {}
,Variables: -1 -1 -1 -1 -1 -1 -1 -1 -1 -1 -1 -1 -1 -1 -1 -1 -1 -1 -1 -1 -1 -1 -1 -1 -1 -1 -1 -1 -1 -1 -1 -1 -1 -1 -1 -1 -1 -1 -1 -1 -1 -1 -1 -1 -1 -1 -1 -1 -1 -1 -1 -1 -1 -1 -1 -1 -1 -1 -1 -1 -1 -1 -1 -1 -1 -1 -1 -1 -1 -1 -1 -1 -1 -1 -1 -1 -1 -1 -1 -1 -1 -1 -1 -1 -1 -1 -1 -1 0 1 4 5 50 59 77 78 80 81 85 93 Objectives: 0.0 0.0 0.0 Constraints: 	AlgorithmAttributes: {}

Variables: -1 -1 -1 -1 -1 -1 -1 -1 -1 -1 -1 -1 -1 -1 -1 -1 -1 -1 -1 -1 -1 -1 -1 -1 -1 -1 -1 -1 -1 -1 -1 -1 -1 -1 -1 -1 -1 -1 -1 -1 -1 -1 -1 -1 -1 -1 -1 -1 -1 -1 -1 -1 -1 -1 -1 -1 -1 0 4 5 6 7 14 15 17 19 25 26 27 28 31 32 33 35 37 38 40 41 42 43 44 46 48 50 54 56 57 59 61 69 70 73 79 82 88 89 90 92 95 96 Objectives: 0.0 0.0 0.0 Constraints: 	AlgorithmAttributes: {}
,Variables: -1 -1 -1 -1 -1 -1 -1 -1 -1 -1 -1 -1 -1 -1 -1 -1 -1 -1 -1 -1 -1 -1 -1 -1 -1 -1 -1 -1 -1 -1 -1 -1 -1 -1 -1 -1 -1 -1 -1 -1 -1 -1 -1 -1 -1 -1 -1 -1 -1 -1 -1 -1 -1 -1 -1 -1 -1 -1 -1 -1 -1 -1 -1 -1 -1 -1 -1 -1 -1 -1 -1 -1 -1 -1 -1 -1 -1 -1 -1 -1 -1 -1 -1 -1 -1 -1 -1 -1 -1 -1 -1 -1 -1 -1 -1 -1 89 93 94 97 Objectives: 0.0 0.0 0.0 Constraints: 	AlgorithmAttributes: {}

Variables: -1 -1 -1 -1 -1 -1 -1 -1 -1 -1 -1 -1 -1 -1 -1 -1 -1 -1 -1 -1 -1 -1 -1 -1 -1 -1 -1 -1 -1 -1 -1 -1 -1 -1 -1 -1 -1 -1 -1 -1 -1 -1 -1 -1 -1 -1 -1 -1 -1 -1 -1 -1 -1 -1 -1 -1 -1 -1 -1 -1 -1 2 4 5 5 7 8 9 10 12 14 21 22 23 25 26 26 27 27 28 28 28 30 32 32 34 36 38 38 39 41 41 42 42 43 45 46 47 57 75 Objectives: 0.0 0.0 0.0 Constraints: 	AlgorithmAttributes: {}
,Variables: -1 -1 -1 -1 -1 -1 -1 -1 -1 -1 -1 -1 -1 -1 -1 -1 -1 -1 -1 -1 -1 -1 -1 -1 -1 -1 -1 -1 -1 -1 -1 -1 -1 -1 -1 -1 -1 -1 -1 -1 -1 -1 -1 -1 -1 -1 -1 -1 -1 -1 -1 -1 -1 -1 -1 -1 -1 -1 -1 -1 -1 -1 -1 -1 -1 -1 -1 -1 -1 -1 -1 -1 -1 -1 -1 -1 -1 -1 -1 -1 -1 -1 -1 1 2 3 5 7 11 18 24 31 32 38 40 45 47 48 49 56 Objectives: 0.0 0.0 0.0 Constraints: 	AlgorithmAttributes: {}

Variables: -1 -1 -1 -1 -1 -1 -1 -1 -1 -1 -1 -1 -1 -1 -1 -1 -1 -1 -1 -1 -1 -1 -1 -1 -1 -1 -1 -1 -1 -1 -1 -1 -1 -1 -1 -1 -1 -1 -1 -1 -1 -1 -1 -1 -1 -1 -1 -1 -1 -1 -1 -1 -1 -1 -1 -1 -1 -1 -1 -1 -1 -1 -1 -1 -1 -1 -1 -1 -1 -1 -1 -1 0 1 3 6 9 11 14 17 18 19 21 26 31 35 36 38 39 41 42 47 49 50 52 53 68 80 90 93 Objectives: 0.0 0.0 0.0 Constraints: 	AlgorithmAttributes: {}
,Variables: -1 -1 -1 -1 -1 -1 -1 -1 -1 -1 -1 -1 -1 -1 -1 -1 -1 -1 -1 -1 -1 -1 -1 -1 -1 -1 -1 -1 -1 -1 -1 -1 -1 -1 -1 -1 -1 -1 -1 -1 -1 -1 -1 -1 -1 -1 -1 -1 -1 -1 -1 -1 -1 -1 -1 -1 -1 -1 -1 -1 -1 -1 -1 -1 -1 -1 -1 -1 -1 -1 -1 -1 -1 -1 -1 -1 -1 -1 -1 -1 -1 -1 -1 -1 -1 -1 -1 -1 -1 -1 -1 -1 -1 -1 -1 -1 -1 -1 -1 83 Objectives: 0.0 0.0 0.0 Constraints: 	AlgorithmAttributes: {}

Variables: -1 -1 -1 -1 -1 -1 -1 -1 -1 -1 -1 -1 -1 -1 -1 -1 -1 -1 -1 -1 -1 -1 -1 -1 -1 -1 -1 -1 -1 -1 -1 -1 -1 -1 -1 -1 -1 -1 -1 -1 -1 -1 -1 -1 -1 -1 -1 -1 -1 -1 -1 -1 -1 -1 -1 -1 -1 -1 -1 -1 -1 -1 -1 -1 -1 -1 -1 -1 -1 -1 -1 -1 -1 -1 -1 -1 -1 -1 -1 -1 -1 -1 -1 -1 -1 -1 -1 -1 4 5 21 35 46 50 54 56 67 74 90 92 Objectives: 0.0 0.0 0.0 Constraints: 	AlgorithmAttributes: {}
,Variables: -1 -1 -1 -1 -1 -1 -1 -1 -1 -1 -1 -1 -1 -1 -1 -1 -1 -1 -1 -1 -1 -1 -1 -1 -1 -1 -1 -1 -1 -1 -1 -1 -1 -1 -1 -1 -1 -1 -1 -1 -1 -1 -1 -1 -1 -1 -1 -1 -1 -1 -1 -1 -1 -1 -1 -1 1 2 6 11 14 17 19 23 24 31 33 34 35 37 38 40 44 46 49 50 52 53 56 58 60 61 64 65 67 69 70 72 75 77 79 81 86 89 91 92 93 94 97 98 Objectives: 0.0 0.0 0.0 Constraints: 	AlgorithmAttributes: {}

Variables: -1 -1 -1 -1 -1 -1 -1 -1 -1 -1 -1 -1 -1 -1 -1 -1 -1 -1 -1 -1 -1 -1 -1 -1 -1 -1 -1 -1 -1 -1 -1 -1 -1 -1 -1 -1 -1 -1 -1 -1 -1 -1 -1 -1 -1 -1 -1 -1 -1 -1 -1 -1 -1 4 5 10 12 14 17 21 23 25 26 28 29 32 35 40 41 42 43 44 45 48 49 50 52 53 54 55 56 60 61 62 63 67 71 73 76 77 79 82 83 84 86 93 94 96 97 99 Objectives: 0.0 0.0 0.0 Constraints: 	AlgorithmAttributes: {}
,Variables: -1 -1 -1 -1 -1 -1 -1 -1 -1 -1 -1 -1 -1 -1 -1 -1 -1 -1 -1 -1 -1 -1 -1 -1 -1 -1 -1 -1 -1 -1 -1 -1 -1 -1 -1 -1 -1 -1 -1 -1 -1 -1 -1 -1 -1 -1 -1 -1 -1 -1 -1 -1 -1 -1 -1 -1 -1 -1 -1 -1 -1 -1 -1 -1 -1 -1 -1 -1 -1 -1 -1 1 5 6 12 13 15 18 20 22 23 27 28 29 30 32 35 41 44 45 48 50 70 80 81 83 87 93 95 98 Objectives: 0.0 0.0 0.0 Constraints: 	AlgorithmAttributes: {}

Variables: -1 -1 -1 -1 -1 -1 -1 -1 -1 -1 -1 -1 -1 -1 -1 -1 -1 -1 -1 -1 -1 -1 -1 -1 -1 -1 -1 -1 -1 -1 -1 -1 -1 -1 -1 -1 -1 -1 -1 -1 -1 -1 -1 -1 -1 -1 -1 -1 -1 -1 -1 -1 -1 -1 -1 -1 2 5 7 10 12 13 14 17 18 19 21 24 25 26 27 32 33 38 41 42 44 47 48 50 51 52 54 55 56 61 64 65 69 70 71 77 80 83 85 90 91 94 96 97 Objectives: 0.0 0.0 0.0 Constraints: 	AlgorithmAttributes: {}
,Variables: -1 -1 -1 -1 -1 -1 -1 -1 -1 -1 -1 -1 -1 -1 -1 -1 -1 -1 -1 -1 -1 -1 -1 -1 -1 -1 -1 -1 -1 -1 -1 -1 -1 -1 -1 -1 -1 -1 -1 -1 -1 -1 -1 -1 -1 -1 -1 -1 -1 -1 -1 -1 -1 -1 -1 -1 -1 -1 -1 -1 -1 -1 -1 -1 -1 5 7 10 11 12 16 17 18 21 29 34 35 36 37 43 44 46 50 56 58 60 65 66 69 72 74 75 76 77 80 82 86 87 88 95 Objectives: 0.0 0.0 0.0 Constraints: 	AlgorithmAttributes: {}

Variables: -1 -1 -1 -1 -1 -1 -1 -1 -1 -1 -1 -1 -1 -1 -1 -1 -1 -1 -1 -1 -1 -1 -1 -1 -1 -1 -1 -1 -1 -1 -1 -1 -1 -1 -1 -1 -1 -1 -1 -1 -1 -1 -1 -1 -1 -1 -1 -1 -1 -1 -1 -1 -1 -1 -1 -1 -1 -1 -1 -1 4 7 8 9 10 12 14 15 19 21 21 23 24 26 26 28 30 31 32 34 35 37 40 44 47 54 59 60 61 62 66 68 70 74 75 80 96 97 98 99 Objectives: 0.0 0.0 0.0 Constraints: 	AlgorithmAttributes: {}
,Variables: -1 -1 -1 -1 -1 -1 -1 -1 -1 -1 -1 -1 -1 -1 -1 -1 -1 -1 -1 -1 -1 -1 -1 -1 -1 -1 -1 -1 -1 -1 -1 -1 -1 -1 -1 -1 -1 -1 -1 -1 -1 -1 -1 -1 -1 -1 -1 -1 -1 -1 -1 -1 -1 -1 -1 -1 -1 -1 -1 -1 -1 -1 -1 -1 -1 -1 -1 -1 -1 -1 -1 -1 -1 -1 -1 -1 -1 -1 -1 -1 -1 -1 -1 -1 -1 -1 -1 -1 -1 -1 -1 -1 -1 -1 -1 -1 -1 -1 2 31 Objectives: 0.0 0.0 0.0 Constraints: 	AlgorithmAttributes: {}

Variables: -1 -1 -1 -1 -1 -1 -1 -1 -1 -1 -1 -1 -1 -1 -1 -1 -1 -1 -1 -1 -1 -1 -1 -1 -1 -1 -1 -1 -1 -1 -1 -1 -1 -1 -1 -1 -1 -1 -1 -1 -1 -1 -1 -1 -1 -1 -1 -1 -1 -1 -1 -1 -1 -1 -1 -1 -1 -1 -1 -1 -1 -1 0 6 10 12 13 16 17 21 22 23 25 26 27 29 31 33 37 41 46 50 51 53 56 58 60 67 69 70 71 79 80 81 83 84 86 87 89 97 Objectives: 0.0 0.0 0.0 Constraints: 	AlgorithmAttributes: {}
,Variables: -1 -1 -1 -1 -1 -1 -1 -1 -1 -1 -1 -1 -1 -1 -1 -1 -1 -1 -1 -1 -1 -1 -1 -1 -1 -1 -1 -1 -1 -1 -1 -1 -1 -1 -1 -1 -1 -1 -1 -1 -1 -1 -1 -1 -1 -1 -1 -1 -1 -1 -1 -1 -1 -1 -1 -1 -1 -1 -1 -1 -1 -1 -1 -1 -1 -1 -1 -1 -1 -1 -1 -1 -1 -1 -1 -1 -1 -1 -1 -1 -1 -1 -1 -1 -1 -1 -1 -1 -1 -1 -1 4 69 73 76 81 82 85 88 90 Objectives: 0.0 0.0 0.0 Constraints: 	AlgorithmAttributes: {}

Variables: -1 -1 -1 -1 -1 -1 -1 -1 -1 -1 -1 -1 -1 -1 -1 -1 -1 -1 -1 -1 -1 -1 -1 -1 -1 -1 -1 -1 -1 -1 -1 -1 -1 -1 -1 -1 -1 -1 -1 -1 -1 -1 -1 -1 -1 -1 -1 -1 -1 -1 -1 -1 -1 -1 -1 -1 -1 -1 -1 -1 -1 -1 -1 -1 1 5 6 10 13 15 16 19 22 23 25 26 28 28 35 37 38 41 43 44 47 47 52 54 58 59 62 63 70 74 79 85 90 92 97 99 Objectives: 0.0 0.0 0.0 Constraints: 	AlgorithmAttributes: {}
,Variables: -1 -1 -1 -1 -1 -1 -1 -1 -1 -1 -1 -1 -1 -1 -1 -1 -1 -1 -1 -1 -1 -1 -1 -1 -1 -1 -1 -1 -1 -1 -1 -1 -1 -1 -1 -1 -1 -1 -1 -1 -1 -1 -1 -1 -1 -1 -1 -1 -1 -1 -1 -1 -1 -1 -1 -1 -1 -1 -1 -1 -1 -1 -1 -1 -1 -1 -1 -1 -1 -1 -1 -1 -1 -1 -1 -1 -1 -1 -1 -1 -1 -1 -1 -1 -1 -1 -1 -1 -1 -1 -1 -1 -1 -1 -1 -1 -1 -1 -1 97 Objectives: 0.0 0.0 0.0 Constraints: 	AlgorithmAttributes: {}

Variables: -1 -1 -1 -1 -1 -1 -1 -1 -1 -1 -1 -1 -1 -1 -1 -1 -1 -1 -1 -1 -1 -1 -1 -1 -1 -1 -1 -1 -1 -1 -1 -1 -1 -1 -1 -1 -1 -1 -1 -1 -1 -1 -1 -1 -1 -1 -1 -1 -1 -1 -1 -1 -1 -1 -1 -1 -1 -1 -1 -1 -1 -1 -1 -1 -1 -1 -1 -1 -1 -1 -1 -1 -1 -1 -1 -1 -1 -1 -1 -1 -1 0 1 4 5 9 11 13 26 28 53 58 64 67 70 74 76 81 85 97 Objectives: 0.0 0.0 0.0 Constraints: 	AlgorithmAttributes: {}
,Variables: -1 -1 -1 -1 -1 -1 -1 -1 -1 -1 -1 -1 -1 -1 -1 -1 -1 -1 -1 -1 -1 -1 -1 -1 -1 -1 -1 -1 -1 -1 -1 -1 -1 -1 -1 -1 -1 -1 -1 -1 -1 -1 -1 -1 -1 -1 -1 -1 -1 -1 -1 -1 -1 -1 -1 -1 -1 -1 -1 -1 -1 -1 -1 -1 -1 -1 -1 -1 -1 -1 -1 -1 -1 -1 -1 -1 -1 -1 -1 -1 -1 -1 -1 -1 -1 -1 -1 -1 -1 -1 -1 -1 -1 -1 -1 -1 -1 -1 -1 80 Objectives: 0.0 0.0 0.0 Constraints: 	AlgorithmAttributes: {}

Variables: -1 -1 -1 -1 -1 -1 -1 -1 -1 -1 -1 -1 -1 -1 -1 -1 -1 -1 -1 -1 -1 -1 -1 -1 -1 -1 -1 -1 -1 -1 -1 -1 -1 -1 -1 -1 -1 -1 -1 -1 -1 -1 -1 -1 -1 -1 -1 -1 -1 -1 -1 -1 -1 -1 -1 -1 -1 -1 -1 -1 1 4 5 6 11 14 16 17 18 21 22 26 28 30 32 36 41 43 45 47 48 52 53 55 57 58 62 63 65 67 68 69 70 79 81 83 86 91 92 93 Objectives: 0.0 0.0 0.0 Constraints: 	AlgorithmAttributes: {}
,Variables: -1 -1 -1 -1 -1 -1 -1 -1 -1 -1 -1 -1 -1 -1 -1 -1 -1 -1 -1 -1 -1 -1 -1 -1 -1 -1 -1 -1 -1 -1 -1 -1 -1 -1 -1 -1 -1 -1 -1 -1 -1 -1 -1 -1 -1 -1 -1 -1 -1 -1 -1 -1 -1 -1 -1 -1 -1 -1 -1 -1 -1 -1 -1 -1 -1 -1 -1 -1 -1 -1 -1 -1 -1 -1 -1 -1 -1 -1 -1 -1 -1 -1 -1 -1 -1 -1 -1 -1 -1 -1 5 10 15 45 48 58 59 81 91 96 Objectives: 0.0 0.0 0.0 Constraints: 	AlgorithmAttributes: {}

Variables: -1 -1 -1 -1 -1 -1 -1 -1 -1 -1 -1 -1 -1 -1 -1 -1 -1 -1 -1 -1 -1 -1 -1 -1 -1 -1 -1 -1 -1 -1 -1 -1 -1 -1 -1 -1 -1 -1 -1 -1 -1 -1 -1 -1 -1 -1 -1 -1 -1 -1 -1 -1 -1 -1 -1 -1 -1 -1 -1 0 4 7 8 9 12 13 14 15 19 21 22 27 29 31 33 38 40 43 44 45 50 52 53 56 58 58 59 60 61 65 66 67 68 69 70 71 79 80 83 86 Objectives: 0.0 0.0 0.0 Constraints: 	AlgorithmAttributes: {}
,Variables: -1 -1 -1 -1 -1 -1 -1 -1 -1 -1 -1 -1 -1 -1 -1 -1 -1 -1 -1 -1 -1 -1 -1 -1 -1 -1 -1 -1 -1 -1 -1 -1 -1 -1 -1 -1 -1 -1 -1 -1 -1 -1 -1 -1 -1 -1 -1 -1 -1 -1 -1 -1 -1 -1 -1 -1 -1 -1 -1 -1 -1 -1 -1 -1 -1 -1 -1 -1 -1 -1 -1 -1 -1 -1 -1 -1 -1 -1 -1 -1 -1 -1 -1 -1 -1 -1 -1 -1 -1 -1 -1 -1 -1 -1 -1 -1 -1 76 85 88 Objectives: 0.0 0.0 0.0 Constraints: 	AlgorithmAttributes: {}

Variables: -1 -1 -1 -1 -1 -1 -1 -1 -1 -1 -1 -1 -1 -1 -1 -1 -1 -1 -1 -1 -1 -1 -1 -1 -1 -1 -1 -1 -1 -1 -1 -1 -1 -1 -1 -1 -1 -1 -1 -1 -1 -1 -1 -1 -1 -1 -1 -1 -1 -1 -1 -1 -1 -1 -1 -1 -1 -1 -1 -1 -1 -1 -1 -1 -1 -1 1 3 4 6 8 9 11 13 15 19 20 23 24 25 29 32 33 34 35 41 43 44 45 46 48 56 57 60 63 70 74 77 81 89 Objectives: 0.0 0.0 0.0 Constraints: 	AlgorithmAttributes: {}
,Variables: -1 -1 -1 -1 -1 -1 -1 -1 -1 -1 -1 -1 -1 -1 -1 -1 -1 -1 -1 -1 -1 -1 -1 -1 -1 -1 -1 -1 -1 -1 -1 -1 -1 -1 -1 -1 -1 -1 -1 -1 -1 -1 -1 -1 -1 -1 -1 -1 -1 -1 -1 -1 -1 -1 -1 -1 -1 -1 -1 -1 -1 -1 -1 -1 -1 -1 -1 -1 -1 -1 -1 -1 -1 -1 -1 -1 -1 -1 -1 -1 -1 -1 -1 -1 -1 -1 -1 -1 -1 -1 -1 -1 -1 -1 -1 -1 -1 -1 81 96 Objectives: 0.0 0.0 0.0 Constraints: 	AlgorithmAttributes: {}

Variables: -1 -1 -1 -1 -1 -1 -1 -1 -1 -1 -1 -1 -1 -1 -1 -1 -1 -1 -1 -1 -1 -1 -1 -1 -1 -1 -1 -1 -1 -1 -1 -1 -1 -1 -1 -1 -1 -1 -1 -1 -1 -1 -1 -1 -1 -1 -1 -1 -1 -1 -1 -1 -1 -1 -1 -1 -1 -1 1 2 5 8 11 14 15 16 21 22 23 23 24 25 27 28 28 29 29 32 32 33 35 36 39 41 42 44 45 49 49 52 58 59 62 69 79 83 87 89 92 93 Objectives: 0.0 0.0 0.0 Constraints: 	AlgorithmAttributes: {}
,Variables: -1 -1 -1 -1 -1 -1 -1 -1 -1 -1 -1 -1 -1 -1 -1 -1 -1 -1 -1 -1 -1 -1 -1 -1 -1 -1 -1 -1 -1 -1 -1 -1 -1 -1 -1 -1 -1 -1 -1 -1 -1 -1 -1 -1 -1 -1 -1 -1 -1 -1 -1 -1 -1 -1 -1 -1 -1 -1 -1 -1 -1 -1 -1 -1 -1 -1 -1 -1 -1 -1 -1 -1 -1 -1 -1 -1 -1 -1 -1 -1 -1 -1 -1 -1 -1 -1 -1 -1 -1 -1 -1 -1 -1 -1 -1 -1 -1 7 21 98 Objectives: 0.0 0.0 0.0 Constraints: 	AlgorithmAttributes: {}

Variables: -1 -1 -1 -1 -1 -1 -1 -1 -1 -1 -1 -1 -1 -1 -1 -1 -1 -1 -1 -1 -1 -1 -1 -1 -1 -1 -1 -1 -1 -1 -1 -1 -1 -1 -1 -1 -1 -1 -1 -1 -1 -1 -1 -1 -1 -1 -1 -1 -1 -1 -1 -1 -1 -1 -1 -1 0 4 5 7 12 14 17 18 19 21 22 23 26 27 29 30 33 34 35 38 39 40 42 44 45 48 50 53 55 62 63 67 70 71 73 75 76 80 83 86 89 90 95 98 Objectives: 0.0 0.0 0.0 Constraints: 	AlgorithmAttributes: {}
,Variables: -1 -1 -1 -1 -1 -1 -1 -1 -1 -1 -1 -1 -1 -1 -1 -1 -1 -1 -1 -1 -1 -1 -1 -1 -1 -1 -1 -1 -1 -1 -1 -1 -1 -1 -1 -1 -1 -1 -1 -1 -1 -1 -1 -1 -1 -1 -1 -1 -1 -1 -1 -1 -1 -1 -1 -1 -1 -1 -1 -1 -1 -1 -1 1 2 5 6 10 12 13 18 21 24 31 32 37 38 39 40 45 46 49 52 53 56 58 60 61 64 69 75 77 85 89 92 94 95 96 97 98 Objectives: 0.0 0.0 0.0 Constraints: 	AlgorithmAttributes: {}

Variables: -1 -1 -1 -1 -1 -1 -1 -1 -1 -1 -1 -1 -1 -1 -1 -1 -1 -1 -1 -1 -1 -1 -1 -1 -1 -1 -1 -1 -1 -1 -1 -1 -1 -1 -1 -1 -1 -1 -1 -1 -1 -1 -1 -1 -1 -1 -1 -1 -1 -1 -1 -1 -1 -1 -1 -1 -1 -1 -1 -1 1 2 3 6 7 9 11 12 15 16 17 23 25 26 35 37 38 39 41 45 47 49 52 54 57 64 66 69 72 74 76 81 82 83 84 87 91 92 93 98 Objectives: 0.0 0.0 0.0 Constraints: 	AlgorithmAttributes: {}
,Variables: -1 -1 -1 -1 -1 -1 -1 -1 -1 -1 -1 -1 -1 -1 -1 -1 -1 -1 -1 -1 -1 -1 -1 -1 -1 -1 -1 -1 -1 -1 -1 -1 -1 -1 -1 -1 -1 -1 -1 -1 -1 -1 -1 -1 -1 -1 -1 -1 -1 -1 -1 -1 -1 -1 -1 -1 -1 -1 -1 -1 -1 -1 -1 -1 -1 -1 -1 -1 -1 -1 -1 -1 -1 -1 -1 -1 -1 -1 -1 -1 -1 -1 -1 -1 -1 -1 -1 -1 -1 -1 -1 -1 -1 -1 -1 -1 -1 82 83 94 Objectives: 0.0 0.0 0.0 Constraints: 	AlgorithmAttributes: {}

Variables: -1 -1 -1 -1 -1 -1 -1 -1 -1 -1 -1 -1 -1 -1 -1 -1 -1 -1 -1 -1 -1 -1 -1 -1 -1 -1 -1 -1 -1 -1 -1 -1 0 3 4 6 8 9 10 13 14 15 16 17 18 19 20 21 22 23 24 26 28 29 31 32 33 34 35 36 38 39 40 41 42 44 45 46 47 48 49 52 54 56 57 59 60 61 62 63 64 65 66 69 72 73 74 75 77 81 82 83 85 89 92 93 94 95 96 99 Objectives: 0.0 0.0 0.0 Constraints: 	AlgorithmAttributes: {}
,Variables: -1 -1 -1 -1 -1 -1 -1 -1 -1 -1 -1 -1 -1 -1 -1 -1 -1 -1 -1 -1 -1 -1 -1 -1 -1 -1 -1 -1 -1 -1 -1 -1 -1 -1 -1 -1 -1 -1 -1 -1 -1 3 5 6 7 10 11 12 13 14 16 17 18 19 21 22 23 24 25 28 31 32 34 35 37 41 42 44 45 47 49 51 53 55 56 57 58 59 60 61 62 67 69 72 73 75 76 77 80 81 83 84 85 86 87 88 91 92 94 99 Objectives: 0.0 0.0 0.0 Constraints: 	AlgorithmAttributes: {}

Variables: -1 -1 -1 -1 -1 -1 -1 -1 -1 -1 -1 -1 -1 -1 -1 -1 -1 -1 -1 -1 -1 -1 -1 -1 -1 -1 -1 -1 -1 -1 -1 -1 -1 -1 -1 -1 -1 -1 -1 -1 -1 -1 -1 -1 -1 -1 -1 -1 -1 -1 -1 -1 -1 -1 -1 -1 -1 -1 3 4 5 10 13 16 17 19 24 27 28 31 32 36 40 41 46 48 53 54 56 57 58 59 60 62 63 64 67 74 77 78 80 84 85 86 90 91 94 95 96 97 Objectives: 0.0 0.0 0.0 Constraints: 	AlgorithmAttributes: {}
,Variables: -1 -1 -1 -1 -1 -1 -1 -1 -1 -1 -1 -1 -1 -1 -1 -1 -1 -1 -1 -1 -1 -1 -1 -1 -1 -1 -1 -1 -1 -1 -1 -1 -1 -1 -1 -1 -1 -1 -1 -1 -1 -1 -1 -1 -1 -1 -1 -1 -1 -1 -1 -1 -1 -1 -1 -1 -1 -1 -1 -1 -1 -1 -1 -1 -1 -1 -1 -1 -1 -1 -1 -1 -1 -1 -1 -1 -1 -1 -1 -1 -1 -1 -1 -1 -1 -1 -1 -1 -1 -1 -1 -1 -1 -1 -1 52 85 86 92 98 Objectives: 0.0 0.0 0.0 Constraints: 	AlgorithmAttributes: {}

Variables: -1 -1 -1 -1 -1 -1 -1 -1 -1 -1 -1 -1 -1 -1 -1 -1 -1 -1 -1 -1 -1 -1 -1 -1 -1 -1 -1 -1 -1 -1 -1 -1 -1 -1 -1 -1 -1 -1 -1 -1 -1 -1 -1 -1 -1 -1 -1 -1 -1 -1 -1 -1 -1 -1 -1 -1 -1 -1 -1 -1 -1 -1 -1 -1 -1 -1 -1 -1 -1 -1 0 7 9 11 15 18 19 20 29 30 31 32 35 36 38 41 43 44 45 46 53 59 61 64 65 75 77 87 90 92 Objectives: 0.0 0.0 0.0 Constraints: 	AlgorithmAttributes: {}
,Variables: -1 -1 -1 -1 -1 -1 -1 -1 -1 -1 -1 -1 -1 -1 -1 -1 -1 -1 -1 -1 -1 -1 -1 -1 -1 -1 -1 -1 -1 -1 -1 -1 -1 -1 -1 -1 -1 -1 -1 -1 -1 -1 -1 -1 -1 -1 -1 -1 -1 -1 -1 -1 -1 -1 -1 -1 -1 -1 -1 -1 -1 -1 -1 -1 -1 -1 -1 -1 -1 -1 -1 -1 -1 -1 -1 -1 -1 -1 -1 -1 -1 -1 -1 -1 -1 -1 -1 -1 -1 -1 -1 -1 -1 -1 -1 -1 -1 -1 -1 98 Objectives: 0.0 0.0 0.0 Constraints: 	AlgorithmAttributes: {}

Variables: -1 -1 -1 -1 -1 -1 -1 -1 -1 -1 -1 -1 -1 -1 -1 -1 -1 -1 -1 -1 -1 -1 -1 -1 -1 -1 -1 -1 -1 -1 -1 -1 -1 -1 -1 -1 -1 -1 -1 -1 -1 -1 -1 -1 -1 -1 -1 -1 -1 -1 -1 -1 -1 -1 -1 -1 -1 -1 -1 -1 -1 -1 -1 -1 -1 -1 -1 -1 -1 -1 -1 -1 -1 -1 -1 -1 -1 -1 -1 -1 -1 -1 -1 -1 0 9 10 16 19 22 24 25 26 26 27 28 29 30 35 37 Objectives: 0.0 0.0 0.0 Constraints: 	AlgorithmAttributes: {}
,Variables: -1 -1 -1 -1 -1 -1 -1 -1 -1 -1 -1 -1 -1 -1 -1 -1 -1 -1 -1 -1 -1 -1 -1 -1 -1 -1 -1 -1 -1 -1 -1 -1 -1 -1 -1 -1 -1 -1 -1 -1 -1 -1 -1 -1 -1 -1 -1 -1 -1 -1 -1 -1 -1 -1 -1 -1 -1 -1 -1 -1 -1 -1 -1 -1 -1 -1 -1 -1 -1 -1 -1 -1 -1 -1 -1 -1 -1 -1 -1 -1 -1 -1 -1 -1 -1 -1 -1 -1 -1 -1 -1 -1 -1 -1 -1 -1 -1 -1 -1 38 Objectives: 0.0 0.0 0.0 Constraints: 	AlgorithmAttributes: {}

Variables: -1 -1 -1 -1 -1 -1 -1 -1 -1 -1 -1 -1 -1 -1 -1 -1 -1 -1 -1 -1 -1 -1 -1 -1 -1 -1 -1 -1 -1 -1 -1 -1 -1 -1 -1 -1 -1 -1 -1 -1 -1 -1 -1 -1 -1 -1 -1 -1 -1 -1 -1 -1 -1 -1 -1 -1 -1 -1 -1 -1 -1 -1 -1 -1 1 3 8 10 16 19 23 24 27 31 32 34 36 40 41 43 51 54 56 58 58 58 59 60 60 62 62 64 67 80 85 86 90 95 96 97 Objectives: 0.0 0.0 0.0 Constraints: 	AlgorithmAttributes: {}
,Variables: -1 -1 -1 -1 -1 -1 -1 -1 -1 -1 -1 -1 -1 -1 -1 -1 -1 -1 -1 -1 -1 -1 -1 -1 -1 -1 -1 -1 -1 -1 -1 -1 -1 -1 -1 -1 -1 -1 -1 -1 -1 -1 -1 -1 -1 -1 -1 -1 -1 -1 -1 -1 -1 -1 -1 -1 -1 -1 -1 -1 -1 -1 -1 -1 -1 -1 -1 -1 -1 -1 -1 -1 -1 -1 -1 -1 -1 -1 -1 -1 -1 -1 -1 -1 -1 -1 -1 -1 -1 -1 -1 -1 -1 -1 -1 -1 -1 52 86 98 Objectives: 0.0 0.0 0.0 Constraints: 	AlgorithmAttributes: {}

Variables: -1 -1 -1 -1 -1 -1 -1 -1 -1 -1 -1 -1 -1 -1 -1 -1 -1 -1 -1 -1 -1 -1 -1 -1 -1 -1 -1 -1 -1 -1 -1 -1 -1 -1 -1 -1 -1 -1 -1 -1 -1 -1 -1 -1 -1 -1 -1 -1 -1 -1 -1 -1 -1 -1 -1 -1 -1 -1 -1 1 4 6 10 17 20 23 24 25 26 28 37 38 39 40 42 43 48 51 56 58 60 61 62 65 69 70 71 74 77 80 81 83 85 88 89 92 95 96 97 99 Objectives: 0.0 0.0 0.0 Constraints: 	AlgorithmAttributes: {}
,Variables: -1 -1 -1 -1 -1 -1 -1 -1 -1 -1 -1 -1 -1 -1 -1 -1 -1 -1 -1 -1 -1 -1 -1 -1 -1 -1 -1 -1 -1 -1 -1 -1 -1 -1 -1 -1 -1 -1 -1 -1 -1 -1 -1 -1 -1 -1 -1 -1 -1 -1 -1 -1 -1 -1 -1 -1 -1 -1 -1 -1 -1 -1 -1 -1 -1 -1 -1 -1 -1 -1 -1 -1 -1 -1 -1 -1 -1 -1 -1 -1 -1 -1 -1 -1 -1 -1 -1 -1 -1 -1 -1 -1 -1 -1 -1 -1 4 89 90 95 Objectives: 0.0 0.0 0.0 Constraints: 	AlgorithmAttributes: {}

Variables: -1 -1 -1 -1 -1 -1 -1 -1 -1 -1 -1 -1 -1 -1 -1 -1 -1 -1 -1 -1 -1 -1 -1 -1 -1 -1 -1 -1 -1 -1 -1 -1 -1 -1 -1 -1 -1 -1 -1 -1 -1 -1 -1 -1 -1 -1 -1 -1 -1 -1 -1 -1 -1 -1 -1 -1 -1 -1 0 1 3 6 7 14 17 18 19 20 21 23 28 34 37 38 39 40 42 43 48 49 50 51 54 56 58 60 62 70 71 77 80 81 83 87 88 94 95 96 98 99 Objectives: 0.0 0.0 0.0 Constraints: 	AlgorithmAttributes: {}
,Variables: -1 -1 -1 -1 -1 -1 -1 -1 -1 -1 -1 -1 -1 -1 -1 -1 -1 -1 -1 -1 -1 -1 -1 -1 -1 -1 -1 -1 -1 -1 -1 -1 -1 -1 -1 -1 -1 -1 -1 -1 -1 -1 -1 -1 -1 -1 -1 -1 -1 -1 -1 -1 -1 -1 -1 -1 -1 -1 -1 -1 -1 -1 -1 -1 -1 0 1 4 5 8 13 15 16 20 24 28 35 42 45 48 50 55 58 61 62 64 68 70 72 73 76 77 81 83 87 88 89 90 96 97 Objectives: 0.0 0.0 0.0 Constraints: 	AlgorithmAttributes: {}

Variables: -1 -1 -1 -1 -1 -1 -1 -1 -1 -1 -1 -1 -1 -1 -1 -1 -1 -1 -1 -1 -1 -1 -1 -1 -1 -1 -1 -1 -1 -1 -1 -1 -1 -1 -1 -1 -1 -1 -1 -1 -1 -1 -1 -1 -1 -1 -1 -1 -1 -1 -1 -1 -1 -1 -1 -1 -1 -1 -1 -1 -1 -1 -1 -1 -1 -1 -1 -1 -1 4 10 11 13 16 19 23 28 31 36 37 41 43 44 45 47 48 50 51 54 57 58 59 60 61 63 74 84 86 90 94 Objectives: 0.0 0.0 0.0 Constraints: 	AlgorithmAttributes: {}
,Variables: -1 -1 -1 -1 -1 -1 -1 -1 -1 -1 -1 -1 -1 -1 -1 -1 -1 -1 -1 -1 -1 -1 -1 -1 -1 -1 -1 -1 -1 -1 -1 -1 -1 -1 -1 -1 -1 -1 -1 -1 -1 -1 -1 -1 -1 -1 -1 -1 -1 -1 -1 -1 -1 -1 -1 -1 -1 -1 -1 -1 -1 -1 -1 -1 -1 -1 -1 -1 -1 -1 -1 -1 -1 -1 -1 -1 -1 -1 -1 -1 -1 -1 -1 -1 -1 -1 -1 -1 -1 -1 -1 -1 -1 -1 -1 -1 -1 -1 -1 2 Objectives: 0.0 0.0 0.0 Constraints: 	AlgorithmAttributes: {}

Variables: -1 -1 -1 -1 -1 -1 -1 -1 -1 -1 -1 -1 -1 -1 -1 -1 -1 -1 -1 -1 -1 -1 -1 -1 -1 -1 -1 -1 -1 -1 -1 -1 -1 -1 -1 -1 -1 -1 -1 -1 -1 -1 -1 -1 -1 -1 -1 -1 -1 -1 -1 -1 -1 -1 -1 -1 -1 -1 7 10 12 13 14 17 18 19 22 26 27 28 30 32 33 34 38 40 41 43 48 49 52 54 56 60 61 63 64 66 67 70 72 73 75 76 81 83 86 89 96 97 Objectives: 0.0 0.0 0.0 Constraints: 	AlgorithmAttributes: {}
,Variables: -1 -1 -1 -1 -1 -1 -1 -1 -1 -1 -1 -1 -1 -1 -1 -1 -1 -1 -1 -1 -1 -1 -1 -1 -1 -1 -1 -1 -1 -1 -1 -1 -1 -1 -1 -1 -1 -1 -1 -1 -1 -1 -1 -1 -1 -1 -1 -1 -1 -1 -1 -1 -1 -1 -1 -1 -1 -1 -1 -1 -1 -1 -1 -1 -1 -1 -1 -1 -1 -1 -1 -1 -1 -1 -1 -1 -1 -1 -1 -1 -1 -1 -1 -1 -1 -1 -1 -1 -1 -1 -1 83 84 89 90 91 93 94 97 98 Objectives: 0.0 0.0 0.0 Constraints: 	AlgorithmAttributes: {}

Variables: -1 -1 -1 -1 -1 -1 -1 -1 -1 -1 -1 -1 -1 -1 -1 -1 -1 -1 -1 -1 -1 -1 -1 -1 -1 -1 -1 -1 -1 -1 -1 -1 -1 -1 -1 -1 -1 -1 -1 -1 -1 -1 -1 -1 -1 -1 -1 -1 -1 -1 -1 -1 -1 -1 -1 -1 -1 -1 -1 -1 -1 -1 -1 -1 1 4 5 11 15 16 23 24 28 34 36 39 41 45 46 48 48 49 51 54 54 56 56 59 60 62 63 64 66 67 73 75 76 86 89 97 Objectives: 0.0 0.0 0.0 Constraints: 	AlgorithmAttributes: {}
,Variables: -1 -1 -1 -1 -1 -1 -1 -1 -1 -1 -1 -1 -1 -1 -1 -1 -1 -1 -1 -1 -1 -1 -1 -1 -1 -1 -1 -1 -1 -1 -1 -1 -1 -1 -1 -1 -1 -1 -1 -1 -1 -1 -1 -1 -1 -1 -1 -1 -1 -1 -1 -1 -1 -1 -1 -1 -1 -1 -1 -1 -1 -1 -1 -1 -1 -1 -1 -1 -1 -1 -1 -1 -1 -1 -1 -1 -1 -1 -1 -1 -1 -1 -1 -1 -1 -1 -1 -1 -1 -1 -1 -1 -1 -1 83 84 91 93 97 98 Objectives: 0.0 0.0 0.0 Constraints: 	AlgorithmAttributes: {}

Variables: -1 -1 -1 -1 -1 -1 -1 -1 -1 -1 -1 -1 -1 -1 -1 -1 -1 -1 -1 -1 -1 -1 -1 -1 -1 -1 -1 -1 -1 -1 -1 -1 -1 -1 -1 -1 -1 -1 -1 -1 -1 -1 -1 -1 -1 -1 -1 -1 -1 -1 -1 -1 -1 -1 -1 -1 -1 -1 -1 -1 -1 -1 -1 -1 -1 -1 0 1 6 7 8 14 17 18 19 21 25 26 29 33 36 47 49 50 53 56 59 61 64 65 75 77 79 84 86 87 90 92 96 98 Objectives: 0.0 0.0 0.0 Constraints: 	AlgorithmAttributes: {}
,Variables: -1 -1 -1 -1 -1 -1 -1 -1 -1 -1 -1 -1 -1 -1 -1 -1 -1 -1 -1 -1 -1 -1 -1 -1 -1 -1 -1 -1 -1 -1 -1 -1 -1 -1 -1 -1 -1 -1 -1 -1 -1 -1 -1 -1 -1 -1 -1 -1 -1 -1 -1 -1 -1 -1 -1 -1 -1 -1 -1 -1 -1 -1 -1 -1 -1 -1 -1 -1 -1 -1 -1 -1 -1 -1 -1 -1 -1 -1 -1 -1 -1 -1 -1 -1 -1 -1 -1 -1 -1 -1 -1 -1 -1 -1 -1 -1 -1 -1 -1 98 Objectives: 0.0 0.0 0.0 Constraints: 	AlgorithmAttributes: {}

Variables: -1 -1 -1 -1 -1 -1 -1 -1 -1 -1 -1 -1 -1 -1 -1 -1 -1 -1 -1 -1 -1 -1 -1 -1 -1 -1 -1 -1 -1 -1 -1 -1 -1 -1 -1 -1 -1 -1 -1 -1 -1 -1 -1 -1 -1 -1 -1 -1 -1 -1 -1 -1 -1 -1 -1 -1 -1 -1 -1 -1 5 6 8 9 9 12 12 13 14 15 18 22 22 23 24 25 25 27 28 30 40 46 48 49 50 53 57 58 61 65 67 68 73 79 81 82 85 89 90 92 Objectives: 0.0 0.0 0.0 Constraints: 	AlgorithmAttributes: {}
,Variables: -1 -1 -1 -1 -1 -1 -1 -1 -1 -1 -1 -1 -1 -1 -1 -1 -1 -1 -1 -1 -1 -1 -1 -1 -1 -1 -1 -1 -1 -1 -1 -1 -1 -1 -1 -1 -1 -1 -1 -1 -1 -1 -1 -1 -1 -1 -1 -1 -1 -1 -1 -1 -1 -1 -1 -1 -1 -1 -1 -1 -1 -1 -1 -1 -1 -1 -1 -1 -1 -1 -1 -1 -1 -1 -1 -1 -1 -1 -1 -1 -1 -1 -1 -1 -1 -1 -1 -1 -1 -1 -1 -1 -1 -1 -1 -1 39 44 60 64 Objectives: 0.0 0.0 0.0 Constraints: 	AlgorithmAttributes: {}

Variables: -1 -1 -1 -1 -1 -1 -1 -1 -1 -1 -1 -1 -1 -1 -1 -1 -1 -1 -1 -1 -1 -1 -1 -1 -1 -1 -1 -1 -1 -1 -1 -1 -1 -1 -1 -1 -1 -1 -1 -1 -1 -1 -1 -1 -1 -1 -1 -1 -1 -1 -1 -1 -1 -1 -1 -1 -1 -1 -1 0 8 10 11 13 16 18 19 21 24 25 26 27 30 32 35 36 37 43 47 51 52 55 56 58 58 60 62 62 64 64 67 77 80 84 85 86 90 95 96 97 Objectives: 0.0 0.0 0.0 Constraints: 	AlgorithmAttributes: {}
,Variables: -1 -1 -1 -1 -1 -1 -1 -1 -1 -1 -1 -1 -1 -1 -1 -1 -1 -1 -1 -1 -1 -1 -1 -1 -1 -1 -1 -1 -1 -1 -1 -1 -1 -1 -1 -1 -1 -1 -1 -1 -1 -1 -1 -1 -1 -1 -1 -1 -1 -1 -1 -1 -1 -1 -1 -1 -1 -1 -1 -1 -1 -1 -1 -1 -1 -1 -1 -1 -1 -1 -1 -1 -1 -1 -1 -1 -1 -1 -1 -1 -1 -1 -1 -1 -1 -1 -1 -1 -1 -1 -1 -1 -1 -1 -1 -1 52 86 92 98 Objectives: 0.0 0.0 0.0 Constraints: 	AlgorithmAttributes: {}

Variables: -1 -1 -1 -1 -1 -1 -1 -1 -1 -1 -1 -1 -1 -1 -1 -1 -1 -1 -1 -1 -1 -1 -1 -1 -1 -1 -1 -1 -1 -1 -1 -1 -1 -1 -1 -1 -1 -1 -1 -1 -1 -1 -1 -1 -1 -1 -1 -1 -1 -1 -1 -1 -1 -1 -1 -1 -1 -1 -1 -1 -1 2 6 7 10 11 12 16 17 20 22 24 26 28 30 31 34 37 38 39 43 44 46 51 53 55 56 57 58 60 62 65 67 70 71 73 83 86 89 97 Objectives: 0.0 0.0 0.0 Constraints: 	AlgorithmAttributes: {}
,Variables: -1 -1 -1 -1 -1 -1 -1 -1 -1 -1 -1 -1 -1 -1 -1 -1 -1 -1 -1 -1 -1 -1 -1 -1 -1 -1 -1 -1 -1 -1 -1 -1 -1 -1 -1 -1 -1 -1 -1 -1 -1 -1 -1 -1 -1 -1 -1 -1 -1 -1 -1 -1 -1 -1 -1 -1 -1 -1 -1 -1 -1 -1 -1 -1 -1 -1 -1 -1 -1 -1 -1 -1 -1 -1 -1 -1 -1 -1 -1 -1 -1 -1 -1 -1 -1 -1 -1 -1 -1 -1 -1 -1 -1 -1 -1 -1 -1 90 92 96 Objectives: 0.0 0.0 0.0 Constraints: 	AlgorithmAttributes: {}

Variables: -1 -1 -1 -1 -1 -1 -1 -1 -1 -1 -1 -1 -1 -1 -1 -1 -1 -1 -1 -1 -1 -1 -1 -1 -1 -1 -1 -1 -1 -1 -1 -1 -1 -1 -1 -1 -1 -1 -1 -1 -1 -1 -1 -1 -1 -1 -1 -1 -1 -1 -1 -1 -1 -1 -1 -1 -1 -1 -1 -1 -1 -1 1 2 7 8 14 15 16 17 23 24 27 28 29 31 44 47 49 54 57 58 61 62 64 65 66 71 72 73 77 78 79 80 81 87 92 94 96 99 Objectives: 0.0 0.0 0.0 Constraints: 	AlgorithmAttributes: {}
,Variables: -1 -1 -1 -1 -1 -1 -1 -1 -1 -1 -1 -1 -1 -1 -1 -1 -1 -1 -1 -1 -1 -1 -1 -1 -1 -1 -1 -1 -1 -1 -1 -1 -1 -1 -1 -1 -1 -1 -1 -1 -1 -1 -1 -1 -1 -1 -1 -1 -1 -1 -1 -1 -1 -1 -1 -1 -1 -1 -1 -1 -1 -1 -1 -1 -1 -1 -1 -1 -1 -1 -1 -1 -1 -1 -1 -1 -1 -1 -1 -1 -1 -1 -1 -1 -1 -1 60 61 62 63 71 72 77 80 83 85 88 89 95 96 Objectives: 0.0 0.0 0.0 Constraints: 	AlgorithmAttributes: {}

Variables: -1 -1 -1 -1 -1 -1 -1 -1 -1 -1 -1 -1 -1 -1 -1 -1 -1 -1 -1 -1 -1 -1 -1 -1 -1 -1 -1 -1 -1 -1 -1 -1 -1 -1 -1 -1 -1 -1 -1 -1 -1 -1 -1 -1 -1 -1 -1 -1 -1 -1 -1 -1 -1 -1 -1 -1 -1 -1 -1 -1 -1 -1 -1 -1 0 1 3 4 10 13 14 15 18 21 23 26 28 29 35 41 47 48 49 54 58 61 64 67 69 70 73 81 82 85 93 94 95 96 97 99 Objectives: 0.0 0.0 0.0 Constraints: 	AlgorithmAttributes: {}
,Variables: -1 -1 -1 -1 -1 -1 -1 -1 -1 -1 -1 -1 -1 -1 -1 -1 -1 -1 -1 -1 -1 -1 -1 -1 -1 -1 -1 -1 -1 -1 -1 -1 -1 -1 -1 -1 -1 -1 -1 -1 -1 -1 -1 -1 -1 -1 -1 -1 -1 -1 -1 -1 -1 -1 -1 -1 -1 -1 -1 -1 -1 -1 -1 -1 -1 -1 -1 -1 -1 -1 -1 -1 -1 -1 -1 -1 -1 -1 -1 -1 -1 -1 -1 -1 -1 -1 -1 -1 -1 -1 -1 -1 -1 -1 -1 -1 -1 -1 -1 98 Objectives: 0.0 0.0 0.0 Constraints: 	AlgorithmAttributes: {}

Variables: -1 -1 -1 -1 -1 -1 -1 -1 -1 -1 -1 -1 -1 -1 -1 -1 -1 -1 -1 -1 -1 -1 -1 -1 -1 -1 -1 -1 -1 -1 -1 -1 -1 -1 -1 -1 -1 -1 -1 -1 -1 -1 -1 -1 -1 -1 -1 -1 -1 -1 -1 -1 -1 -1 -1 -1 -1 -1 -1 -1 -1 -1 -1 -1 -1 -1 -1 -1 -1 -1 -1 -1 -1 -1 -1 -1 -1 -1 -1 -1 -1 -1 -1 -1 -1 -1 -1 -1 -1 -1 -1 -1 -1 -1 -1 -1 -1 -1 3 26 Objectives: 0.0 0.0 0.0 Constraints: 	AlgorithmAttributes: {}
,Variables: -1 -1 -1 -1 -1 -1 -1 -1 -1 -1 -1 -1 -1 -1 -1 -1 -1 -1 -1 -1 -1 -1 -1 -1 -1 -1 -1 -1 -1 -1 -1 -1 -1 -1 -1 -1 -1 -1 -1 -1 -1 -1 -1 -1 -1 -1 -1 -1 -1 -1 -1 -1 -1 -1 -1 -1 -1 -1 -1 -1 -1 -1 -1 -1 -1 -1 -1 -1 -1 -1 -1 -1 -1 -1 -1 -1 -1 -1 -1 -1 -1 -1 -1 -1 -1 -1 -1 -1 -1 -1 -1 -1 -1 -1 -1 -1 -1 -1 -1 38 Objectives: 0.0 0.0 0.0 Constraints: 	AlgorithmAttributes: {}

Variables: -1 -1 -1 -1 -1 -1 -1 -1 -1 -1 -1 -1 -1 -1 -1 -1 -1 -1 -1 -1 -1 -1 -1 -1 -1 -1 -1 -1 -1 -1 -1 -1 -1 -1 -1 -1 -1 -1 -1 -1 -1 -1 -1 -1 -1 -1 -1 -1 -1 -1 -1 -1 -1 -1 -1 -1 -1 -1 -1 -1 -1 -1 -1 -1 -1 -1 -1 -1 -1 -1 -1 -1 -1 -1 -1 -1 -1 -1 -1 -1 -1 -1 0 6 9 11 14 17 18 19 21 26 31 35 36 38 39 53 80 93 Objectives: 0.0 0.0 0.0 Constraints: 	AlgorithmAttributes: {}
,Variables: -1 -1 -1 -1 -1 -1 -1 -1 -1 -1 -1 -1 -1 -1 -1 -1 -1 -1 -1 -1 -1 -1 -1 -1 -1 -1 -1 -1 -1 -1 -1 -1 -1 -1 -1 -1 -1 -1 -1 -1 -1 -1 -1 -1 -1 -1 -1 -1 -1 -1 -1 -1 -1 -1 -1 -1 -1 -1 -1 -1 -1 -1 -1 -1 -1 -1 -1 -1 -1 -1 -1 -1 -1 -1 -1 -1 -1 -1 -1 -1 -1 -1 -1 -1 -1 -1 -1 -1 -1 -1 -1 -1 -1 -1 -1 -1 -1 -1 -1 83 Objectives: 0.0 0.0 0.0 Constraints: 	AlgorithmAttributes: {}

Variables: -1 -1 -1 -1 -1 -1 -1 -1 -1 -1 -1 -1 -1 -1 -1 -1 -1 -1 -1 -1 -1 -1 -1 -1 -1 -1 -1 -1 -1 -1 -1 -1 -1 -1 -1 -1 -1 -1 -1 -1 -1 -1 -1 -1 -1 -1 -1 -1 -1 -1 -1 -1 -1 -1 -1 -1 -1 -1 -1 -1 -1 -1 -1 -1 -1 -1 -1 -1 -1 -1 -1 -1 -1 -1 -1 -1 -1 -1 -1 -1 -1 -1 -1 5 13 25 26 28 33 43 53 58 67 70 74 76 81 82 85 87 Objectives: 0.0 0.0 0.0 Constraints: 	AlgorithmAttributes: {}
,Variables: -1 -1 -1 -1 -1 -1 -1 -1 -1 -1 -1 -1 -1 -1 -1 -1 -1 -1 -1 -1 -1 -1 -1 -1 -1 -1 -1 -1 -1 -1 -1 -1 -1 -1 -1 -1 -1 -1 -1 -1 -1 -1 -1 -1 -1 -1 -1 -1 -1 -1 -1 -1 -1 -1 -1 -1 -1 -1 -1 -1 -1 -1 -1 -1 -1 -1 -1 -1 -1 -1 -1 -1 -1 -1 -1 -1 -1 -1 -1 -1 -1 -1 -1 -1 -1 -1 -1 -1 -1 -1 -1 -1 -1 -1 -1 -1 -1 -1 -1 80 Objectives: 0.0 0.0 0.0 Constraints: 	AlgorithmAttributes: {}

